ISO-10303-21;
HEADER;
FILE_DESCRIPTION (( 'STEP AP214' ),
    '1' );
FILE_NAME ('CAR_KTRF5_6.3X11_D6.8L12.5S5F0.5.STEP',
    '2021-03-22T15:18:07',
    ( '' ),
    ( '' ),
    'SwSTEP 2.0',
    'SolidWorks 2014',
    '' );
FILE_SCHEMA (( 'AUTOMOTIVE_DESIGN' ));
ENDSEC;

DATA;
#1 = COLOUR_RGB ( '',0.1019607843137254900, 0.1019607843137254900, 0.1019607843137254900 ) ;
#2 = SURFACE_SIDE_STYLE ('',( #2082 ) ) ;
#3 = DIRECTION ( 'NONE',  ( 0.0000000000000000000, -0.004650693823678311300, 0.9999891854650020400 ) ) ;
#4 = VECTOR ( 'NONE', #270, 1000.000000000000100 ) ;
#5 = DIRECTION ( 'NONE',  ( 0.0000000000000000000, 0.2763139702539116900, -0.9610674221107072800 ) ) ;
#6 = MECHANICAL_DESIGN_GEOMETRIC_PRESENTATION_REPRESENTATION (  '', ( #2814 ), #719 ) ;
#7 = CARTESIAN_POINT ( 'NONE',  ( -0.005000000000000000100, 0.4052604870040784600, -0.9623852376079841100 ) ) ;
#8 = ADVANCED_FACE ( 'NONE', ( #1486 ), #919, .F. ) ;
#9 = SURFACE_STYLE_USAGE ( .BOTH. , #3437 ) ;
#10 = VECTOR ( 'NONE', #3420, 999.9999999999998900 ) ;
#11 = PRESENTATION_LAYER_ASSIGNMENT (  '', '', ( #973 ) ) ;
#12 = FACE_OUTER_BOUND ( 'NONE', #393, .T. ) ;
#13 = SURFACE_STYLE_FILL_AREA ( #665 ) ;
#14 = SURFACE_STYLE_FILL_AREA ( #777 ) ;
#15 = DIRECTION ( 'NONE',  ( 0.0000000000000000000, 0.2746918797667243800, -0.9615323037684295700 ) ) ;
#16 = VERTEX_POINT ( 'NONE', #2084 ) ;
#17 = STYLED_ITEM ( 'NONE', ( #845 ), #1413 ) ;
#18 = CARTESIAN_POINT ( 'NONE',  ( -0.005000000000000000100, -0.4011999999999996100, 0.05525489251534962400 ) ) ;
#19 = ORIENTED_EDGE ( 'NONE', *, *, #3097, .F. ) ;
#20 = CARTESIAN_POINT ( 'NONE',  ( 13.61496951332858200, -1.750000000000000400, 3.061616997868383000E-017 ) ) ;
#21 = DIRECTION ( 'NONE',  ( 0.0000000000000000000, 0.0000000000000000000, 1.000000000000000000 ) ) ;
#22 = SURFACE_STYLE_FILL_AREA ( #226 ) ;
#23 = CARTESIAN_POINT ( 'NONE',  ( -0.005000000000000000100, 0.4052604870040784600, -1.089453274747135900 ) ) ;
#24 = DIRECTION ( 'NONE',  ( 1.000000000000000000, 0.0000000000000000000, 0.0000000000000000000 ) ) ;
#25 = EDGE_LOOP ( 'NONE', ( #1589, #163, #716, #3067 ) ) ;
#26 = AXIS2_PLACEMENT_3D ( 'NONE', #1125, #3122, #1406 ) ;
#27 = LINE ( 'NONE', #2506, #104 ) ;
#28 = ORIENTED_EDGE ( 'NONE', *, *, #3525, .T. ) ;
#29 = ORIENTED_EDGE ( 'NONE', *, *, #2666, .T. ) ;
#30 = ORIENTED_EDGE ( 'NONE', *, *, #298, .F. ) ;
#31 = ADVANCED_FACE ( 'NONE', ( #2769 ), #3528, .F. ) ;
#32 = CARTESIAN_POINT ( 'NONE',  ( 0.0000000000000000000, 0.1017263777382557800, 0.9038919667953577700 ) ) ;
#33 = ORIENTED_EDGE ( 'NONE', *, *, #3497, .F. ) ;
#34 = VECTOR ( 'NONE', #1901, 1000.000000000000000 ) ;
#35 = ORIENTED_EDGE ( 'NONE', *, *, #1434, .T. ) ;
#36 = PLANE ( 'NONE',  #2974 ) ;
#37 =( GEOMETRIC_REPRESENTATION_CONTEXT ( 3 ) GLOBAL_UNCERTAINTY_ASSIGNED_CONTEXT ( ( #2236 ) ) GLOBAL_UNIT_ASSIGNED_CONTEXT ( ( #1542, #1257, #1219 ) ) REPRESENTATION_CONTEXT ( 'NONE', 'WORKASPACE' ) );
#38 = EDGE_CURVE ( 'NONE', #1731, #2011, #235, .T. ) ;
#39 = ORIENTED_EDGE ( 'NONE', *, *, #1966, .F. ) ;
#40 = FILL_AREA_STYLE ('',( #1930 ) ) ;
#41 = SURFACE_STYLE_FILL_AREA ( #1147 ) ;
#42 = FILL_AREA_STYLE_COLOUR ( '', #3380 ) ;
#43 = SURFACE_STYLE_USAGE ( .BOTH. , #1193 ) ;
#44 = UNCERTAINTY_MEASURE_WITH_UNIT (LENGTH_MEASURE( 1.000000000000000100E-005 ), #965, 'distance_accuracy_value', 'NONE');
#45 =( NAMED_UNIT ( * ) SI_UNIT ( $, .STERADIAN. ) SOLID_ANGLE_UNIT ( ) );
#46 = FILL_AREA_STYLE_COLOUR ( '', #2570 ) ;
#47 = FACE_OUTER_BOUND ( 'NONE', #255, .T. ) ;
#48 = MECHANICAL_DESIGN_GEOMETRIC_PRESENTATION_REPRESENTATION (  '', ( #3037 ), #1999 ) ;
#49 = DIRECTION ( 'NONE',  ( -1.000000000000000000, 0.0000000000000000000, 0.0000000000000000000 ) ) ;
#50 = APPLICATION_CONTEXT ( 'automotive_design' ) ;
#51 = PRESENTATION_STYLE_ASSIGNMENT (( #1185 ) ) ;
#52 = COLOUR_RGB ( '',0.8980392156862745400, 0.9215686274509803400, 0.9294117647058823800 ) ;
#53 = CARTESIAN_POINT ( 'NONE',  ( -0.005000000000000000100, -0.04733352850003842700, -0.8638121776166222100 ) ) ;
#54 =( NAMED_UNIT ( * ) PLANE_ANGLE_UNIT ( ) SI_UNIT ( $, .RADIAN. ) );
#55 =( NAMED_UNIT ( * ) PLANE_ANGLE_UNIT ( ) SI_UNIT ( $, .RADIAN. ) );
#56 = MECHANICAL_DESIGN_GEOMETRIC_PRESENTATION_REPRESENTATION (  '', ( #2075 ), #768 ) ;
#57 = LINE ( 'NONE', #522, #698 ) ;
#58 = EDGE_CURVE ( 'NONE', #1902, #3639, #1217, .T. ) ;
#59 = VECTOR ( 'NONE', #3691, 1000.000000000000000 ) ;
#60 = DIRECTION ( 'NONE',  ( 0.0000000000000000000, 0.0000000000000000000, -1.000000000000000000 ) ) ;
#61 =( NAMED_UNIT ( * ) PLANE_ANGLE_UNIT ( ) SI_UNIT ( $, .RADIAN. ) );
#62 = EDGE_LOOP ( 'NONE', ( #35, #2512, #386, #3156 ) ) ;
#63 =( NAMED_UNIT ( * ) SI_UNIT ( $, .STERADIAN. ) SOLID_ANGLE_UNIT ( ) );
#64 = CARTESIAN_POINT ( 'NONE',  ( 25.00000000000000000, -2.500000000000000900, 0.0000000000000000000 ) ) ;
#65 = CARTESIAN_POINT ( 'NONE',  ( -0.005000000000000000100, -0.2477704031468527200, -0.4738651069806681900 ) ) ;
#66 = ORIENTED_EDGE ( 'NONE', *, *, #1561, .F. ) ;
#67 = ORIENTED_EDGE ( 'NONE', *, *, #2021, .F. ) ;
#68 = CARTESIAN_POINT ( 'NONE',  ( -0.005000000000000000100, -0.1708852466576474800, 0.02626914903049474800 ) ) ;
#69 = CIRCLE ( 'NONE', #1739, 3.399999999999999900 ) ;
#70 = DIRECTION ( 'NONE',  ( 1.000000000000000000, 4.336808689942017700E-017, 0.0000000000000000000 ) ) ;
#71 = CARTESIAN_POINT ( 'NONE',  ( -0.005000000000000000100, 0.2495479597563773100, 1.791954341669122800 ) ) ;
#72 = VERTEX_POINT ( 'NONE', #3209 ) ;
#73 = PRESENTATION_LAYER_ASSIGNMENT (  '', '', ( #2539 ) ) ;
#74 = DIRECTION ( 'NONE',  ( 0.0000000000000000000, 0.9601763114346036900, 0.2793947940814913700 ) ) ;
#75 = CARTESIAN_POINT ( 'NONE',  ( 10.94211999999999900, 0.0000000000000000000, -3.400000000000002100 ) ) ;
#76 = ORIENTED_EDGE ( 'NONE', *, *, #1586, .T. ) ;
#77 = PRESENTATION_STYLE_ASSIGNMENT (( #427 ) ) ;
#78 = VERTEX_POINT ( 'NONE', #1773 ) ;
#79 = VERTEX_POINT ( 'NONE', #75 ) ;
#80 = DIRECTION ( 'NONE',  ( 0.0000000000000000000, 2.017165790269883400E-016, 1.000000000000000000 ) ) ;
#81 = LINE ( 'NONE', #390, #1515 ) ;
#82 = EDGE_LOOP ( 'NONE', ( #374, #1153 ) ) ;
#83 = PRESENTATION_STYLE_ASSIGNMENT (( #2913 ) ) ;
#84 = FILL_AREA_STYLE ('',( #3266 ) ) ;
#85 = LINE ( 'NONE', #946, #1960 ) ;
#86 = CARTESIAN_POINT ( 'NONE',  ( -0.005000000000000000100, 0.4052604870040784600, -1.354851902307815800 ) ) ;
#87 = MECHANICAL_DESIGN_GEOMETRIC_PRESENTATION_REPRESENTATION (  '', ( #823 ), #2318 ) ;
#88 = FILL_AREA_STYLE ('',( #3219 ) ) ;
#89 = EDGE_CURVE ( 'NONE', #3543, #2037, #2856, .T. ) ;
#90 = DIRECTION ( 'NONE',  ( 0.0000000000000000000, 0.9615825319869141200, 0.2745159998572677100 ) ) ;
#91 = DIRECTION ( 'NONE',  ( 1.000000000000000000, -4.336808689942019000E-017, 0.0000000000000000000 ) ) ;
#92 = CARTESIAN_POINT ( 'NONE',  ( 13.70000000000000100, 1.500000000000000000, 0.0000000000000000000 ) ) ;
#93 = CARTESIAN_POINT ( 'NONE',  ( -0.005000000000000000100, 0.1017533511384345800, -0.8212775797732931900 ) ) ;
#94 = AXIS2_PLACEMENT_3D ( 'NONE', #2028, #1721, #2578 ) ;
#95 = CARTESIAN_POINT ( 'NONE',  ( 0.0000000000000000000, 0.1017533511384346900, -0.4751353088509250900 ) ) ;
#96 = DIRECTION ( 'NONE',  ( 0.0000000000000000000, -2.897571063347024900E-016, -1.000000000000000000 ) ) ;
#97 = CARTESIAN_POINT ( 'NONE',  ( 11.54052000000000100, 4.163799117101000600E-016, -3.399999999999999900 ) ) ;
#98 = ORIENTED_EDGE ( 'NONE', *, *, #422, .T. ) ;
#99 = PRESENTATION_STYLE_ASSIGNMENT (( #3369 ) ) ;
#100 = AXIS2_PLACEMENT_3D ( 'NONE', #2309, #611, #1753 ) ;
#101 = EDGE_CURVE ( 'NONE', #2682, #2866, #1352, .T. ) ;
#102 = VERTEX_POINT ( 'NONE', #2967 ) ;
#103 =( NAMED_UNIT ( * ) SI_UNIT ( $, .STERADIAN. ) SOLID_ANGLE_UNIT ( ) );
#104 = VECTOR ( 'NONE', #1188, 1000.000000000000000 ) ;
#105 = CARTESIAN_POINT ( 'NONE',  ( -0.005000000000000000100, 0.4052604870040784600, -0.9623852376079841100 ) ) ;
#106 = VERTEX_POINT ( 'NONE', #2405 ) ;
#107 =( LENGTH_UNIT ( ) NAMED_UNIT ( * ) SI_UNIT ( .MILLI., .METRE. ) );
#108 = FILL_AREA_STYLE_COLOUR ( '', #2198 ) ;
#109 = VERTEX_POINT ( 'NONE', #2987 ) ;
#110 =( GEOMETRIC_REPRESENTATION_CONTEXT ( 3 ) GLOBAL_UNCERTAINTY_ASSIGNED_CONTEXT ( ( #3489 ) ) GLOBAL_UNIT_ASSIGNED_CONTEXT ( ( #3526, #1210, #2080 ) ) REPRESENTATION_CONTEXT ( 'NONE', 'WORKASPACE' ) );
#111 = CARTESIAN_POINT ( 'NONE',  ( -0.005000000000000000100, -0.4011999999999993300, 1.140223078915931600 ) ) ;
#112 = ORIENTED_EDGE ( 'NONE', *, *, #1545, .T. ) ;
#113 = ORIENTED_EDGE ( 'NONE', *, *, #154, .T. ) ;
#114 = DIRECTION ( 'NONE',  ( 1.000000000000000000, 0.0000000000000000000, 0.0000000000000000000 ) ) ;
#115 = SURFACE_STYLE_USAGE ( .BOTH. , #1839 ) ;
#116 = DIRECTION ( 'NONE',  ( 0.0000000000000000000, 0.0000000000000000000, 1.000000000000000000 ) ) ;
#117 = ORIENTED_EDGE ( 'NONE', *, *, #400, .F. ) ;
#118 = PLANE ( 'NONE',  #2375 ) ;
#119 = LINE ( 'NONE', #1609, #34 ) ;
#120 = ORIENTED_EDGE ( 'NONE', *, *, #614, .T. ) ;
#121 = PRESENTATION_LAYER_ASSIGNMENT (  '', '', ( #2916 ) ) ;
#122 = PRESENTATION_STYLE_ASSIGNMENT (( #1244 ) ) ;
#123 = DIRECTION ( 'NONE',  ( 1.000000000000000000, 4.336808689942017700E-017, 0.0000000000000000000 ) ) ;
#124 = ORIENTED_EDGE ( 'NONE', *, *, #3411, .T. ) ;
#125 = SURFACE_STYLE_FILL_AREA ( #3417 ) ;
#126 = CARTESIAN_POINT ( 'NONE',  ( 13.61496951332858200, 1.750000000000000400, 0.0000000000000000000 ) ) ;
#127 = PRESENTATION_STYLE_ASSIGNMENT (( #757 ) ) ;
#128 = LINE ( 'NONE', #2354, #2521 ) ;
#129 =( BOUNDED_CURVE ( )  B_SPLINE_CURVE ( 3, ( #1085, #1041, #1068, #456 ),
 .UNSPECIFIED., .F., .T. ) 
 B_SPLINE_CURVE_WITH_KNOTS ( ( 4, 4 ),
 ( 1.570796326794896600, 3.141592653589793100 ),
 .UNSPECIFIED. ) 
 CURVE ( )  GEOMETRIC_REPRESENTATION_ITEM ( )  RATIONAL_B_SPLINE_CURVE ( ( 1.000000000000000000, 0.8047378541243649400, 0.8047378541243649400, 1.000000000000000000 ) ) 
 REPRESENTATION_ITEM ( '' )  );
#130 = MANIFOLD_SOLID_BREP ( 'Body-Move/Copy1[2]', #806 ) ;
#131 =( NAMED_UNIT ( * ) SI_UNIT ( $, .STERADIAN. ) SOLID_ANGLE_UNIT ( ) );
#132 = DIRECTION ( 'NONE',  ( -0.0000000000000000000, -0.9984327301130245800, -0.05596501978068204500 ) ) ;
#133 = SURFACE_STYLE_FILL_AREA ( #3373 ) ;
#134 = CARTESIAN_POINT ( 'NONE',  ( 0.0000000000000000000, 0.4052604870040784600, -0.9623852376079841100 ) ) ;
#135 = SURFACE_STYLE_USAGE ( .BOTH. , #454 ) ;
#136 = CARTESIAN_POINT ( 'NONE',  ( 0.0000000000000000000, 0.4052604870040788000, 2.057509906016654200 ) ) ;
#137 = STYLED_ITEM ( 'NONE', ( #99 ), #1673 ) ;
#138 = CARTESIAN_POINT ( 'NONE',  ( 0.0000000000000000000, 0.1017263777382557800, 1.249980290920090600 ) ) ;
#139 = COLOUR_RGB ( '',0.1019607843137254900, 0.1019607843137254900, 0.1019607843137254900 ) ;
#140 = UNCERTAINTY_MEASURE_WITH_UNIT (LENGTH_MEASURE( 1.000000000000000100E-005 ), #796, 'distance_accuracy_value', 'NONE');
#141 = DIRECTION ( 'NONE',  ( 0.0000000000000000000, 0.9612934544747538900, 0.2755265765475162800 ) ) ;
#142 = STYLED_ITEM ( 'NONE', ( #2348 ), #2490 ) ;
#143 = CARTESIAN_POINT ( 'NONE',  ( -0.005000000000000000100, -0.4011999999999999500, -1.194452101232405600 ) ) ;
#144 = LINE ( 'NONE', #1391, #1750 ) ;
#145 = FACE_OUTER_BOUND ( 'NONE', #1313, .T. ) ;
#146 = CARTESIAN_POINT ( 'NONE',  ( -0.005000000000000000100, -0.04733352850003842700, -0.5177189492375647900 ) ) ;
#147 = SURFACE_STYLE_FILL_AREA ( #453 ) ;
#148 = DIRECTION ( 'NONE',  ( 0.0000000000000000000, 2.017165790269883400E-016, 1.000000000000000000 ) ) ;
#149 =( NAMED_UNIT ( * ) PLANE_ANGLE_UNIT ( ) SI_UNIT ( $, .RADIAN. ) );
#150 = VERTEX_POINT ( 'NONE', #649 ) ;
#151 = STYLED_ITEM ( 'NONE', ( #1738 ), #3389 ) ;
#152 = ORIENTED_EDGE ( 'NONE', *, *, #3387, .F. ) ;
#153 =( GEOMETRIC_REPRESENTATION_CONTEXT ( 3 ) GLOBAL_UNCERTAINTY_ASSIGNED_CONTEXT ( ( #3244 ) ) GLOBAL_UNIT_ASSIGNED_CONTEXT ( ( #2635, #2034, #1183 ) ) REPRESENTATION_CONTEXT ( 'NONE', 'WORKASPACE' ) );
#154 = EDGE_CURVE ( 'NONE', #1954, #3639, #594, .T. ) ;
#155 = FILL_AREA_STYLE_COLOUR ( '', #2909 ) ;
#156 = ORIENTED_EDGE ( 'NONE', *, *, #2402, .T. ) ;
#157 = PLANE ( 'NONE',  #3021 ) ;
#158 = DIRECTION ( 'NONE',  ( 1.000000000000000000, 0.0000000000000000000, 0.0000000000000000000 ) ) ;
#159 =( GEOMETRIC_REPRESENTATION_CONTEXT ( 3 ) GLOBAL_UNCERTAINTY_ASSIGNED_CONTEXT ( ( #1122 ) ) GLOBAL_UNIT_ASSIGNED_CONTEXT ( ( #3258, #1298, #3241 ) ) REPRESENTATION_CONTEXT ( 'NONE', 'WORKASPACE' ) );
#160 = CARTESIAN_POINT ( 'NONE',  ( -0.005000000000000000100, 0.1017533511384346900, -0.4751353088509250900 ) ) ;
#161 = SURFACE_SIDE_STYLE ('',( #651 ) ) ;
#162 =( NAMED_UNIT ( * ) SI_UNIT ( $, .STERADIAN. ) SOLID_ANGLE_UNIT ( ) );
#163 = ORIENTED_EDGE ( 'NONE', *, *, #1938, .T. ) ;
#164 = DIRECTION ( 'NONE',  ( 0.0000000000000000000, -4.904393061150106800E-016, -1.000000000000000000 ) ) ;
#165 = ORIENTED_EDGE ( 'NONE', *, *, #2694, .T. ) ;
#166 = ORIENTED_EDGE ( 'NONE', *, *, #1564, .F. ) ;
#167 = STYLED_ITEM ( 'NONE', ( #2726 ), #1748 ) ;
#168 = LINE ( 'NONE', #408, #2933 ) ;
#169 = ORIENTED_EDGE ( 'NONE', *, *, #2462, .T. ) ;
#170 = UNCERTAINTY_MEASURE_WITH_UNIT (LENGTH_MEASURE( 1.000000000000000100E-005 ), #3408, 'distance_accuracy_value', 'NONE');
#171 =( NAMED_UNIT ( * ) PLANE_ANGLE_UNIT ( ) SI_UNIT ( $, .RADIAN. ) );
#172 = CARTESIAN_POINT ( 'NONE',  ( -0.005000000000000000100, 0.2517548742101135000, -0.4101980772080755000 ) ) ;
#173 = LINE ( 'NONE', #953, #2563 ) ;
#174 = STYLED_ITEM ( 'NONE', ( #535 ), #3082 ) ;
#175 = VECTOR ( 'NONE', #2380, 1000.000000000000000 ) ;
#176 = FILL_AREA_STYLE ('',( #2164 ) ) ;
#177 = CIRCLE ( 'NONE', #3089, 0.2500000000000000000 ) ;
#178 = UNCERTAINTY_MEASURE_WITH_UNIT (LENGTH_MEASURE( 1.000000000000000100E-005 ), #2709, 'distance_accuracy_value', 'NONE');
#179 =( LENGTH_UNIT ( ) NAMED_UNIT ( * ) SI_UNIT ( .MILLI., .METRE. ) );
#180 = FILL_AREA_STYLE_COLOUR ( '', #1296 ) ;
#181 = STYLED_ITEM ( 'NONE', ( #2491 ), #580 ) ;
#182 = EDGE_CURVE ( 'NONE', #3412, #2682, #912, .T. ) ;
#183 = DIRECTION ( 'NONE',  ( 0.0000000000000000000, 1.000000000000000000, -2.116196963092781000E-016 ) ) ;
#184 = CARTESIAN_POINT ( 'NONE',  ( 0.0000000000000000000, -0.04733352850003842700, -0.8638121776166222100 ) ) ;
#185 = PLANE ( 'NONE',  #882 ) ;
#186 = CARTESIAN_POINT ( 'NONE',  ( -0.005000000000000000100, 0.4052604870040784600, 0.7628848468199775900 ) ) ;
#187 = VERTEX_POINT ( 'NONE', #2661 ) ;
#188 = EDGE_CURVE ( 'NONE', #102, #1412, #554, .T. ) ;
#189 = PRESENTATION_LAYER_ASSIGNMENT (  '', '', ( #761 ) ) ;
#190 = COLOUR_RGB ( '',0.8941176470588234600, 0.9137254901960784000, 0.9294117647058823800 ) ;
#191 = CARTESIAN_POINT ( 'NONE',  ( -0.005000000000000000100, -0.4011999999999995600, 0.2289292512596815800 ) ) ;
#192 = VERTEX_POINT ( 'NONE', #136 ) ;
#193 = UNCERTAINTY_MEASURE_WITH_UNIT (LENGTH_MEASURE( 1.000000000000000100E-005 ), #1817, 'distance_accuracy_value', 'NONE');
#194 = DIRECTION ( 'NONE',  ( 0.0000000000000000000, 0.0000000000000000000, -1.000000000000000000 ) ) ;
#195 = DIRECTION ( 'NONE',  ( 1.000000000000000000, 0.0000000000000000000, 0.0000000000000000000 ) ) ;
#196 = CARTESIAN_POINT ( 'NONE',  ( -0.005000000000000000100, 0.1017533511384346900, -0.4751353088509250900 ) ) ;
#197 = EDGE_CURVE ( 'NONE', #3245, #850, #1751, .T. ) ;
#198 = ADVANCED_FACE ( 'NONE', ( #145 ), #2903, .T. ) ;
#199 = ORIENTED_EDGE ( 'NONE', *, *, #2030, .T. ) ;
#200 = DIRECTION ( 'NONE',  ( 0.0000000000000000000, -0.004650693823678311300, 0.9999891854650020400 ) ) ;
#201 = DIRECTION ( 'NONE',  ( 0.6097107608496940000, 0.7926239891045988600, 0.0000000000000000000 ) ) ;
#202 = CIRCLE ( 'NONE', #3049, 3.399999999999999900 ) ;
#203 = MECHANICAL_DESIGN_GEOMETRIC_PRESENTATION_REPRESENTATION (  '', ( #2369 ), #1378 ) ;
#204 = EDGE_CURVE ( 'NONE', #559, #2285, #1129, .T. ) ;
#205 = ORIENTED_EDGE ( 'NONE', *, *, #2207, .F. ) ;
#206 = CARTESIAN_POINT ( 'NONE',  ( 14.40710678118654900, 1.500000000000000000, -0.2500000000000000000 ) ) ;
#207 = SURFACE_SIDE_STYLE ('',( #238 ) ) ;
#208 = EDGE_LOOP ( 'NONE', ( #2389, #744, #2676, #2221 ) ) ;
#209 = MECHANICAL_DESIGN_GEOMETRIC_PRESENTATION_REPRESENTATION (  '', ( #2550 ), #406 ) ;
#210 = COLOUR_RGB ( '',0.1019607843137254900, 0.1019607843137254900, 0.1019607843137254900 ) ;
#211 = DIRECTION ( 'NONE',  ( 1.000000000000000000, 0.0000000000000000000, 0.0000000000000000000 ) ) ;
#212 = DIRECTION ( 'NONE',  ( -1.000000000000000000, -0.0000000000000000000, -0.0000000000000000000 ) ) ;
#213 = EDGE_LOOP ( 'NONE', ( #2418, #1942, #933, #120 ) ) ;
#214 = FACE_OUTER_BOUND ( 'NONE', #3114, .T. ) ;
#215 = ORIENTED_EDGE ( 'NONE', *, *, #89, .F. ) ;
#216 = CARTESIAN_POINT ( 'NONE',  ( 13.70000000000000100, -1.500000000000000000, -0.2500000000000000000 ) ) ;
#217 = ORIENTED_EDGE ( 'NONE', *, *, #1704, .F. ) ;
#218 = PRESENTATION_LAYER_ASSIGNMENT (  '', '', ( #1365 ) ) ;
#219 = ADVANCED_FACE ( 'NONE', ( #2763 ), #3552, .F. ) ;
#220 = EDGE_CURVE ( 'NONE', #3150, #3070, #2139, .T. ) ;
#221 = CARTESIAN_POINT ( 'NONE',  ( -0.005000000000000000100, -0.4011999999999996100, 0.05525489251534962400 ) ) ;
#222 = AXIS2_PLACEMENT_3D ( 'NONE', #2986, #3299, #750 ) ;
#223 = LINE ( 'NONE', #3026, #1473 ) ;
#224 = SURFACE_STYLE_USAGE ( .BOTH. , #1911 ) ;
#225 = FILL_AREA_STYLE ('',( #1899 ) ) ;
#226 = FILL_AREA_STYLE ('',( #300 ) ) ;
#227 = FILL_AREA_STYLE ('',( #2195 ) ) ;
#228 = PRESENTATION_LAYER_ASSIGNMENT (  '', '', ( #2075 ) ) ;
#229 = EDGE_CURVE ( 'NONE', #959, #2357, #592, .T. ) ;
#230 = CYLINDRICAL_SURFACE ( 'NONE', #2206, 0.2500000000000005000 ) ;
#231 = SURFACE_STYLE_FILL_AREA ( #778 ) ;
#232 =( NAMED_UNIT ( * ) PLANE_ANGLE_UNIT ( ) SI_UNIT ( $, .RADIAN. ) );
#233 = DIRECTION ( 'NONE',  ( -1.000000000000000000, 4.336808689942017700E-017, -0.0000000000000000000 ) ) ;
#234 = DIRECTION ( 'NONE',  ( 1.000000000000000000, 0.0000000000000000000, 0.0000000000000000000 ) ) ;
#235 = LINE ( 'NONE', #3483, #2534 ) ;
#236 = UNCERTAINTY_MEASURE_WITH_UNIT (LENGTH_MEASURE( 1.000000000000000100E-005 ), #2502, 'distance_accuracy_value', 'NONE');
#237 = ADVANCED_FACE ( 'NONE', ( #3087 ), #506, .T. ) ;
#238 = SURFACE_STYLE_FILL_AREA ( #2452 ) ;
#239 = PRESENTATION_LAYER_ASSIGNMENT (  '', '', ( #3376 ) ) ;
#240 = SURFACE_STYLE_FILL_AREA ( #1048 ) ;
#241 = ORIENTED_EDGE ( 'NONE', *, *, #58, .T. ) ;
#242 = LINE ( 'NONE', #3296, #557 ) ;
#243 = DIRECTION ( 'NONE',  ( 0.0000000000000000000, 0.0000000000000000000, -1.000000000000000000 ) ) ;
#244 = ORIENTED_EDGE ( 'NONE', *, *, #2819, .F. ) ;
#245 = PRESENTATION_LAYER_ASSIGNMENT (  '', '', ( #3492 ) ) ;
#246 = CARTESIAN_POINT ( 'NONE',  ( -0.005000000000000000100, 0.4052604870040786800, 0.05728331328618344000 ) ) ;
#247 = VERTEX_POINT ( 'NONE', #1053 ) ;
#248 = CARTESIAN_POINT ( 'NONE',  ( -0.005000000000000000100, -0.4011999999999992200, 1.604910985609601100 ) ) ;
#249 = CARTESIAN_POINT ( 'NONE',  ( -0.005000000000000000100, 0.2495479597583873100, 1.562278302680624400 ) ) ;
#250 = MECHANICAL_DESIGN_GEOMETRIC_PRESENTATION_REPRESENTATION (  '', ( #365 ), #947 ) ;
#251 = EDGE_CURVE ( 'NONE', #1281, #1120, #3136, .T. ) ;
#252 = DIRECTION ( 'NONE',  ( 0.0000000000000000000, 0.0000000000000000000, -1.000000000000000000 ) ) ;
#253 = ORIENTED_EDGE ( 'NONE', *, *, #1561, .T. ) ;
#254 = VECTOR ( 'NONE', #2742, 1000.000000000000100 ) ;
#255 = EDGE_LOOP ( 'NONE', ( #1416, #244, #1635, #1099 ) ) ;
#256 = ADVANCED_FACE ( 'NONE', ( #830 ), #185, .T. ) ;
#257 = COLOUR_RGB ( '',0.8941176470588234600, 0.9137254901960784000, 0.9294117647058823800 ) ;
#258 = CARTESIAN_POINT ( 'NONE',  ( -0.005000000000000000100, -0.4011999999999992200, 1.375180999823006200 ) ) ;
#259 = PRESENTATION_STYLE_ASSIGNMENT (( #3059 ) ) ;
#260 = ORIENTED_EDGE ( 'NONE', *, *, #2402, .F. ) ;
#261 = LINE ( 'NONE', #1478, #1070 ) ;
#262 = CARTESIAN_POINT ( 'NONE',  ( -0.005000000000000000100, -0.2477409776229089200, 0.8041443378877790600 ) ) ;
#263 = VERTEX_POINT ( 'NONE', #2781 ) ;
#264 = VECTOR ( 'NONE', #3252, 1000.000000000000000 ) ;
#265 = LINE ( 'NONE', #2132, #2652 ) ;
#266 =( NAMED_UNIT ( * ) PLANE_ANGLE_UNIT ( ) SI_UNIT ( $, .RADIAN. ) );
#267 = AXIS2_PLACEMENT_3D ( 'NONE', #1630, #1093, #3630 ) ;
#268 = SURFACE_STYLE_FILL_AREA ( #2925 ) ;
#269 =( NAMED_UNIT ( * ) SI_UNIT ( $, .STERADIAN. ) SOLID_ANGLE_UNIT ( ) );
#270 = DIRECTION ( 'NONE',  ( 0.0000000000000000000, 0.9615454294334479000, 0.2746459304916901200 ) ) ;
#271 = DIRECTION ( 'NONE',  ( 0.0000000000000000000, 0.6995643972270415600, 0.7145695586381818300 ) ) ;
#272 = ADVANCED_FACE ( 'NONE', ( #3175 ), #3403, .T. ) ;
#273 = MECHANICAL_DESIGN_GEOMETRIC_PRESENTATION_REPRESENTATION (  '', ( #1230 ), #2892 ) ;
#274 = SURFACE_STYLE_FILL_AREA ( #3091 ) ;
#275 = EDGE_CURVE ( 'NONE', #1364, #2246, #590, .T. ) ;
#276 = PRESENTATION_STYLE_ASSIGNMENT (( #447 ) ) ;
#277 = VECTOR ( 'NONE', #2542, 1000.000000000000000 ) ;
#278 = DIRECTION ( 'NONE',  ( 0.0000000000000000000, -1.000000000000000000, 5.050979426444721200E-016 ) ) ;
#279 = ORIENTED_EDGE ( 'NONE', *, *, #2008, .T. ) ;
#280 = UNCERTAINTY_MEASURE_WITH_UNIT (LENGTH_MEASURE( 1.000000000000000100E-005 ), #939, 'distance_accuracy_value', 'NONE');
#281 = UNCERTAINTY_MEASURE_WITH_UNIT (LENGTH_MEASURE( 1.000000000000000100E-005 ), #951, 'distance_accuracy_value', 'NONE');
#282 = UNCERTAINTY_MEASURE_WITH_UNIT (LENGTH_MEASURE( 1.000000000000000100E-005 ), #3107, 'distance_accuracy_value', 'NONE');
#283 = DIRECTION ( 'NONE',  ( -0.0000000000000000000, -0.7083077534943615900, -0.7059037656364857100 ) ) ;
#284 = DIRECTION ( 'NONE',  ( 0.7926239891046004100, -0.6097107608496922200, 0.0000000000000000000 ) ) ;
#285 = VERTEX_POINT ( 'NONE', #1647 ) ;
#286 = FILL_AREA_STYLE_COLOUR ( '', #2634 ) ;
#287 =( GEOMETRIC_REPRESENTATION_CONTEXT ( 3 ) GLOBAL_UNCERTAINTY_ASSIGNED_CONTEXT ( ( #717 ) ) GLOBAL_UNIT_ASSIGNED_CONTEXT ( ( #827, #266, #1674 ) ) REPRESENTATION_CONTEXT ( 'NONE', 'WORKASPACE' ) );
#288 = ORIENTED_EDGE ( 'NONE', *, *, #633, .T. ) ;
#289 = FACE_OUTER_BOUND ( 'NONE', #1003, .T. ) ;
#290 = ADVANCED_FACE ( 'NONE', ( #2850 ), #515, .F. ) ;
#291 = STYLED_ITEM ( 'NONE', ( #295 ), #3125 ) ;
#292 = DIRECTION ( 'NONE',  ( 0.0000000000000000000, 0.9610674221107072800, 0.2763139702539116900 ) ) ;
#293 = VERTEX_POINT ( 'NONE', #478 ) ;
#294 = EDGE_LOOP ( 'NONE', ( #1808, #857, #2732, #1950 ) ) ;
#295 = PRESENTATION_STYLE_ASSIGNMENT (( #3600 ) ) ;
#296 = STYLED_ITEM ( 'NONE', ( #51 ), #851 ) ;
#297 = CARTESIAN_POINT ( 'NONE',  ( -0.005000000000000000100, -0.4011999999999995600, 0.2289292512596815800 ) ) ;
#298 = EDGE_CURVE ( 'NONE', #1774, #426, #412, .T. ) ;
#299 = ORIENTED_EDGE ( 'NONE', *, *, #275, .F. ) ;
#300 = FILL_AREA_STYLE_COLOUR ( '', #2920 ) ;
#301 = EDGE_LOOP ( 'NONE', ( #2070, #1913, #33, #2112 ) ) ;
#302 = LINE ( 'NONE', #2404, #976 ) ;
#303 = EDGE_LOOP ( 'NONE', ( #623, #1133, #536, #1622, #2481 ) ) ;
#304 = AXIS2_PLACEMENT_3D ( 'NONE', #987, #3320, #1310 ) ;
#305 = EDGE_LOOP ( 'NONE', ( #2031, #890, #2775, #3203 ) ) ;
#306 = CARTESIAN_POINT ( 'NONE',  ( 13.78503048667141900, -1.249999999999999600, 0.0000000000000000000 ) ) ;
#307 = FACE_OUTER_BOUND ( 'NONE', #1980, .T. ) ;
#308 = CARTESIAN_POINT ( 'NONE',  ( 14.91496951332858100, 2.749999999999999100, 0.0000000000000000000 ) ) ;
#309 = DIRECTION ( 'NONE',  ( 1.000000000000000000, 0.0000000000000000000, 0.0000000000000000000 ) ) ;
#310 = STYLED_ITEM ( 'NONE', ( #3053 ), #1431 ) ;
#311 = CARTESIAN_POINT ( 'NONE',  ( 0.0000000000000000000, -0.4011999999999997200, -0.3256462810021531500 ) ) ;
#312 = UNCERTAINTY_MEASURE_WITH_UNIT (LENGTH_MEASURE( 1.000000000000000100E-005 ), #1711, 'distance_accuracy_value', 'NONE');
#313 = CARTESIAN_POINT ( 'NONE',  ( -0.005000000000000000100, 0.1017263777382557800, 0.9038919667953577700 ) ) ;
#314 = VECTOR ( 'NONE', #211, 1000.000000000000000 ) ;
#315 = MECHANICAL_DESIGN_GEOMETRIC_PRESENTATION_REPRESENTATION (  '', ( #1461 ), #1654 ) ;
#316 = VECTOR ( 'NONE', #2056, 1000.000000000000200 ) ;
#317 = MECHANICAL_DESIGN_GEOMETRIC_PRESENTATION_REPRESENTATION (  '', ( #992 ), #3186 ) ;
#318 = SURFACE_SIDE_STYLE ('',( #3347 ) ) ;
#319 = CARTESIAN_POINT ( 'NONE',  ( -0.005000000000000000100, 0.4052604870040785700, -0.2861596765811984500 ) ) ;
#320 = SURFACE_SIDE_STYLE ('',( #1494 ) ) ;
#321 = VECTOR ( 'NONE', #2622, 1000.000000000000000 ) ;
#322 = SURFACE_STYLE_FILL_AREA ( #3074 ) ;
#323 = VECTOR ( 'NONE', #1299, 1000.000000000000000 ) ;
#324 = FACE_OUTER_BOUND ( 'NONE', #25, .T. ) ;
#325 = ADVANCED_FACE ( 'NONE', ( #1845 ), #230, .T. ) ;
#326 = ORIENTED_EDGE ( 'NONE', *, *, #2666, .F. ) ;
#327 = PRESENTATION_LAYER_ASSIGNMENT (  '', '', ( #2492 ) ) ;
#328 = VECTOR ( 'NONE', #1514, 1000.000000000000000 ) ;
#329 =( NAMED_UNIT ( * ) PLANE_ANGLE_UNIT ( ) SI_UNIT ( $, .RADIAN. ) );
#330 = ORIENTED_EDGE ( 'NONE', *, *, #948, .F. ) ;
#331 = CARTESIAN_POINT ( 'NONE',  ( -0.005000000000000000100, 0.06135455606166303300, -1.697590620724096300 ) ) ;
#332 =( LENGTH_UNIT ( ) NAMED_UNIT ( * ) SI_UNIT ( .MILLI., .METRE. ) );
#333 = LINE ( 'NONE', #1744, #3326 ) ;
#334 = CARTESIAN_POINT ( 'NONE',  ( -0.005000000000000000100, -0.2477409776229089200, 1.183767953151024800 ) ) ;
#335 = ORIENTED_EDGE ( 'NONE', *, *, #440, .F. ) ;
#336 = MECHANICAL_DESIGN_GEOMETRIC_PRESENTATION_REPRESENTATION (  '', ( #142 ), #1872 ) ;
#337 = SURFACE_SIDE_STYLE ('',( #848 ) ) ;
#338 = SURFACE_STYLE_FILL_AREA ( #2020 ) ;
#339 = ORIENTED_EDGE ( 'NONE', *, *, #3159, .T. ) ;
#340 = AXIS2_PLACEMENT_3D ( 'NONE', #64, #3221, #1816 ) ;
#341 = FILL_AREA_STYLE_COLOUR ( '', #2036 ) ;
#342 = ORIENTED_EDGE ( 'NONE', *, *, #1046, .T. ) ;
#343 = VERTEX_POINT ( 'NONE', #2503 ) ;
#344 = CARTESIAN_POINT ( 'NONE',  ( 13.61496951332857600, -1.749999999999999600, -0.1464466094067262700 ) ) ;
#345 = DIRECTION ( 'NONE',  ( 0.0000000000000000000, -0.2762517575166160100, 0.9610853065513907900 ) ) ;
#346 = COLOUR_RGB ( '',0.1019607843137254900, 0.1019607843137254900, 0.1019607843137254900 ) ;
#347 = EDGE_CURVE ( 'NONE', #78, #16, #2281, .T. ) ;
#348 = SURFACE_SIDE_STYLE ('',( #268 ) ) ;
#349 = ORIENTED_EDGE ( 'NONE', *, *, #640, .F. ) ;
#350 = SURFACE_SIDE_STYLE ('',( #3544 ) ) ;
#351 = VECTOR ( 'NONE', #2007, 1000.000000000000000 ) ;
#352 =( NAMED_UNIT ( * ) SI_UNIT ( $, .STERADIAN. ) SOLID_ANGLE_UNIT ( ) );
#353 = CARTESIAN_POINT ( 'NONE',  ( -0.005000000000000000100, -0.4011999999999996100, -1.831079520097858200 ) ) ;
#354 = SURFACE_STYLE_FILL_AREA ( #385 ) ;
#355 = SURFACE_SIDE_STYLE ('',( #1351 ) ) ;
#356 = LINE ( 'NONE', #3080, #314 ) ;
#357 = VECTOR ( 'NONE', #2113, 1000.000000000000000 ) ;
#358 = AXIS2_PLACEMENT_3D ( 'NONE', #2177, #475, #487 ) ;
#359 = CARTESIAN_POINT ( 'NONE',  ( 13.78503048667141900, 1.250000000000000000, -0.1464466094067262400 ) ) ;
#360 = SURFACE_SIDE_STYLE ('',( #2901 ) ) ;
#361 = DIRECTION ( 'NONE',  ( 1.000000000000000000, 0.0000000000000000000, 0.0000000000000000000 ) ) ;
#362 = LINE ( 'NONE', #1208, #2531 ) ;
#363 =( LENGTH_UNIT ( ) NAMED_UNIT ( * ) SI_UNIT ( .MILLI., .METRE. ) );
#364 = PRESENTATION_LAYER_ASSIGNMENT (  '', '', ( #3180 ) ) ;
#365 = STYLED_ITEM ( 'NONE', ( #911 ), #272 ) ;
#366 = VECTOR ( 'NONE', #3008, 1000.000000000000100 ) ;
#367 = EDGE_CURVE ( 'NONE', #109, #285, #3269, .T. ) ;
#368 = FILL_AREA_STYLE_COLOUR ( '', #3119 ) ;
#369 = LINE ( 'NONE', #2778, #3227 ) ;
#370 = SURFACE_STYLE_USAGE ( .BOTH. , #2620 ) ;
#371 = VERTEX_POINT ( 'NONE', #1700 ) ;
#372 = PLANE ( 'NONE',  #1051 ) ;
#373 =( NAMED_UNIT ( * ) SI_UNIT ( $, .STERADIAN. ) SOLID_ANGLE_UNIT ( ) );
#374 = ORIENTED_EDGE ( 'NONE', *, *, #1683, .T. ) ;
#375 = FACE_OUTER_BOUND ( 'NONE', #810, .T. ) ;
#376 = CARTESIAN_POINT ( 'NONE',  ( -0.005000000000000000100, 0.1017533511384345800, -0.8212775797732931900 ) ) ;
#377 = EDGE_LOOP ( 'NONE', ( #2910, #3370, #920, #2678 ) ) ;
#378 = VECTOR ( 'NONE', #1432, 1000.000000000000000 ) ;
#379 = CARTESIAN_POINT ( 'NONE',  ( 0.0000000000000000000, -0.4011999999999997200, -0.3256462810021531500 ) ) ;
#380 = SURFACE_SIDE_STYLE ('',( #2659 ) ) ;
#381 = DIRECTION ( 'NONE',  ( 0.0000000000000000000, 0.0000000000000000000, -1.000000000000000000 ) ) ;
#382 = LINE ( 'NONE', #1209, #2591 ) ;
#383 = ORIENTED_EDGE ( 'NONE', *, *, #448, .T. ) ;
#384 = CARTESIAN_POINT ( 'NONE',  ( 0.0000000000000000000, -0.08425135645044920500, 0.01396868638154540400 ) ) ;
#385 = FILL_AREA_STYLE ('',( #2898 ) ) ;
#386 = ORIENTED_EDGE ( 'NONE', *, *, #1305, .F. ) ;
#387 = CIRCLE ( 'NONE', #222, 0.3039599999999998400 ) ;
#388 = PLANE ( 'NONE',  #3524 ) ;
#389 = VERTEX_POINT ( 'NONE', #1996 ) ;
#390 = CARTESIAN_POINT ( 'NONE',  ( -0.005000000000000000100, -0.04733352850003842700, -0.5177189492375647900 ) ) ;
#391 = VERTEX_POINT ( 'NONE', #3108 ) ;
#392 = EDGE_CURVE ( 'NONE', #2345, #669, #1526, .T. ) ;
#393 = EDGE_LOOP ( 'NONE', ( #749, #531, #1235, #2329 ) ) ;
#394 = CARTESIAN_POINT ( 'NONE',  ( -0.005000000000000000100, 0.4052604870040785700, 0.6657266635534341300 ) ) ;
#395 = ORIENTED_EDGE ( 'NONE', *, *, #2141, .F. ) ;
#396 = FILL_AREA_STYLE ('',( #984 ) ) ;
#397 = COLOUR_RGB ( '',0.1019607843137254900, 0.1019607843137254900, 0.1019607843137254900 ) ;
#398 = DIRECTION ( 'NONE',  ( 0.0000000000000000000, -1.000000000000000000, 0.0000000000000000000 ) ) ;
#399 = CARTESIAN_POINT ( 'NONE',  ( -0.005000000000000000100, -0.4011999999999996100, -1.529806272080965300 ) ) ;
#400 = EDGE_CURVE ( 'NONE', #1376, #1120, #1967, .T. ) ;
#401 = UNCERTAINTY_MEASURE_WITH_UNIT (LENGTH_MEASURE( 1.000000000000000100E-005 ), #1814, 'distance_accuracy_value', 'NONE');
#402 = DIRECTION ( 'NONE',  ( 0.0000000000000000000, -0.002813301676022725000, 0.9999960426590096500 ) ) ;
#403 = FACE_OUTER_BOUND ( 'NONE', #613, .T. ) ;
#404 = SURFACE_SIDE_STYLE ('',( #354 ) ) ;
#405 =( NAMED_UNIT ( * ) PLANE_ANGLE_UNIT ( ) SI_UNIT ( $, .RADIAN. ) );
#406 =( GEOMETRIC_REPRESENTATION_CONTEXT ( 3 ) GLOBAL_UNCERTAINTY_ASSIGNED_CONTEXT ( ( #178 ) ) GLOBAL_UNIT_ASSIGNED_CONTEXT ( ( #2709, #1259, #1001 ) ) REPRESENTATION_CONTEXT ( 'NONE', 'WORKASPACE' ) );
#407 = PRESENTATION_STYLE_ASSIGNMENT (( #1522 ) ) ;
#408 = CARTESIAN_POINT ( 'NONE',  ( -0.005000000000000000100, -0.4011999999999996700, -0.1597402611235481400 ) ) ;
#409 = SURFACE_SIDE_STYLE ('',( #1953 ) ) ;
#410 = MECHANICAL_DESIGN_GEOMETRIC_PRESENTATION_REPRESENTATION (  '', ( #3083 ), #3464 ) ;
#411 =( NAMED_UNIT ( * ) PLANE_ANGLE_UNIT ( ) SI_UNIT ( $, .RADIAN. ) );
#412 = LINE ( 'NONE', #3608, #458 ) ;
#413 = DIRECTION ( 'NONE',  ( 0.0000000000000000000, -0.2765379750249960500, 0.9610029908221278100 ) ) ;
#414 =( NAMED_UNIT ( * ) SI_UNIT ( $, .STERADIAN. ) SOLID_ANGLE_UNIT ( ) );
#415 = EDGE_CURVE ( 'NONE', #389, #3106, #2714, .T. ) ;
#416 = CARTESIAN_POINT ( 'NONE',  ( 0.0000000000000000000, -0.4011999999999996100, -1.831079520097858200 ) ) ;
#417 = COLOUR_RGB ( '',0.8980392156862745400, 0.9215686274509803400, 0.9294117647058823800 ) ;
#418 = AXIS2_PLACEMENT_3D ( 'NONE', #2419, #2430, #2685 ) ;
#419 = VECTOR ( 'NONE', #2444, 1000.000000000000000 ) ;
#420 = SURFACE_STYLE_FILL_AREA ( #2466 ) ;
#421 = MECHANICAL_DESIGN_GEOMETRIC_PRESENTATION_REPRESENTATION (  '', ( #3338 ), #3096 ) ;
#422 = EDGE_CURVE ( 'NONE', #608, #391, #2401, .T. ) ;
#423 = ORIENTED_EDGE ( 'NONE', *, *, #3220, .T. ) ;
#424 =( NAMED_UNIT ( * ) PLANE_ANGLE_UNIT ( ) SI_UNIT ( $, .RADIAN. ) );
#425 = LINE ( 'NONE', #711, #1100 ) ;
#426 = VERTEX_POINT ( 'NONE', #3143 ) ;
#427 = SURFACE_STYLE_USAGE ( .BOTH. , #2163 ) ;
#428 = PRESENTATION_STYLE_ASSIGNMENT (( #3145 ) ) ;
#429 = DIRECTION ( 'NONE',  ( 0.0000000000000000000, 0.9601763114346036900, 0.2793947940814913700 ) ) ;
#430 = ORIENTED_EDGE ( 'NONE', *, *, #2130, .F. ) ;
#431 =( GEOMETRIC_REPRESENTATION_CONTEXT ( 3 ) GLOBAL_UNCERTAINTY_ASSIGNED_CONTEXT ( ( #312 ) ) GLOBAL_UNIT_ASSIGNED_CONTEXT ( ( #1711, #55, #1464 ) ) REPRESENTATION_CONTEXT ( 'NONE', 'WORKASPACE' ) );
#432 = DIRECTION ( 'NONE',  ( 0.0000000000000000000, 0.0000000000000000000, -1.000000000000000000 ) ) ;
#433 = VERTEX_POINT ( 'NONE', #1407 ) ;
#434 = SURFACE_SIDE_STYLE ('',( #1276 ) ) ;
#435 = EDGE_CURVE ( 'NONE', #3642, #2475, #1040, .T. ) ;
#436 = ORIENTED_EDGE ( 'NONE', *, *, #789, .F. ) ;
#437 = LINE ( 'NONE', #2780, #254 ) ;
#438 = CARTESIAN_POINT ( 'NONE',  ( -0.005000000000000000100, -0.4011999999999993300, 1.140223078915931600 ) ) ;
#439 = ORIENTED_EDGE ( 'NONE', *, *, #1880, .F. ) ;
#440 = EDGE_CURVE ( 'NONE', #2970, #1110, #2446, .T. ) ;
#441 = UNCERTAINTY_MEASURE_WITH_UNIT (LENGTH_MEASURE( 1.000000000000000100E-005 ), #3208, 'distance_accuracy_value', 'NONE');
#442 = VECTOR ( 'NONE', #2646, 1000.000000000000100 ) ;
#443 = CARTESIAN_POINT ( 'NONE',  ( 0.0000000000000000000, 0.3202280732264091200, 0.4360996671079245800 ) ) ;
#444 = EDGE_LOOP ( 'NONE', ( #2631, #1709, #3682, #3559 ) ) ;
#445 = DIRECTION ( 'NONE',  ( 0.0000000000000000000, 0.0000000000000000000, 1.000000000000000000 ) ) ;
#446 = CARTESIAN_POINT ( 'NONE',  ( 0.0000000000000000000, 0.2495479597563773100, 1.791954341669122800 ) ) ;
#447 = SURFACE_STYLE_USAGE ( .BOTH. , #2137 ) ;
#448 = EDGE_CURVE ( 'NONE', #2299, #2590, #637, .T. ) ;
#449 = CYLINDRICAL_SURFACE ( 'NONE', #1130, 0.2500000000000002200 ) ;
#450 = VECTOR ( 'NONE', #1254, 1000.000000000000000 ) ;
#451 =( NAMED_UNIT ( * ) SI_UNIT ( $, .STERADIAN. ) SOLID_ANGLE_UNIT ( ) );
#452 = CARTESIAN_POINT ( 'NONE',  ( 14.40710678118654900, 1.500000000000000000, 0.0000000000000000000 ) ) ;
#453 = FILL_AREA_STYLE ('',( #2143 ) ) ;
#454 = SURFACE_SIDE_STYLE ('',( #2989 ) ) ;
#455 = DIRECTION ( 'NONE',  ( 0.0000000000000000000, 0.0000000000000000000, 1.000000000000000000 ) ) ;
#456 = CARTESIAN_POINT ( 'NONE',  ( 13.78503048667141900, -1.249999999999999600, 0.0000000000000000000 ) ) ;
#457 =( BOUNDED_CURVE ( )  B_SPLINE_CURVE ( 3, ( #1631, #3621, #502, #763 ),
 .UNSPECIFIED., .F., .F. ) 
 B_SPLINE_CURVE_WITH_KNOTS ( ( 4, 4 ),
 ( 0.0000000000000000000, 3.141592653589793100 ),
 .UNSPECIFIED. ) 
 CURVE ( )  GEOMETRIC_REPRESENTATION_ITEM ( )  RATIONAL_B_SPLINE_CURVE ( ( 1.000000000000000000, 0.3333333333333333700, 0.3333333333333333700, 1.000000000000000000 ) ) 
 REPRESENTATION_ITEM ( '' )  );
#458 = VECTOR ( 'NONE', #1956, 1000.000000000000200 ) ;
#459 =( NAMED_UNIT ( * ) PLANE_ANGLE_UNIT ( ) SI_UNIT ( $, .RADIAN. ) );
#460 = CARTESIAN_POINT ( 'NONE',  ( 13.61496951332858200, 1.750000000000000400, 0.0000000000000000000 ) ) ;
#461 = STYLED_ITEM ( 'NONE', ( #607 ), #2536 ) ;
#462 = PRESENTATION_STYLE_ASSIGNMENT (( #732 ) ) ;
#463 = FILL_AREA_STYLE_COLOUR ( '', #190 ) ;
#464 = SURFACE_SIDE_STYLE ('',( #3616 ) ) ;
#465 = CARTESIAN_POINT ( 'NONE',  ( 12.50000000000000000, 0.0000000000000000000, 3.399999999999999900 ) ) ;
#466 = EDGE_LOOP ( 'NONE', ( #1327, #2248, #1023, #2422 ) ) ;
#467 = FILL_AREA_STYLE_COLOUR ( '', #3113 ) ;
#468 = SURFACE_STYLE_USAGE ( .BOTH. , #3044 ) ;
#469 = EDGE_LOOP ( 'NONE', ( #1933, #1553, #2918, #260, #885 ) ) ;
#470 = EDGE_CURVE ( 'NONE', #72, #1718, #2136, .T. ) ;
#471 =( LENGTH_UNIT ( ) NAMED_UNIT ( * ) SI_UNIT ( .MILLI., .METRE. ) );
#472 = CARTESIAN_POINT ( 'NONE',  ( -0.005000000000000000100, 0.4052604870040785700, -1.828637200791843900 ) ) ;
#473 = EDGE_LOOP ( 'NONE', ( #1769, #1064, #1438, #1107 ) ) ;
#474 = LINE ( 'NONE', #569, #378 ) ;
#475 = DIRECTION ( 'NONE',  ( 0.0000000000000000000, -0.7059037656364858200, 0.7083077534943615900 ) ) ;
#476 =( GEOMETRIC_REPRESENTATION_CONTEXT ( 3 ) GLOBAL_UNCERTAINTY_ASSIGNED_CONTEXT ( ( #860 ) ) GLOBAL_UNIT_ASSIGNED_CONTEXT ( ( #3584, #2484, #805 ) ) REPRESENTATION_CONTEXT ( 'NONE', 'WORKASPACE' ) );
#477 = SURFACE_STYLE_USAGE ( .BOTH. , #2180 ) ;
#478 = CARTESIAN_POINT ( 'NONE',  ( -0.005000000000000000100, -0.2477409776229089200, 1.183767953151024800 ) ) ;
#479 = DIRECTION ( 'NONE',  ( 0.0000000000000000000, -1.000000000000000000, 0.0000000000000000000 ) ) ;
#480 = ORIENTED_EDGE ( 'NONE', *, *, #3068, .T. ) ;
#481 = PLANE ( 'NONE',  #560 ) ;
#482 = ORIENTED_EDGE ( 'NONE', *, *, #2644, .T. ) ;
#483 = ORIENTED_EDGE ( 'NONE', *, *, #3411, .F. ) ;
#484 = MECHANICAL_DESIGN_GEOMETRIC_PRESENTATION_REPRESENTATION (  '', ( #2448 ), #3228 ) ;
#485 = DIRECTION ( 'NONE',  ( 1.000000000000000000, 0.0000000000000000000, 0.0000000000000000000 ) ) ;
#486 = ORIENTED_EDGE ( 'NONE', *, *, #2438, .T. ) ;
#487 = DIRECTION ( 'NONE',  ( 0.0000000000000000000, -0.7083077534943615900, -0.7059037656364858200 ) ) ;
#488 = LINE ( 'NONE', #2205, #3435 ) ;
#489 =( GEOMETRIC_REPRESENTATION_CONTEXT ( 3 ) GLOBAL_UNCERTAINTY_ASSIGNED_CONTEXT ( ( #2301 ) ) GLOBAL_UNIT_ASSIGNED_CONTEXT ( ( #601, #546, #3649 ) ) REPRESENTATION_CONTEXT ( 'NONE', 'WORKASPACE' ) );
#490 =( NAMED_UNIT ( * ) PLANE_ANGLE_UNIT ( ) SI_UNIT ( $, .RADIAN. ) );
#491 = SURFACE_STYLE_USAGE ( .BOTH. , #3332 ) ;
#492 = SURFACE_STYLE_USAGE ( .BOTH. , #1922 ) ;
#493 = DIRECTION ( 'NONE',  ( 0.0000000000000000000, -0.05596501978068205200, 0.9984327301130246900 ) ) ;
#494 = PRESENTATION_STYLE_ASSIGNMENT (( #3257 ) ) ;
#495 = PRESENTATION_LAYER_ASSIGNMENT (  '', '', ( #2154 ) ) ;
#496 = EDGE_CURVE ( 'NONE', #1579, #433, #945, .T. ) ;
#497 = CARTESIAN_POINT ( 'NONE',  ( -0.005000000000000000100, -0.4011999999999997200, -0.4691938053702365800 ) ) ;
#498 = CARTESIAN_POINT ( 'NONE',  ( -0.005000000000000000100, 0.2517548742101135000, -0.4101980772080755000 ) ) ;
#499 = CARTESIAN_POINT ( 'NONE',  ( 15.08503048667142100, -2.250000000000000000, 0.5000000000000000000 ) ) ;
#500 = FILL_AREA_STYLE ('',( #3372 ) ) ;
#501 = COLOUR_RGB ( '',0.8980392156862745400, 0.9215686274509803400, 0.9294117647058823800 ) ;
#502 = CARTESIAN_POINT ( 'NONE',  ( 15.08503048667142100, -2.250000000000000000, -0.5000000000000000000 ) ) ;
#503 = ADVANCED_FACE ( 'NONE', ( #2316 ), #1342, .T. ) ;
#504 = CARTESIAN_POINT ( 'NONE',  ( 0.0000000000000000000, -0.2477704031468527800, -0.9209222193421442400 ) ) ;
#505 = PRESENTATION_LAYER_ASSIGNMENT (  '', '', ( #701 ) ) ;
#506 = CYLINDRICAL_SURFACE ( 'NONE', #1519, 0.2500000000000000000 ) ;
#507 = VECTOR ( 'NONE', #3263, 1000.000000000000000 ) ;
#508 =( NAMED_UNIT ( * ) PLANE_ANGLE_UNIT ( ) SI_UNIT ( $, .RADIAN. ) );
#509 = MECHANICAL_DESIGN_GEOMETRIC_PRESENTATION_REPRESENTATION (  '', ( #3061 ), #3445 ) ;
#510 = COLOUR_RGB ( '',0.8941176470588234600, 0.9137254901960784000, 0.9294117647058823800 ) ;
#511 = DIRECTION ( 'NONE',  ( 0.0000000000000000000, 0.0000000000000000000, -1.000000000000000000 ) ) ;
#512 = ORIENTED_EDGE ( 'NONE', *, *, #2021, .T. ) ;
#513 = DIRECTION ( 'NONE',  ( 0.0000000000000000000, 0.9615825319869141200, 0.2745159998572676600 ) ) ;
#514 = LINE ( 'NONE', #2623, #328 ) ;
#515 = PLANE ( 'NONE',  #1634 ) ;
#516 =( GEOMETRIC_REPRESENTATION_CONTEXT ( 3 ) GLOBAL_UNCERTAINTY_ASSIGNED_CONTEXT ( ( #3664 ) ) GLOBAL_UNIT_ASSIGNED_CONTEXT ( ( #1548, #3271, #2147 ) ) REPRESENTATION_CONTEXT ( 'NONE', 'WORKASPACE' ) );
#517 = EDGE_CURVE ( 'NONE', #2342, #2556, #2708, .T. ) ;
#518 = ORIENTED_EDGE ( 'NONE', *, *, #883, .F. ) ;
#519 = DIRECTION ( 'NONE',  ( 1.000000000000000000, 0.0000000000000000000, 0.0000000000000000000 ) ) ;
#520 = PRESENTATION_STYLE_ASSIGNMENT (( #962 ) ) ;
#521 = ORIENTED_EDGE ( 'NONE', *, *, #1020, .T. ) ;
#522 = CARTESIAN_POINT ( 'NONE',  ( -0.005000000000000000100, 0.4052604870040785700, -1.599010204346267900 ) ) ;
#523 = ADVANCED_FACE ( 'NONE', ( #2237 ), #1036, .T. ) ;
#524 = UNCERTAINTY_MEASURE_WITH_UNIT (LENGTH_MEASURE( 1.000000000000000100E-005 ), #925, 'distance_accuracy_value', 'NONE');
#525 = ORIENTED_EDGE ( 'NONE', *, *, #974, .T. ) ;
#526 = CARTESIAN_POINT ( 'NONE',  ( 0.0000000000000000000, 0.4052604870040784600, 0.7628848468199775900 ) ) ;
#527 = ORIENTED_EDGE ( 'NONE', *, *, #2686, .F. ) ;
#528 = MECHANICAL_DESIGN_GEOMETRIC_PRESENTATION_REPRESENTATION (  '', ( #310 ), #1527 ) ;
#529 = CARTESIAN_POINT ( 'NONE',  ( -0.005000000000000000100, 0.1017263777382557800, 1.249980290920090600 ) ) ;
#530 =( NAMED_UNIT ( * ) PLANE_ANGLE_UNIT ( ) SI_UNIT ( $, .RADIAN. ) );
#531 = ORIENTED_EDGE ( 'NONE', *, *, #2694, .F. ) ;
#532 = LINE ( 'NONE', #2229, #3201 ) ;
#533 = ORIENTED_EDGE ( 'NONE', *, *, #1658, .F. ) ;
#534 = CARTESIAN_POINT ( 'NONE',  ( 0.0000000000000000000, -0.04733352850171775000, 0.8613573689530075200 ) ) ;
#535 = PRESENTATION_STYLE_ASSIGNMENT (( #3636 ) ) ;
#536 = ORIENTED_EDGE ( 'NONE', *, *, #743, .F. ) ;
#537 = COLOUR_RGB ( '',0.1019607843137254900, 0.1019607843137254900, 0.1019607843137254900 ) ;
#538 = PRESENTATION_LAYER_ASSIGNMENT (  '', '', ( #3401 ) ) ;
#539 = DIRECTION ( 'NONE',  ( 1.000000000000000000, 0.0000000000000000000, 0.0000000000000000000 ) ) ;
#540 = FACE_OUTER_BOUND ( 'NONE', #1582, .T. ) ;
#541 = LINE ( 'NONE', #1781, #3212 ) ;
#542 = PRESENTATION_LAYER_ASSIGNMENT (  '', '', ( #2565 ) ) ;
#543 = DIRECTION ( 'NONE',  ( 0.7926239891046004100, 0.6097107608496922200, 0.0000000000000000000 ) ) ;
#544 = FACE_OUTER_BOUND ( 'NONE', #1463, .T. ) ;
#545 = ADVANCED_FACE ( 'NONE', ( #736 ), #1180, .F. ) ;
#546 =( NAMED_UNIT ( * ) PLANE_ANGLE_UNIT ( ) SI_UNIT ( $, .RADIAN. ) );
#547 = AXIS2_PLACEMENT_3D ( 'NONE', #2940, #1801, #60 ) ;
#548 = EDGE_CURVE ( 'NONE', #1015, #2285, #362, .T. ) ;
#549 = PRESENTATION_LAYER_ASSIGNMENT (  '', '', ( #2600 ) ) ;
#550 =( LENGTH_UNIT ( ) NAMED_UNIT ( * ) SI_UNIT ( .MILLI., .METRE. ) );
#551 = SURFACE_STYLE_USAGE ( .BOTH. , #3141 ) ;
#552 =( LENGTH_UNIT ( ) NAMED_UNIT ( * ) SI_UNIT ( .MILLI., .METRE. ) );
#553 = LINE ( 'NONE', #1641, #1265 ) ;
#554 = LINE ( 'NONE', #3539, #366 ) ;
#555 =( NAMED_UNIT ( * ) PLANE_ANGLE_UNIT ( ) SI_UNIT ( $, .RADIAN. ) );
#556 = PRESENTATION_STYLE_ASSIGNMENT (( #954 ) ) ;
#557 = VECTOR ( 'NONE', #1568, 1000.000000000000100 ) ;
#558 = ADVANCED_FACE ( 'NONE', ( #1882 ), #36, .F. ) ;
#559 = VERTEX_POINT ( 'NONE', #3485 ) ;
#560 = AXIS2_PLACEMENT_3D ( 'NONE', #1017, #1304, #1886 ) ;
#561 = SURFACE_STYLE_FILL_AREA ( #2911 ) ;
#562 = ORIENTED_EDGE ( 'NONE', *, *, #1564, .T. ) ;
#563 = CARTESIAN_POINT ( 'NONE',  ( -0.005000000000000000100, -0.1708852466576474800, 0.02626914903049474800 ) ) ;
#564 = DIRECTION ( 'NONE',  ( 0.0000000000000000000, 0.9610992334305541500, 0.2762033010287913100 ) ) ;
#565 = AXIS2_PLACEMENT_3D ( 'NONE', #2242, #543, #1169 ) ;
#566 =( NAMED_UNIT ( * ) PLANE_ANGLE_UNIT ( ) SI_UNIT ( $, .RADIAN. ) );
#567 = EDGE_CURVE ( 'NONE', #2590, #608, #3357, .T. ) ;
#568 = CARTESIAN_POINT ( 'NONE',  ( 12.50000000000000000, 4.163799117101000600E-016, -3.399999999999999900 ) ) ;
#569 = CARTESIAN_POINT ( 'NONE',  ( -0.005000000000000000100, -0.4011999999999996100, -1.529806272080965300 ) ) ;
#570 = LINE ( 'NONE', #2234, #1623 ) ;
#571 = FACE_OUTER_BOUND ( 'NONE', #2251, .T. ) ;
#572 = ORIENTED_EDGE ( 'NONE', *, *, #1138, .T. ) ;
#573 = ORIENTED_EDGE ( 'NONE', *, *, #2119, .T. ) ;
#574 = LINE ( 'NONE', #160, #1984 ) ;
#575 = ORIENTED_EDGE ( 'NONE', *, *, #3449, .F. ) ;
#576 = DIRECTION ( 'NONE',  ( 0.0000000000000000000, 0.0000000000000000000, 1.000000000000000000 ) ) ;
#577 = DIRECTION ( 'NONE',  ( 0.0000000000000000000, 0.05375259206908327600, -0.9985542843760947300 ) ) ;
#578 = DIRECTION ( 'NONE',  ( 0.0000000000000000000, 0.9601763114346036900, 0.2793947940814913700 ) ) ;
#579 = PRESENTATION_STYLE_ASSIGNMENT (( #638 ) ) ;
#580 = ADVANCED_FACE ( 'NONE', ( #47 ), #2400, .T. ) ;
#581 = PRESENTATION_STYLE_ASSIGNMENT (( #2241 ) ) ;
#582 = FACE_OUTER_BOUND ( 'NONE', #802, .T. ) ;
#583 = AXIS2_PLACEMENT_3D ( 'NONE', #3313, #3572, #1306 ) ;
#584 = CARTESIAN_POINT ( 'NONE',  ( 11.54052000000000100, 0.0000000000000000000, 0.0000000000000000000 ) ) ;
#585 = AXIS2_PLACEMENT_3D ( 'NONE', #2529, #1692, #3132 ) ;
#586 = DIRECTION ( 'NONE',  ( 0.0000000000000000000, 0.2759782365590801000, -0.9611638845408937400 ) ) ;
#587 = FILL_AREA_STYLE ('',( #892 ) ) ;
#588 =( NAMED_UNIT ( * ) SI_UNIT ( $, .STERADIAN. ) SOLID_ANGLE_UNIT ( ) );
#589 = UNCERTAINTY_MEASURE_WITH_UNIT (LENGTH_MEASURE( 1.000000000000000100E-005 ), #332, 'distance_accuracy_value', 'NONE');
#590 = LINE ( 'NONE', #1617, #2663 ) ;
#591 = EDGE_CURVE ( 'NONE', #3020, #2970, #1655, .T. ) ;
#592 = CIRCLE ( 'NONE', #267, 3.042457898510792200 ) ;
#593 = FILL_AREA_STYLE ('',( #341 ) ) ;
#594 = LINE ( 'NONE', #416, #3661 ) ;
#595 = FILL_AREA_STYLE_COLOUR ( '', #1291 ) ;
#596 = DIRECTION ( 'NONE',  ( 0.0000000000000000000, 0.9610674221107072800, 0.2763139702539116900 ) ) ;
#597 = ORIENTED_EDGE ( 'NONE', *, *, #188, .F. ) ;
#598 = CARTESIAN_POINT ( 'NONE',  ( 0.0000000000000000000, -0.04733352850003842700, -0.5177189492375647900 ) ) ;
#599 = PRESENTATION_LAYER_ASSIGNMENT (  '', '', ( #1173 ) ) ;
#600 = FACE_OUTER_BOUND ( 'NONE', #1055, .T. ) ;
#601 =( LENGTH_UNIT ( ) NAMED_UNIT ( * ) SI_UNIT ( .MILLI., .METRE. ) );
#602 = CARTESIAN_POINT ( 'NONE',  ( 0.0000000000000000000, -0.04733352850171775000, 1.207396650534388900 ) ) ;
#603 = LINE ( 'NONE', #775, #1271 ) ;
#604 = EDGE_LOOP ( 'NONE', ( #3508, #1715, #1895, #813 ) ) ;
#605 = EDGE_CURVE ( 'NONE', #391, #192, #826, .T. ) ;
#606 = MECHANICAL_DESIGN_GEOMETRIC_PRESENTATION_REPRESENTATION (  '', ( #2764 ), #1878 ) ;
#607 = PRESENTATION_STYLE_ASSIGNMENT (( #2681 ) ) ;
#608 = VERTEX_POINT ( 'NONE', #3256 ) ;
#609 = DIRECTION ( 'NONE',  ( 1.000000000000000000, 0.0000000000000000000, 0.0000000000000000000 ) ) ;
#610 = CARTESIAN_POINT ( 'NONE',  ( -0.005000000000000000100, 0.4052604870040785700, -1.828637200791843900 ) ) ;
#611 = DIRECTION ( 'NONE',  ( 1.000000000000000000, 4.336808689942017700E-017, 0.0000000000000000000 ) ) ;
#612 = AXIS2_PLACEMENT_3D ( 'NONE', #1419, #1985, #1162 ) ;
#613 = EDGE_LOOP ( 'NONE', ( #705, #666, #1006, #562 ) ) ;
#614 = EDGE_CURVE ( 'NONE', #2290, #3378, #2995, .T. ) ;
#615 = FILL_AREA_STYLE_COLOUR ( '', #1260 ) ;
#616 = EDGE_LOOP ( 'NONE', ( #1224, #1187, #288, #1369, #2930, #3232, #855, #3430, #1021, #3072, #1638, #3458, #2876, #1078, #1859, #3327, #2373, #1866, #573, #3047, #1949, #1102, #3009 ) ) ;
#617 = ADVANCED_FACE ( 'NONE', ( #3217 ), #1529, .F. ) ;
#618 = CARTESIAN_POINT ( 'NONE',  ( 0.0000000000000000000, 0.4052604870040784600, -1.354851902307815800 ) ) ;
#619 = ORIENTED_EDGE ( 'NONE', *, *, #347, .T. ) ;
#620 = VECTOR ( 'NONE', #1261, 1000.000000000000200 ) ;
#621 = ORIENTED_EDGE ( 'NONE', *, *, #2279, .F. ) ;
#622 = FACE_OUTER_BOUND ( 'NONE', #1618, .T. ) ;
#623 = ORIENTED_EDGE ( 'NONE', *, *, #2644, .F. ) ;
#624 =( NAMED_UNIT ( * ) PLANE_ANGLE_UNIT ( ) SI_UNIT ( $, .RADIAN. ) );
#625 = SURFACE_STYLE_FILL_AREA ( #2157 ) ;
#626 = CYLINDRICAL_SURFACE ( 'NONE', #3671, 3.399999999999999900 ) ;
#627 = CARTESIAN_POINT ( 'NONE',  ( 14.40710678118654900, -1.500000000000000000, 0.0000000000000000000 ) ) ;
#628 = AXIS2_PLACEMENT_3D ( 'NONE', #1414, #278, #1963 ) ;
#629 = CARTESIAN_POINT ( 'NONE',  ( 15.08503048667141900, -2.250000000000000400, 0.0000000000000000000 ) ) ;
#630 = FILL_AREA_STYLE ('',( #1233 ) ) ;
#631 = CARTESIAN_POINT ( 'NONE',  ( -0.005000000000000000100, -0.4011999999999996100, -1.284426810713275000 ) ) ;
#632 = VECTOR ( 'NONE', #2960, 1000.000000000000000 ) ;
#633 = EDGE_CURVE ( 'NONE', #2159, #1908, #1124, .T. ) ;
#634 = COLOUR_RGB ( '',0.1019607843137254900, 0.1019607843137254900, 0.1019607843137254900 ) ;
#635 = EDGE_CURVE ( 'NONE', #3285, #1579, #1842, .T. ) ;
#636 = PRESENTATION_LAYER_ASSIGNMENT (  '', '', ( #174 ) ) ;
#637 = LINE ( 'NONE', #853, #1696 ) ;
#638 = SURFACE_STYLE_USAGE ( .BOTH. , #2552 ) ;
#639 = MECHANICAL_DESIGN_GEOMETRIC_PRESENTATION_REPRESENTATION (  '', ( #3569 ), #3433 ) ;
#640 = EDGE_CURVE ( 'NONE', #2598, #371, #3355, .T. ) ;
#641 = FILL_AREA_STYLE ('',( #595 ) ) ;
#642 = DIRECTION ( 'NONE',  ( -1.000000000000000000, -0.0000000000000000000, -0.0000000000000000000 ) ) ;
#643 = MANIFOLD_SOLID_BREP ( 'Mirror1', #2785 ) ;
#644 = DIRECTION ( 'NONE',  ( 0.0000000000000000000, 0.9601763114327597200, 0.2793947940878283600 ) ) ;
#645 = APPLICATION_CONTEXT ( 'automotive_design' ) ;
#646 = DIRECTION ( 'NONE',  ( 0.0000000000000000000, 0.8843386665637610300, 0.4668459304955212600 ) ) ;
#647 = EDGE_CURVE ( 'NONE', #3639, #102, #2705, .T. ) ;
#648 = CARTESIAN_POINT ( 'NONE',  ( 12.50000000000000000, 1.500000000000000000, 0.0000000000000000000 ) ) ;
#649 = CARTESIAN_POINT ( 'NONE',  ( 25.00000000000000000, -2.250000000000001300, 0.0000000000000000000 ) ) ;
#650 = PRESENTATION_STYLE_ASSIGNMENT (( #1339 ) ) ;
#651 = SURFACE_STYLE_FILL_AREA ( #176 ) ;
#652 = VECTOR ( 'NONE', #3381, 1000.000000000000000 ) ;
#653 = PRODUCT_DEFINITION_SHAPE ( 'NONE', 'NONE',  #2803 ) ;
#654 = EDGE_LOOP ( 'NONE', ( #521, #2603, #1191, #28 ) ) ;
#655 = CIRCLE ( 'NONE', #1714, 0.2500000000000002200 ) ;
#656 = DIRECTION ( 'NONE',  ( 1.000000000000000000, 0.0000000000000000000, 0.0000000000000000000 ) ) ;
#657 = VERTEX_POINT ( 'NONE', #2362 ) ;
#658 =( LENGTH_UNIT ( ) NAMED_UNIT ( * ) SI_UNIT ( .MILLI., .METRE. ) );
#659 = FILL_AREA_STYLE_COLOUR ( '', #1652 ) ;
#660 = CARTESIAN_POINT ( 'NONE',  ( 12.50000000000000000, 0.0000000000000000000, 0.0000000000000000000 ) ) ;
#661 = DIRECTION ( 'NONE',  ( 1.000000000000000000, 0.0000000000000000000, 0.0000000000000000000 ) ) ;
#662 = ORIENTED_EDGE ( 'NONE', *, *, #2186, .F. ) ;
#663 = MECHANICAL_DESIGN_GEOMETRIC_PRESENTATION_REPRESENTATION (  '', ( #1108 ), #3155 ) ;
#664 =( NAMED_UNIT ( * ) PLANE_ANGLE_UNIT ( ) SI_UNIT ( $, .RADIAN. ) );
#665 = FILL_AREA_STYLE ('',( #3491 ) ) ;
#666 = ORIENTED_EDGE ( 'NONE', *, *, #605, .F. ) ;
#667 = AXIS2_PLACEMENT_3D ( 'NONE', #2421, #739, #429 ) ;
#668 = PRESENTATION_LAYER_ASSIGNMENT (  '', '', ( #1807 ) ) ;
#669 = VERTEX_POINT ( 'NONE', #2979 ) ;
#670 = TOROIDAL_SURFACE ( 'NONE', #418, 3.346417898510792200, 0.3039599999999999500 ) ;
#671 = PRESENTATION_STYLE_ASSIGNMENT (( #3205 ) ) ;
#672 = VERTEX_POINT ( 'NONE', #2101 ) ;
#673 =( NAMED_UNIT ( * ) PLANE_ANGLE_UNIT ( ) SI_UNIT ( $, .RADIAN. ) );
#674 = FILL_AREA_STYLE_COLOUR ( '', #3308 ) ;
#675 = PRESENTATION_LAYER_ASSIGNMENT (  '', '', ( #1182 ) ) ;
#676 =( NAMED_UNIT ( * ) SI_UNIT ( $, .STERADIAN. ) SOLID_ANGLE_UNIT ( ) );
#677 = DIRECTION ( 'NONE',  ( 0.0000000000000000000, 0.0000000000000000000, -1.000000000000000000 ) ) ;
#678 = SURFACE_STYLE_FILL_AREA ( #2370 ) ;
#679 = SURFACE_SIDE_STYLE ('',( #730 ) ) ;
#680 = VECTOR ( 'NONE', #1366, 1000.000000000000000 ) ;
#681 = FACE_OUTER_BOUND ( 'NONE', #294, .T. ) ;
#682 = VERTEX_POINT ( 'NONE', #985 ) ;
#683 = SURFACE_SIDE_STYLE ('',( #3121 ) ) ;
#684 = PRESENTATION_LAYER_ASSIGNMENT (  '', '', ( #3057 ) ) ;
#685 = CARTESIAN_POINT ( 'NONE',  ( 13.70000000000000100, -1.500000000000000000, 0.0000000000000000000 ) ) ;
#686 = CARTESIAN_POINT ( 'NONE',  ( -0.005000000000000000100, 0.4052604870040786800, 0.05728331328618344000 ) ) ;
#687 = CARTESIAN_POINT ( 'NONE',  ( 13.78503048667141900, 1.249999999999999600, 3.061616997868383000E-017 ) ) ;
#688 = FACE_OUTER_BOUND ( 'NONE', #3023, .T. ) ;
#689 = AXIS2_PLACEMENT_3D ( 'NONE', #3428, #5, #292 ) ;
#690 = SURFACE_SIDE_STYLE ('',( #2782 ) ) ;
#691 = DIRECTION ( 'NONE',  ( 0.0000000000000000000, 0.0000000000000000000, 1.000000000000000000 ) ) ;
#692 =( NAMED_UNIT ( * ) PLANE_ANGLE_UNIT ( ) SI_UNIT ( $, .RADIAN. ) );
#693 = PLANE ( 'NONE',  #1495 ) ;
#694 = AXIS2_PLACEMENT_3D ( 'NONE', #1073, #1324, #2488 ) ;
#695 = MECHANICAL_DESIGN_GEOMETRIC_PRESENTATION_REPRESENTATION (  '', ( #2154 ), #37 ) ;
#696 = EDGE_CURVE ( 'NONE', #2299, #1642, #3650, .T. ) ;
#697 = CARTESIAN_POINT ( 'NONE',  ( 0.0000000000000000000, 0.03668615675609743200, -1.705572295298872300 ) ) ;
#698 = VECTOR ( 'NONE', #1991, 1000.000000000000000 ) ;
#699 = ORIENTED_EDGE ( 'NONE', *, *, #3588, .T. ) ;
#700 = DIRECTION ( 'NONE',  ( 0.0000000000000000000, 1.000000000000000000, 0.0000000000000000000 ) ) ;
#701 = STYLED_ITEM ( 'NONE', ( #1501 ), #1171 ) ;
#702 = DIRECTION ( 'NONE',  ( 0.0000000000000000000, 0.0000000000000000000, -1.000000000000000000 ) ) ;
#703 = VERTEX_POINT ( 'NONE', #86 ) ;
#704 = VECTOR ( 'NONE', #1531, 1000.000000000000000 ) ;
#705 = ORIENTED_EDGE ( 'NONE', *, *, #3265, .T. ) ;
#706 = CARTESIAN_POINT ( 'NONE',  ( 13.54757230978757600, 1.698155997276150200, 0.0000000000000000000 ) ) ;
#707 = COLOUR_RGB ( '',0.8941176470588234600, 0.9137254901960784000, 0.9294117647058823800 ) ;
#708 = CARTESIAN_POINT ( 'NONE',  ( -0.005000000000000000100, 0.3167705739222873000, -0.1194959500551799900 ) ) ;
#709 = ORIENTED_EDGE ( 'NONE', *, *, #2000, .F. ) ;
#710 =( NAMED_UNIT ( * ) SI_UNIT ( $, .STERADIAN. ) SOLID_ANGLE_UNIT ( ) );
#711 = CARTESIAN_POINT ( 'NONE',  ( -0.005000000000000000100, -0.2477409776229089200, 1.183767953151024800 ) ) ;
#712 = STYLED_ITEM ( 'NONE', ( #3127 ), #2846 ) ;
#713 = DIRECTION ( 'NONE',  ( 1.000000000000000000, 0.0000000000000000000, 0.0000000000000000000 ) ) ;
#714 = SURFACE_STYLE_USAGE ( .BOTH. , #3300 ) ;
#715 = ORIENTED_EDGE ( 'NONE', *, *, #1747, .F. ) ;
#716 = ORIENTED_EDGE ( 'NONE', *, *, #1256, .T. ) ;
#717 = UNCERTAINTY_MEASURE_WITH_UNIT (LENGTH_MEASURE( 1.000000000000000100E-005 ), #827, 'distance_accuracy_value', 'NONE');
#718 = DIRECTION ( 'NONE',  ( 1.000000000000000000, 0.0000000000000000000, 0.0000000000000000000 ) ) ;
#719 =( GEOMETRIC_REPRESENTATION_CONTEXT ( 3 ) GLOBAL_UNCERTAINTY_ASSIGNED_CONTEXT ( ( #2551 ) ) GLOBAL_UNIT_ASSIGNED_CONTEXT ( ( #2675, #149, #1852 ) ) REPRESENTATION_CONTEXT ( 'NONE', 'WORKASPACE' ) );
#720 = ORIENTED_EDGE ( 'NONE', *, *, #1497, .F. ) ;
#721 = COLOUR_RGB ( '',0.1019607843137254900, 0.1019607843137254900, 0.1019607843137254900 ) ;
#722 = ORIENTED_EDGE ( 'NONE', *, *, #2999, .F. ) ;
#723 = ORIENTED_EDGE ( 'NONE', *, *, #1457, .T. ) ;
#724 = CARTESIAN_POINT ( 'NONE',  ( -0.005000000000000000100, 0.3202280732264091200, 0.4360996671079245800 ) ) ;
#725 = LINE ( 'NONE', #2532, #1832 ) ;
#726 = CARTESIAN_POINT ( 'NONE',  ( 0.0000000000000000000, 0.0000000000000000000, 0.0000000000000000000 ) ) ;
#727 = CARTESIAN_POINT ( 'NONE',  ( 13.74980970587693100, 1.353553390593273700, -0.2500000000000000600 ) ) ;
#728 = DIRECTION ( 'NONE',  ( 0.0000000000000000000, -0.9610029908221278100, -0.2765379750249960500 ) ) ;
#729 = LINE ( 'NONE', #753, #1119 ) ;
#730 = SURFACE_STYLE_FILL_AREA ( #2336 ) ;
#731 =( NAMED_UNIT ( * ) PLANE_ANGLE_UNIT ( ) SI_UNIT ( $, .RADIAN. ) );
#732 = SURFACE_STYLE_USAGE ( .BOTH. , #161 ) ;
#733 = PRESENTATION_STYLE_ASSIGNMENT (( #115 ) ) ;
#734 =( NAMED_UNIT ( * ) SI_UNIT ( $, .STERADIAN. ) SOLID_ANGLE_UNIT ( ) );
#735 =( NAMED_UNIT ( * ) SI_UNIT ( $, .STERADIAN. ) SOLID_ANGLE_UNIT ( ) );
#736 = FACE_OUTER_BOUND ( 'NONE', #1937, .T. ) ;
#737 = CARTESIAN_POINT ( 'NONE',  ( 0.0000000000000000000, 0.4052604870040785700, -0.3665992561741346400 ) ) ;
#738 = CARTESIAN_POINT ( 'NONE',  ( 13.85242769021242500, 1.301844002723850000, 3.061616997868383000E-017 ) ) ;
#739 = DIRECTION ( 'NONE',  ( 0.0000000000000000000, 0.2793947940814913700, -0.9601763114346036900 ) ) ;
#740 = MECHANICAL_DESIGN_GEOMETRIC_PRESENTATION_REPRESENTATION (  '', ( #2001 ), #3359 ) ;
#741 = VECTOR ( 'NONE', #1428, 1000.000000000000000 ) ;
#742 = STYLED_ITEM ( 'NONE', ( #2746 ), #1090 ) ;
#743 = EDGE_CURVE ( 'NONE', #2738, #1853, #1569, .T. ) ;
#744 = ORIENTED_EDGE ( 'NONE', *, *, #614, .F. ) ;
#745 = DIRECTION ( 'NONE',  ( 0.0000000000000000000, 0.0000000000000000000, 1.000000000000000000 ) ) ;
#746 = CARTESIAN_POINT ( 'NONE',  ( -0.005000000000000000100, 0.4052604870040785700, 0.6657266635534341300 ) ) ;
#747 = LINE ( 'NONE', #1025, #3183 ) ;
#748 = SURFACE_SIDE_STYLE ('',( #1402 ) ) ;
#749 = ORIENTED_EDGE ( 'NONE', *, *, #3660, .T. ) ;
#750 = DIRECTION ( 'NONE',  ( 0.0000000000000000000, 1.224646799147352700E-016, 1.000000000000000000 ) ) ;
#751 =( NAMED_UNIT ( * ) PLANE_ANGLE_UNIT ( ) SI_UNIT ( $, .RADIAN. ) );
#752 = ORIENTED_EDGE ( 'NONE', *, *, #1434, .F. ) ;
#753 = CARTESIAN_POINT ( 'NONE',  ( -0.005000000000000000100, 0.4052604870040785700, -0.2861596765811984500 ) ) ;
#754 =( NAMED_UNIT ( * ) PLANE_ANGLE_UNIT ( ) SI_UNIT ( $, .RADIAN. ) );
#755 = VECTOR ( 'NONE', #1444, 1000.000000000000200 ) ;
#756 = ORIENTED_EDGE ( 'NONE', *, *, #1923, .T. ) ;
#757 = SURFACE_STYLE_USAGE ( .BOTH. , #3002 ) ;
#758 = EDGE_CURVE ( 'NONE', #2123, #1642, #2085, .T. ) ;
#759 = DIRECTION ( 'NONE',  ( 0.0000000000000000000, 2.116196963092780500E-016, 1.000000000000000000 ) ) ;
#760 = ORIENTED_EDGE ( 'NONE', *, *, #591, .F. ) ;
#761 = STYLED_ITEM ( 'NONE', ( #2412 ), #2572 ) ;
#762 = FILL_AREA_STYLE_COLOUR ( '', #634 ) ;
#763 = CARTESIAN_POINT ( 'NONE',  ( 15.08503048667141900, -2.250000000000000400, 0.0000000000000000000 ) ) ;
#764 = ORIENTED_EDGE ( 'NONE', *, *, #1077, .F. ) ;
#765 = FACE_OUTER_BOUND ( 'NONE', #208, .T. ) ;
#766 = FILL_AREA_STYLE ('',( #1086 ) ) ;
#767 = FILL_AREA_STYLE_COLOUR ( '', #1436 ) ;
#768 =( GEOMETRIC_REPRESENTATION_CONTEXT ( 3 ) GLOBAL_UNCERTAINTY_ASSIGNED_CONTEXT ( ( #1917 ) ) GLOBAL_UNIT_ASSIGNED_CONTEXT ( ( #2181, #2494, #819 ) ) REPRESENTATION_CONTEXT ( 'NONE', 'WORKASPACE' ) );
#769 = UNCERTAINTY_MEASURE_WITH_UNIT (LENGTH_MEASURE( 1.000000000000000100E-005 ), #1148, 'distance_accuracy_value', 'NONE');
#770 = EDGE_CURVE ( 'NONE', #1110, #2505, #3036, .T. ) ;
#771 = LINE ( 'NONE', #18, #3688 ) ;
#772 = ORIENTED_EDGE ( 'NONE', *, *, #1457, .F. ) ;
#773 = FACE_OUTER_BOUND ( 'NONE', #808, .T. ) ;
#774 = PLANE ( 'NONE',  #1849 ) ;
#775 = CARTESIAN_POINT ( 'NONE',  ( -0.005000000000000000100, -0.4011999999999993300, 1.140223078915931600 ) ) ;
#776 =( LENGTH_UNIT ( ) NAMED_UNIT ( * ) SI_UNIT ( .MILLI., .METRE. ) );
#777 = FILL_AREA_STYLE ('',( #2202 ) ) ;
#778 = FILL_AREA_STYLE ('',( #3597 ) ) ;
#779 = DIRECTION ( 'NONE',  ( 1.000000000000000000, -0.0000000000000000000, -0.0000000000000000000 ) ) ;
#780 =( NAMED_UNIT ( * ) PLANE_ANGLE_UNIT ( ) SI_UNIT ( $, .RADIAN. ) );
#781 = DIRECTION ( 'NONE',  ( 0.0000000000000000000, 0.9615323037684295700, 0.2746918797667243800 ) ) ;
#782 = VECTOR ( 'NONE', #3383, 1000.000000000000100 ) ;
#783 = MECHANICAL_DESIGN_GEOMETRIC_PRESENTATION_REPRESENTATION (  '', ( #2916 ), #1776 ) ;
#784 = VECTOR ( 'NONE', #1594, 1000.000000000000100 ) ;
#785 = SURFACE_SIDE_STYLE ('',( #14 ) ) ;
#786 = SURFACE_STYLE_USAGE ( .BOTH. , #2467 ) ;
#787 = LINE ( 'NONE', #2476, #1661 ) ;
#788 = VERTEX_POINT ( 'NONE', #3134 ) ;
#789 = EDGE_CURVE ( 'NONE', #3153, #1460, #223, .T. ) ;
#790 = FACE_BOUND ( 'NONE', #1179, .T. ) ;
#791 = SURFACE_SIDE_STYLE ('',( #1408 ) ) ;
#792 = ORIENTED_EDGE ( 'NONE', *, *, #2914, .T. ) ;
#793 = AXIS2_PLACEMENT_3D ( 'NONE', #3590, #183, #1330 ) ;
#794 = EDGE_CURVE ( 'NONE', #850, #2025, #2489, .T. ) ;
#795 = DIRECTION ( 'NONE',  ( 0.0000000000000000000, 0.0000000000000000000, 1.000000000000000000 ) ) ;
#796 =( LENGTH_UNIT ( ) NAMED_UNIT ( * ) SI_UNIT ( .MILLI., .METRE. ) );
#797 = ADVANCED_FACE ( 'NONE', ( #688 ), #693, .F. ) ;
#798 = ORIENTED_EDGE ( 'NONE', *, *, #883, .T. ) ;
#799 = SURFACE_STYLE_FILL_AREA ( #1648 ) ;
#800 =( LENGTH_UNIT ( ) NAMED_UNIT ( * ) SI_UNIT ( .MILLI., .METRE. ) );
#801 = MECHANICAL_DESIGN_GEOMETRIC_PRESENTATION_REPRESENTATION (  '', ( #17 ), #110 ) ;
#802 = EDGE_LOOP ( 'NONE', ( #807, #527, #2509, #3540 ) ) ;
#803 =( NAMED_UNIT ( * ) SI_UNIT ( $, .STERADIAN. ) SOLID_ANGLE_UNIT ( ) );
#804 = FILL_AREA_STYLE_COLOUR ( '', #3447 ) ;
#805 =( NAMED_UNIT ( * ) SI_UNIT ( $, .STERADIAN. ) SOLID_ANGLE_UNIT ( ) );
#806 = CLOSED_SHELL ( 'NONE', ( #821, #2271, #2253, #1924, #545, #3137, #2017, #31, #558, #617, #1104, #2239, #8, #2770, #1643, #2882, #2304, #901, #3402, #1362, #1969, #856, #1987, #3102, #1413 ) ) ;
#807 = ORIENTED_EDGE ( 'NONE', *, *, #1326, .T. ) ;
#808 = EDGE_LOOP ( 'NONE', ( #2172, #2295, #2156, #3466 ) ) ;
#809 =( GEOMETRIC_REPRESENTATION_CONTEXT ( 3 ) GLOBAL_UNCERTAINTY_ASSIGNED_CONTEXT ( ( #282 ) ) GLOBAL_UNIT_ASSIGNED_CONTEXT ( ( #3107, #864, #269 ) ) REPRESENTATION_CONTEXT ( 'NONE', 'WORKASPACE' ) );
#810 = EDGE_LOOP ( 'NONE', ( #1409, #1503, #30, #2170 ) ) ;
#811 =( LENGTH_UNIT ( ) NAMED_UNIT ( * ) SI_UNIT ( .MILLI., .METRE. ) );
#812 = LINE ( 'NONE', #3334, #3342 ) ;
#813 = ORIENTED_EDGE ( 'NONE', *, *, #1346, .T. ) ;
#814 = COLOUR_RGB ( '',0.8980392156862745400, 0.9215686274509803400, 0.9294117647058823800 ) ;
#815 = DIRECTION ( 'NONE',  ( 1.000000000000000000, 0.0000000000000000000, 0.0000000000000000000 ) ) ;
#816 = ORIENTED_EDGE ( 'NONE', *, *, #2462, .F. ) ;
#817 = PRESENTATION_LAYER_ASSIGNMENT (  '', '', ( #1065 ) ) ;
#818 = DIRECTION ( 'NONE',  ( 1.000000000000000000, 0.0000000000000000000, 0.0000000000000000000 ) ) ;
#819 =( NAMED_UNIT ( * ) SI_UNIT ( $, .STERADIAN. ) SOLID_ANGLE_UNIT ( ) );
#820 = LINE ( 'NONE', #3100, #680 ) ;
#821 = ADVANCED_FACE ( 'NONE', ( #1427 ), #388, .F. ) ;
#822 = FILL_AREA_STYLE ('',( #2445 ) ) ;
#823 = STYLED_ITEM ( 'NONE', ( #733 ), #821 ) ;
#824 = EDGE_CURVE ( 'NONE', #1120, #3153, #1689, .T. ) ;
#825 =( NAMED_UNIT ( * ) SI_UNIT ( $, .STERADIAN. ) SOLID_ANGLE_UNIT ( ) );
#826 = LINE ( 'NONE', #2089, #1926 ) ;
#827 =( LENGTH_UNIT ( ) NAMED_UNIT ( * ) SI_UNIT ( .MILLI., .METRE. ) );
#828 = FILL_AREA_STYLE_COLOUR ( '', #537 ) ;
#829 = PRESENTATION_LAYER_ASSIGNMENT (  '', '', ( #3111 ) ) ;
#830 = FACE_OUTER_BOUND ( 'NONE', #2515, .T. ) ;
#831 = COLOUR_RGB ( '',0.1019607843137254900, 0.1019607843137254900, 0.1019607843137254900 ) ;
#832 = DIRECTION ( 'NONE',  ( 1.000000000000000000, 0.0000000000000000000, 0.0000000000000000000 ) ) ;
#833 = CARTESIAN_POINT ( 'NONE',  ( -0.005000000000000000100, 0.2495479597583873100, 1.562278302680624400 ) ) ;
#834 = ADVANCED_FACE ( 'NONE', ( #1737 ), #157, .F. ) ;
#835 = AXIS2_PLACEMENT_3D ( 'NONE', #1381, #2804, #2224 ) ;
#836 = PRESENTATION_STYLE_ASSIGNMENT (( #1393 ) ) ;
#837 = LINE ( 'NONE', #3304, #2149 ) ;
#838 = ORIENTED_EDGE ( 'NONE', *, *, #58, .F. ) ;
#839 = SURFACE_STYLE_USAGE ( .BOTH. , #3431 ) ;
#840 = SURFACE_STYLE_FILL_AREA ( #1200 ) ;
#841 = FILL_AREA_STYLE_COLOUR ( '', #52 ) ;
#842 =( GEOMETRIC_REPRESENTATION_CONTEXT ( 3 ) GLOBAL_UNCERTAINTY_ASSIGNED_CONTEXT ( ( #1252 ) ) GLOBAL_UNIT_ASSIGNED_CONTEXT ( ( #552, #1126, #2557 ) ) REPRESENTATION_CONTEXT ( 'NONE', 'WORKASPACE' ) );
#843 = EDGE_CURVE ( 'NONE', #3291, #2463, #265, .T. ) ;
#844 = ORIENTED_EDGE ( 'NONE', *, *, #3282, .F. ) ;
#845 = PRESENTATION_STYLE_ASSIGNMENT (( #2038 ) ) ;
#846 = EDGE_LOOP ( 'NONE', ( #1598, #2335, #916, #1363 ) ) ;
#847 = LINE ( 'NONE', #2585, #755 ) ;
#848 = SURFACE_STYLE_FILL_AREA ( #822 ) ;
#849 =( NAMED_UNIT ( * ) SI_UNIT ( $, .STERADIAN. ) SOLID_ANGLE_UNIT ( ) );
#850 = VERTEX_POINT ( 'NONE', #3550 ) ;
#851 = ADVANCED_BREP_SHAPE_REPRESENTATION ( 'CAR_KTRF5_6.3X11_D6.8L12.5S5F0.5', ( #643, #873, #130, #3287, #2893 ), #1636 ) ;
#852 = CARTESIAN_POINT ( 'NONE',  ( -0.005000000000000000100, 0.2517548742101135000, -0.7776297161960972200 ) ) ;
#853 = CARTESIAN_POINT ( 'NONE',  ( -0.005000000000000000100, -0.4011999999999992200, 1.604910985609601100 ) ) ;
#854 = VERTEX_POINT ( 'NONE', #143 ) ;
#855 = ORIENTED_EDGE ( 'NONE', *, *, #868, .T. ) ;
#856 = ADVANCED_FACE ( 'NONE', ( #3438 ), #1881, .F. ) ;
#857 = ORIENTED_EDGE ( 'NONE', *, *, #3159, .F. ) ;
#858 = COLOUR_RGB ( '',0.1019607843137254900, 0.1019607843137254900, 0.1019607843137254900 ) ;
#859 = PRESENTATION_LAYER_ASSIGNMENT (  '', '', ( #461 ) ) ;
#860 = UNCERTAINTY_MEASURE_WITH_UNIT (LENGTH_MEASURE( 1.000000000000000100E-005 ), #3584, 'distance_accuracy_value', 'NONE');
#861 = VECTOR ( 'NONE', #1435, 1000.000000000000000 ) ;
#862 = CARTESIAN_POINT ( 'NONE',  ( 12.50000000000000000, 0.0000000000000000000, 3.399999999999999900 ) ) ;
#863 =( GEOMETRIC_REPRESENTATION_CONTEXT ( 3 ) GLOBAL_UNCERTAINTY_ASSIGNED_CONTEXT ( ( #401 ) ) GLOBAL_UNIT_ASSIGNED_CONTEXT ( ( #1814, #2612, #915 ) ) REPRESENTATION_CONTEXT ( 'NONE', 'WORKASPACE' ) );
#864 =( NAMED_UNIT ( * ) PLANE_ANGLE_UNIT ( ) SI_UNIT ( $, .RADIAN. ) );
#865 = VECTOR ( 'NONE', #3510, 1000.000000000000100 ) ;
#866 =( LENGTH_UNIT ( ) NAMED_UNIT ( * ) SI_UNIT ( .MILLI., .METRE. ) );
#867 = PRESENTATION_LAYER_ASSIGNMENT (  '', '', ( #742 ) ) ;
#868 = EDGE_CURVE ( 'NONE', #2866, #3291, #1029, .T. ) ;
#869 = PRESENTATION_STYLE_ASSIGNMENT (( #2890 ) ) ;
#870 = ADVANCED_FACE ( 'NONE', ( #582 ), #1049, .F. ) ;
#871 =( GEOMETRIC_REPRESENTATION_CONTEXT ( 3 ) GLOBAL_UNCERTAINTY_ASSIGNED_CONTEXT ( ( #3534 ) ) GLOBAL_UNIT_ASSIGNED_CONTEXT ( ( #1706, #2280, #3443 ) ) REPRESENTATION_CONTEXT ( 'NONE', 'WORKASPACE' ) );
#872 = DIRECTION ( 'NONE',  ( 0.0000000000000000000, -4.904393061150106800E-016, -1.000000000000000000 ) ) ;
#873 = MANIFOLD_SOLID_BREP ( 'Body-Move/Copy1[1]', #3463 ) ;
#874 = MECHANICAL_DESIGN_GEOMETRIC_PRESENTATION_REPRESENTATION (  '', ( #137 ), #2992 ) ;
#875 = DIRECTION ( 'NONE',  ( 0.0000000000000000000, 0.2762437428917420300, -0.9610876102172794000 ) ) ;
#876 = ORIENTED_EDGE ( 'NONE', *, *, #1966, .T. ) ;
#877 = LINE ( 'NONE', #1760, #3439 ) ;
#878 = DIRECTION ( 'NONE',  ( 1.000000000000000000, 0.0000000000000000000, 0.0000000000000000000 ) ) ;
#879 = ORIENTED_EDGE ( 'NONE', *, *, #969, .T. ) ;
#880 =( NAMED_UNIT ( * ) PLANE_ANGLE_UNIT ( ) SI_UNIT ( $, .RADIAN. ) );
#881 = CIRCLE ( 'NONE', #2086, 0.2499999999999997800 ) ;
#882 = AXIS2_PLACEMENT_3D ( 'NONE', #1373, #234, #1360 ) ;
#883 = EDGE_CURVE ( 'NONE', #2977, #2777, #1649, .T. ) ;
#884 = FILL_AREA_STYLE ('',( #286 ) ) ;
#885 = ORIENTED_EDGE ( 'NONE', *, *, #1184, .T. ) ;
#886 = PRODUCT_DEFINITION_CONTEXT ( 'detailed design', #645, 'design' ) ;
#887 = ORIENTED_EDGE ( 'NONE', *, *, #696, .F. ) ;
#888 = ORIENTED_EDGE ( 'NONE', *, *, #2593, .F. ) ;
#889 = DIRECTION ( 'NONE',  ( 0.0000000000000000000, 0.0000000000000000000, -1.000000000000000000 ) ) ;
#890 = ORIENTED_EDGE ( 'NONE', *, *, #229, .T. ) ;
#891 = ORIENTED_EDGE ( 'NONE', *, *, #1160, .T. ) ;
#892 = FILL_AREA_STYLE_COLOUR ( '', #2188 ) ;
#893 = SURFACE_STYLE_FILL_AREA ( #227 ) ;
#894 = FILL_AREA_STYLE ('',( #2809 ) ) ;
#895 = VECTOR ( 'NONE', #1505, 1000.000000000000000 ) ;
#896 = EDGE_LOOP ( 'NONE', ( #934, #1639, #349, #3591 ) ) ;
#897 = SURFACE_SIDE_STYLE ('',( #1225 ) ) ;
#898 = DIRECTION ( 'NONE',  ( 0.0000000000000000000, 0.0000000000000000000, -1.000000000000000000 ) ) ;
#899 = DIRECTION ( 'NONE',  ( 0.0000000000000000000, 0.9601763114327597200, 0.2793947940878283600 ) ) ;
#900 =( GEOMETRIC_REPRESENTATION_CONTEXT ( 3 ) GLOBAL_UNCERTAINTY_ASSIGNED_CONTEXT ( ( #140 ) ) GLOBAL_UNIT_ASSIGNED_CONTEXT ( ( #796, #508, #825 ) ) REPRESENTATION_CONTEXT ( 'NONE', 'WORKASPACE' ) );
#901 = ADVANCED_FACE ( 'NONE', ( #1685 ), #2969, .F. ) ;
#902 = VECTOR ( 'NONE', #3167, 1000.000000000000100 ) ;
#903 =( NAMED_UNIT ( * ) SI_UNIT ( $, .STERADIAN. ) SOLID_ANGLE_UNIT ( ) );
#904 = EDGE_CURVE ( 'NONE', #343, #3150, #812, .T. ) ;
#905 = DIRECTION ( 'NONE',  ( 0.0000000000000000000, 0.0000000000000000000, -1.000000000000000000 ) ) ;
#906 = DIRECTION ( 'NONE',  ( 0.0000000000000000000, 0.2793947940878283600, -0.9601763114327597200 ) ) ;
#907 = PLANE ( 'NONE',  #958 ) ;
#908 = PRESENTATION_STYLE_ASSIGNMENT (( #1677 ) ) ;
#909 = SURFACE_SIDE_STYLE ('',( #338 ) ) ;
#910 = UNCERTAINTY_MEASURE_WITH_UNIT (LENGTH_MEASURE( 1.000000000000000100E-005 ), #3356, 'distance_accuracy_value', 'NONE');
#911 = PRESENTATION_STYLE_ASSIGNMENT (( #3362 ) ) ;
#912 = LINE ( 'NONE', #2713, #323 ) ;
#913 = CARTESIAN_POINT ( 'NONE',  ( -0.005000000000000000100, -0.04733352850003842700, -0.5177189492375647900 ) ) ;
#914 = FILL_AREA_STYLE_COLOUR ( '', #937 ) ;
#915 =( NAMED_UNIT ( * ) SI_UNIT ( $, .STERADIAN. ) SOLID_ANGLE_UNIT ( ) );
#916 = ORIENTED_EDGE ( 'NONE', *, *, #3220, .F. ) ;
#917 = CARTESIAN_POINT ( 'NONE',  ( 0.0000000000000000000, -0.4011999999999996100, 0.05525489251534962400 ) ) ;
#918 = DIRECTION ( 'NONE',  ( 0.0000000000000000000, 0.0000000000000000000, -1.000000000000000000 ) ) ;
#919 = PLANE ( 'NONE',  #2022 ) ;
#920 = ORIENTED_EDGE ( 'NONE', *, *, #2092, .F. ) ;
#921 = AXIS2_PLACEMENT_3D ( 'NONE', #1456, #1098, #2884 ) ;
#922 = ORIENTED_EDGE ( 'NONE', *, *, #2921, .F. ) ;
#923 = FILL_AREA_STYLE ('',( #2851 ) ) ;
#924 = CARTESIAN_POINT ( 'NONE',  ( 15.08503048667141800, 2.249999999999999600, 3.061616997868383000E-017 ) ) ;
#925 =( LENGTH_UNIT ( ) NAMED_UNIT ( * ) SI_UNIT ( .MILLI., .METRE. ) );
#926 = MECHANICAL_DESIGN_GEOMETRIC_PRESENTATION_REPRESENTATION (  '', ( #742 ), #2619 ) ;
#927 = MECHANICAL_DESIGN_GEOMETRIC_PRESENTATION_REPRESENTATION (  '', ( #296 ), #1166 ) ;
#928 = PLANE ( 'NONE',  #2325 ) ;
#929 = EDGE_CURVE ( 'NONE', #3585, #1374, #119, .T. ) ;
#930 = APPLICATION_PROTOCOL_DEFINITION ( 'draft international standard', 'automotive_design', 1998, #645 ) ;
#931 = VERTEX_POINT ( 'NONE', #1290 ) ;
#932 =( NAMED_UNIT ( * ) SI_UNIT ( $, .STERADIAN. ) SOLID_ANGLE_UNIT ( ) );
#933 = ORIENTED_EDGE ( 'NONE', *, *, #1755, .F. ) ;
#934 = ORIENTED_EDGE ( 'NONE', *, *, #3538, .T. ) ;
#935 = CIRCLE ( 'NONE', #2962, 3.399999999999999900 ) ;
#936 = ORIENTED_EDGE ( 'NONE', *, *, #904, .F. ) ;
#937 = COLOUR_RGB ( '',0.1019607843137254900, 0.1019607843137254900, 0.1019607843137254900 ) ;
#938 =( LENGTH_UNIT ( ) NAMED_UNIT ( * ) SI_UNIT ( .MILLI., .METRE. ) );
#939 =( LENGTH_UNIT ( ) NAMED_UNIT ( * ) SI_UNIT ( .MILLI., .METRE. ) );
#940 = VECTOR ( 'NONE', #970, 1000.000000000000000 ) ;
#941 = CARTESIAN_POINT ( 'NONE',  ( -0.005000000000000000100, -0.1708852466576474800, 0.02626914903049474800 ) ) ;
#942 = FILL_AREA_STYLE ('',( #3192 ) ) ;
#943 = DIRECTION ( 'NONE',  ( 0.0000000000000000000, -1.000000000000000000, 2.897571063347024900E-016 ) ) ;
#944 = CARTESIAN_POINT ( 'NONE',  ( -0.005000000000000000100, 0.2517279008103603900, 0.9475398303716038300 ) ) ;
#945 = LINE ( 'NONE', #3399, #3040 ) ;
#946 = CARTESIAN_POINT ( 'NONE',  ( -0.005000000000000000100, 0.3202280732264091200, 0.4360996671079245800 ) ) ;
#947 =( GEOMETRIC_REPRESENTATION_CONTEXT ( 3 ) GLOBAL_UNCERTAINTY_ASSIGNED_CONTEXT ( ( #2496 ) ) GLOBAL_UNIT_ASSIGNED_CONTEXT ( ( #1084, #3081, #3033 ) ) REPRESENTATION_CONTEXT ( 'NONE', 'WORKASPACE' ) );
#948 = EDGE_CURVE ( 'NONE', #2217, #3498, #2834, .T. ) ;
#949 = FILL_AREA_STYLE ('',( #1218 ) ) ;
#950 = DIRECTION ( 'NONE',  ( 0.0000000000000000000, 0.0000000000000000000, -1.000000000000000000 ) ) ;
#951 =( LENGTH_UNIT ( ) NAMED_UNIT ( * ) SI_UNIT ( .MILLI., .METRE. ) );
#952 = UNCERTAINTY_MEASURE_WITH_UNIT (LENGTH_MEASURE( 1.000000000000000100E-005 ), #658, 'distance_accuracy_value', 'NONE');
#953 = CARTESIAN_POINT ( 'NONE',  ( 0.0000000000000000000, 0.4052604870040785700, -1.828637200791843900 ) ) ;
#954 = SURFACE_STYLE_USAGE ( .BOTH. , #2094 ) ;
#955 = LINE ( 'NONE', #1113, #277 ) ;
#956 = ORIENTED_EDGE ( 'NONE', *, *, #794, .T. ) ;
#957 = LINE ( 'NONE', #498, #2629 ) ;
#958 = AXIS2_PLACEMENT_3D ( 'NONE', #2831, #2561, #1152 ) ;
#959 = VERTEX_POINT ( 'NONE', #2167 ) ;
#960 = SURFACE_SIDE_STYLE ('',( #2647 ) ) ;
#961 = DIRECTION ( 'NONE',  ( 1.000000000000000000, 0.0000000000000000000, 0.0000000000000000000 ) ) ;
#962 = SURFACE_STYLE_USAGE ( .BOTH. , #350 ) ;
#963 = ORIENTED_EDGE ( 'NONE', *, *, #3147, .F. ) ;
#964 =( GEOMETRIC_REPRESENTATION_CONTEXT ( 3 ) GLOBAL_UNCERTAINTY_ASSIGNED_CONTEXT ( ( #1865 ) ) GLOBAL_UNIT_ASSIGNED_CONTEXT ( ( #2447, #754, #3578 ) ) REPRESENTATION_CONTEXT ( 'NONE', 'WORKASPACE' ) );
#965 =( LENGTH_UNIT ( ) NAMED_UNIT ( * ) SI_UNIT ( .MILLI., .METRE. ) );
#966 = SURFACE_SIDE_STYLE ('',( #13 ) ) ;
#967 = ORIENTED_EDGE ( 'NONE', *, *, #3022, .T. ) ;
#968 =( GEOMETRIC_REPRESENTATION_CONTEXT ( 3 ) GLOBAL_UNCERTAINTY_ASSIGNED_CONTEXT ( ( #281 ) ) GLOBAL_UNIT_ASSIGNED_CONTEXT ( ( #951, #3177, #1498 ) ) REPRESENTATION_CONTEXT ( 'NONE', 'WORKASPACE' ) );
#969 = EDGE_CURVE ( 'NONE', #1460, #2505, #1154, .T. ) ;
#970 = DIRECTION ( 'NONE',  ( 1.000000000000000000, 0.0000000000000000000, 0.0000000000000000000 ) ) ;
#971 = VERTEX_POINT ( 'NONE', #2997 ) ;
#972 = EDGE_LOOP ( 'NONE', ( #1146, #2589, #3019, #3468 ) ) ;
#973 = STYLED_ITEM ( 'NONE', ( #1425 ), #870 ) ;
#974 = EDGE_CURVE ( 'NONE', #2357, #1680, #1780, .T. ) ;
#975 = ORIENTED_EDGE ( 'NONE', *, *, #2438, .F. ) ;
#976 = VECTOR ( 'NONE', #713, 1000.000000000000000 ) ;
#977 = VERTEX_POINT ( 'NONE', #186 ) ;
#978 = CARTESIAN_POINT ( 'NONE',  ( 0.0000000000000000000, -0.04733352850171775000, 0.8613573689530075200 ) ) ;
#979 = VERTEX_POINT ( 'NONE', #3042 ) ;
#980 = PRESENTATION_LAYER_ASSIGNMENT (  '', '', ( #137 ) ) ;
#981 = UNCERTAINTY_MEASURE_WITH_UNIT (LENGTH_MEASURE( 1.000000000000000100E-005 ), #550, 'distance_accuracy_value', 'NONE');
#982 = PRESENTATION_STYLE_ASSIGNMENT (( #2813 ) ) ;
#983 = CARTESIAN_POINT ( 'NONE',  ( -0.005000000000000000100, -0.4011999999999992200, 1.375180999823006200 ) ) ;
#984 = FILL_AREA_STYLE_COLOUR ( '', #814 ) ;
#985 = CARTESIAN_POINT ( 'NONE',  ( 13.78503048667141900, -1.249999999999999600, 0.0000000000000000000 ) ) ;
#986 =( LENGTH_UNIT ( ) NAMED_UNIT ( * ) SI_UNIT ( .MILLI., .METRE. ) );
#987 = CARTESIAN_POINT ( 'NONE',  ( 11.24131999999999800, 0.0000000000000000000, 0.0000000000000000000 ) ) ;
#988 =( LENGTH_UNIT ( ) NAMED_UNIT ( * ) SI_UNIT ( .MILLI., .METRE. ) );
#989 = PRESENTATION_STYLE_ASSIGNMENT (( #1477 ) ) ;
#990 = FILL_AREA_STYLE_COLOUR ( '', #2554 ) ;
#991 = EDGE_CURVE ( 'NONE', #192, #2688, #1116, .T. ) ;
#992 = STYLED_ITEM ( 'NONE', ( #77 ), #3450 ) ;
#993 = CARTESIAN_POINT ( 'NONE',  ( 0.0000000000000000000, -0.1708852466576474800, 0.02626914903049474800 ) ) ;
#994 = PRESENTATION_LAYER_ASSIGNMENT (  '', '', ( #3338 ) ) ;
#995 = FACE_OUTER_BOUND ( 'NONE', #2861, .T. ) ;
#996 = EDGE_CURVE ( 'NONE', #3672, #971, #3069, .T. ) ;
#997 =( NAMED_UNIT ( * ) PLANE_ANGLE_UNIT ( ) SI_UNIT ( $, .RADIAN. ) );
#998 =( LENGTH_UNIT ( ) NAMED_UNIT ( * ) SI_UNIT ( .MILLI., .METRE. ) );
#999 = CARTESIAN_POINT ( 'NONE',  ( 13.70000000000000100, 1.500000000000000000, -0.2500000000000000000 ) ) ;
#1000 = VECTOR ( 'NONE', #2120, 1000.000000000000000 ) ;
#1001 =( NAMED_UNIT ( * ) SI_UNIT ( $, .STERADIAN. ) SOLID_ANGLE_UNIT ( ) );
#1002 = FILL_AREA_STYLE ('',( #1275 ) ) ;
#1003 = EDGE_LOOP ( 'NONE', ( #1491, #1779, #1243, #3297 ) ) ;
#1004 = DIRECTION ( 'NONE',  ( 1.000000000000000000, 0.0000000000000000000, 0.0000000000000000000 ) ) ;
#1005 = UNCERTAINTY_MEASURE_WITH_UNIT (LENGTH_MEASURE( 1.000000000000000100E-005 ), #1231, 'distance_accuracy_value', 'NONE');
#1006 = ORIENTED_EDGE ( 'NONE', *, *, #422, .F. ) ;
#1007 = AXIS2_PLACEMENT_3D ( 'NONE', #258, #1688, #576 ) ;
#1008 = DIRECTION ( 'NONE',  ( 0.0000000000000000000, 0.0000000000000000000, 1.000000000000000000 ) ) ;
#1009 = ORIENTED_EDGE ( 'NONE', *, *, #1397, .T. ) ;
#1010 = PRESENTATION_STYLE_ASSIGNMENT (( #492 ) ) ;
#1011 = EDGE_CURVE ( 'NONE', #3543, #1272, #2073, .T. ) ;
#1012 = DIRECTION ( 'NONE',  ( 0.0000000000000000000, -0.9610348236706635100, -0.2764273280489769100 ) ) ;
#1013 = PRESENTATION_LAYER_ASSIGNMENT (  '', '', ( #3261 ) ) ;
#1014 =( LENGTH_UNIT ( ) NAMED_UNIT ( * ) SI_UNIT ( .MILLI., .METRE. ) );
#1015 = VERTEX_POINT ( 'NONE', #297 ) ;
#1016 = FACE_OUTER_BOUND ( 'NONE', #1708, .T. ) ;
#1017 = CARTESIAN_POINT ( 'NONE',  ( -0.005000000000000000100, 0.2495304306676689700, 2.012755780601337600 ) ) ;
#1018 = MECHANICAL_DESIGN_GEOMETRIC_PRESENTATION_REPRESENTATION (  '', ( #2842 ), #2341 ) ;
#1019 = ORIENTED_EDGE ( 'NONE', *, *, #1379, .F. ) ;
#1020 = EDGE_CURVE ( 'NONE', #2556, #971, #2555, .T. ) ;
#1021 = ORIENTED_EDGE ( 'NONE', *, *, #1537, .T. ) ;
#1022 = SURFACE_STYLE_FILL_AREA ( #3214 ) ;
#1023 = ORIENTED_EDGE ( 'NONE', *, *, #2887, .F. ) ;
#1024 = PRODUCT_DEFINITION_FORMATION_WITH_SPECIFIED_SOURCE ( 'ANY', '', #3674, .NOT_KNOWN. ) ;
#1025 = CARTESIAN_POINT ( 'NONE',  ( 0.0000000000000000000, -0.4011999999999992200, 1.604910985609601100 ) ) ;
#1026 = COLOUR_RGB ( '',0.1019607843137254900, 0.1019607843137254900, 0.1019607843137254900 ) ;
#1027 = DIRECTION ( 'NONE',  ( 0.0000000000000000000, -0.9611542233438689100, -0.2760118818968561000 ) ) ;
#1028 = SURFACE_STYLE_FILL_AREA ( #3112 ) ;
#1029 = LINE ( 'NONE', #3329, #1080 ) ;
#1030 = SURFACE_SIDE_STYLE ('',( #2596 ) ) ;
#1031 =( LENGTH_UNIT ( ) NAMED_UNIT ( * ) SI_UNIT ( .MILLI., .METRE. ) );
#1032 = CARTESIAN_POINT ( 'NONE',  ( -0.005000000000000000100, 0.4052604870040784600, 0.7628848468199775900 ) ) ;
#1033 = DIRECTION ( 'NONE',  ( 1.000000000000000000, 0.0000000000000000000, 0.0000000000000000000 ) ) ;
#1034 = MECHANICAL_DESIGN_GEOMETRIC_PRESENTATION_REPRESENTATION (  '', ( #461 ), #2683 ) ;
#1035 = SURFACE_SIDE_STYLE ('',( #1879 ) ) ;
#1036 = CYLINDRICAL_SURFACE ( 'NONE', #3364, 0.2500000000000000000 ) ;
#1037 = CARTESIAN_POINT ( 'NONE',  ( 10.94211999999999900, 4.163799117101003500E-016, 3.400000000000002100 ) ) ;
#1038 = DIRECTION ( 'NONE',  ( 1.000000000000000000, 0.0000000000000000000, 0.0000000000000000000 ) ) ;
#1039 = FILL_AREA_STYLE ('',( #804 ) ) ;
#1040 = LINE ( 'NONE', #1430, #2950 ) ;
#1041 = CARTESIAN_POINT ( 'NONE',  ( 13.74980970587693100, -1.353553390593273700, 0.2500000000000000600 ) ) ;
#1042 =( NAMED_UNIT ( * ) PLANE_ANGLE_UNIT ( ) SI_UNIT ( $, .RADIAN. ) );
#1043 = CARTESIAN_POINT ( 'NONE',  ( 14.40710678118654900, -1.500000000000000000, -0.2500000000000000000 ) ) ;
#1044 = COLOUR_RGB ( '',0.8980392156862745400, 0.9215686274509803400, 0.9294117647058823800 ) ;
#1045 = PRESENTATION_LAYER_ASSIGNMENT (  '', '', ( #296 ) ) ;
#1046 = EDGE_CURVE ( 'NONE', #2011, #2413, #2983, .T. ) ;
#1047 = DIRECTION ( 'NONE',  ( 0.0000000000000000000, 3.021165783968248400E-016, 1.000000000000000000 ) ) ;
#1048 = FILL_AREA_STYLE ('',( #155 ) ) ;
#1049 = PLANE ( 'NONE',  #1349 ) ;
#1050 = ORIENTED_EDGE ( 'NONE', *, *, #220, .F. ) ;
#1051 = AXIS2_PLACEMENT_3D ( 'NONE', #2364, #2952, #90 ) ;
#1052 = COLOUR_RGB ( '',0.1019607843137254900, 0.1019607843137254900, 0.1019607843137254900 ) ;
#1053 = CARTESIAN_POINT ( 'NONE',  ( 13.70000000000000100, 1.500000000000000000, -0.2500000000000000000 ) ) ;
#1054 = FILL_AREA_STYLE_COLOUR ( '', #3586 ) ;
#1055 = EDGE_LOOP ( 'NONE', ( #2541, #430, #2548, #165 ) ) ;
#1056 = CARTESIAN_POINT ( 'NONE',  ( 15.08503048667141800, 2.249999999999998700, -0.5000000000000000000 ) ) ;
#1057 = TOROIDAL_SURFACE ( 'NONE', #304, 3.346417898510792200, 0.3039599999999999500 ) ;
#1058 = AXIS2_PLACEMENT_3D ( 'NONE', #3064, #1063, #1331 ) ;
#1059 = ORIENTED_EDGE ( 'NONE', *, *, #1772, .T. ) ;
#1060 = CARTESIAN_POINT ( 'NONE',  ( 15.00000000000000000, 2.749999999999999100, 0.0000000000000000000 ) ) ;
#1061 = ORIENTED_EDGE ( 'NONE', *, *, #2320, .F. ) ;
#1062 = LINE ( 'NONE', #2733, #1947 ) ;
#1063 = DIRECTION ( 'NONE',  ( 1.000000000000000000, -0.0000000000000000000, -0.0000000000000000000 ) ) ;
#1064 = ORIENTED_EDGE ( 'NONE', *, *, #3525, .F. ) ;
#1065 = STYLED_ITEM ( 'NONE', ( #1601 ), #3287 ) ;
#1066 = PLANE ( 'NONE',  #2946 ) ;
#1067 =( LENGTH_UNIT ( ) NAMED_UNIT ( * ) SI_UNIT ( .MILLI., .METRE. ) );
#1068 = CARTESIAN_POINT ( 'NONE',  ( 13.78503048667141900, -1.250000000000000000, 0.1464466094067263000 ) ) ;
#1069 = ORIENTED_EDGE ( 'NONE', *, *, #3147, .T. ) ;
#1070 = VECTOR ( 'NONE', #2597, 1000.000000000000000 ) ;
#1071 = EDGE_LOOP ( 'NONE', ( #2099, #1151, #3684, #2258 ) ) ;
#1072 = ADVANCED_FACE ( 'NONE', ( #1596 ), #1703, .F. ) ;
#1073 = CARTESIAN_POINT ( 'NONE',  ( 11.24131999999999800, 0.0000000000000000000, 0.0000000000000000000 ) ) ;
#1074 = LINE ( 'NONE', #2877, #2985 ) ;
#1075 = CARTESIAN_POINT ( 'NONE',  ( 14.91496951332858200, 2.749999999999999600, -0.5000000000000000000 ) ) ;
#1076 = PRESENTATION_LAYER_ASSIGNMENT (  '', '', ( #1441 ) ) ;
#1077 = EDGE_CURVE ( 'NONE', #979, #1144, #261, .T. ) ;
#1078 = ORIENTED_EDGE ( 'NONE', *, *, #275, .T. ) ;
#1079 = PRESENTATION_STYLE_ASSIGNMENT (( #2568 ) ) ;
#1080 = VECTOR ( 'NONE', #3039, 1000.000000000000200 ) ;
#1081 = UNCERTAINTY_MEASURE_WITH_UNIT (LENGTH_MEASURE( 1.000000000000000100E-005 ), #3350, 'distance_accuracy_value', 'NONE');
#1082 = PLANE ( 'NONE',  #358 ) ;
#1083 = CARTESIAN_POINT ( 'NONE',  ( 15.08503048667141900, -2.250000000000000400, 0.0000000000000000000 ) ) ;
#1084 =( LENGTH_UNIT ( ) NAMED_UNIT ( * ) SI_UNIT ( .MILLI., .METRE. ) );
#1085 = CARTESIAN_POINT ( 'NONE',  ( 13.70000000000000100, -1.500000000000000000, 0.2500000000000000000 ) ) ;
#1086 = FILL_AREA_STYLE_COLOUR ( '', #2026 ) ;
#1087 = PRESENTATION_LAYER_ASSIGNMENT (  '', '', ( #3273 ) ) ;
#1088 = DIRECTION ( 'NONE',  ( 0.0000000000000000000, -2.911655409887174100E-016, -1.000000000000000000 ) ) ;
#1089 = STYLED_ITEM ( 'NONE', ( #2500 ), #31 ) ;
#1090 = ADVANCED_FACE ( 'NONE', ( #765 ), #3480, .F. ) ;
#1091 =( GEOMETRIC_REPRESENTATION_CONTEXT ( 3 ) GLOBAL_UNCERTAINTY_ASSIGNED_CONTEXT ( ( #1355 ) ) GLOBAL_UNIT_ASSIGNED_CONTEXT ( ( #811, #2776, #3341 ) ) REPRESENTATION_CONTEXT ( 'NONE', 'WORKASPACE' ) );
#1092 = CARTESIAN_POINT ( 'NONE',  ( 0.0000000000000000000, -0.4011999999999999500, -1.194452101232405600 ) ) ;
#1093 = DIRECTION ( 'NONE',  ( 1.000000000000000000, -0.0000000000000000000, -0.0000000000000000000 ) ) ;
#1094 = STYLED_ITEM ( 'NONE', ( #2005 ), #219 ) ;
#1095 = SURFACE_STYLE_FILL_AREA ( #3651 ) ;
#1096 = PRESENTATION_STYLE_ASSIGNMENT (( #714 ) ) ;
#1097 =( GEOMETRIC_REPRESENTATION_CONTEXT ( 3 ) GLOBAL_UNCERTAINTY_ASSIGNED_CONTEXT ( ( #2896 ) ) GLOBAL_UNIT_ASSIGNED_CONTEXT ( ( #2482, #490, #3643 ) ) REPRESENTATION_CONTEXT ( 'NONE', 'WORKASPACE' ) );
#1098 = DIRECTION ( 'NONE',  ( 0.0000000000000000000, 1.000000000000000000, 0.0000000000000000000 ) ) ;
#1099 = ORIENTED_EDGE ( 'NONE', *, *, #1637, .F. ) ;
#1100 = VECTOR ( 'NONE', #158, 1000.000000000000000 ) ;
#1101 = CARTESIAN_POINT ( 'NONE',  ( -0.005000000000000000100, 0.03668615675609743200, -1.705572295298872300 ) ) ;
#1102 = ORIENTED_EDGE ( 'NONE', *, *, #1725, .T. ) ;
#1103 = EDGE_LOOP ( 'NONE', ( #2689, #709, #3502, #1453 ) ) ;
#1104 = ADVANCED_FACE ( 'NONE', ( #1909 ), #928, .F. ) ;
#1105 = DIRECTION ( 'NONE',  ( 0.0000000000000000000, -1.000000000000000000, 0.0000000000000000000 ) ) ;
#1106 = FACE_OUTER_BOUND ( 'NONE', #466, .T. ) ;
#1107 = ORIENTED_EDGE ( 'NONE', *, *, #2951, .T. ) ;
#1108 = STYLED_ITEM ( 'NONE', ( #122 ), #2469 ) ;
#1109 = CARTESIAN_POINT ( 'NONE',  ( 0.0000000000000000000, 4.163799117101000600E-016, -3.399999999999999900 ) ) ;
#1110 = VERTEX_POINT ( 'NONE', #2319 ) ;
#1111 = CARTESIAN_POINT ( 'NONE',  ( -0.005000000000000000100, -0.2477704031468527200, -0.4738651069806681900 ) ) ;
#1112 = EDGE_LOOP ( 'NONE', ( #113, #838, #975, #1555 ) ) ;
#1113 = CARTESIAN_POINT ( 'NONE',  ( -0.005000000000000000100, -0.4011999999999996700, -0.1597402611235481400 ) ) ;
#1114 = VERTEX_POINT ( 'NONE', #629 ) ;
#1115 = PRESENTATION_LAYER_ASSIGNMENT (  '', '', ( #291 ) ) ;
#1116 = LINE ( 'NONE', #2374, #3513 ) ;
#1117 = SURFACE_SIDE_STYLE ('',( #41 ) ) ;
#1118 = FILL_AREA_STYLE ('',( #841 ) ) ;
#1119 = VECTOR ( 'NONE', #1302, 1000.000000000000000 ) ;
#1120 = VERTEX_POINT ( 'NONE', #95 ) ;
#1121 = EDGE_CURVE ( 'NONE', #293, #2290, #382, .T. ) ;
#1122 = UNCERTAINTY_MEASURE_WITH_UNIT (LENGTH_MEASURE( 1.000000000000000100E-005 ), #3258, 'distance_accuracy_value', 'NONE');
#1123 = ADVANCED_FACE ( 'NONE', ( #571 ), #3487, .F. ) ;
#1124 = LINE ( 'NONE', #941, #1253 ) ;
#1125 = CARTESIAN_POINT ( 'NONE',  ( 0.0000000000000000000, 0.0000000000000000000, 0.0000000000000000000 ) ) ;
#1126 =( NAMED_UNIT ( * ) PLANE_ANGLE_UNIT ( ) SI_UNIT ( $, .RADIAN. ) );
#1127 =( GEOMETRIC_REPRESENTATION_CONTEXT ( 3 ) GLOBAL_UNCERTAINTY_ASSIGNED_CONTEXT ( ( #3618 ) ) GLOBAL_UNIT_ASSIGNED_CONTEXT ( ( #800, #2740, #3331 ) ) REPRESENTATION_CONTEXT ( 'NONE', 'WORKASPACE' ) );
#1128 = FACE_OUTER_BOUND ( 'NONE', #2352, .T. ) ;
#1129 = LINE ( 'NONE', #443, #3315 ) ;
#1130 = AXIS2_PLACEMENT_3D ( 'NONE', #2614, #91, #2069 ) ;
#1131 = VECTOR ( 'NONE', #3404, 1000.000000000000000 ) ;
#1132 = FILL_AREA_STYLE_COLOUR ( '', #2145 ) ;
#1133 = ORIENTED_EDGE ( 'NONE', *, *, #1138, .F. ) ;
#1134 = DIRECTION ( 'NONE',  ( 0.0000000000000000000, 0.0000000000000000000, 1.000000000000000000 ) ) ;
#1135 = FACE_BOUND ( 'NONE', #2256, .T. ) ;
#1136 = SURFACE_STYLE_USAGE ( .BOTH. , #3432 ) ;
#1137 = PRESENTATION_LAYER_ASSIGNMENT (  '', '', ( #181 ) ) ;
#1138 = EDGE_CURVE ( 'NONE', #1853, #247, #3599, .T. ) ;
#1139 = ADVANCED_FACE ( 'NONE', ( #1234 ), #3627, .T. ) ;
#1140 = VERTEX_POINT ( 'NONE', #399 ) ;
#1141 = DIRECTION ( 'NONE',  ( 1.000000000000000000, 0.0000000000000000000, 0.0000000000000000000 ) ) ;
#1142 = DIRECTION ( 'NONE',  ( 0.0000000000000000000, 0.9610876102172794000, 0.2762437428917420300 ) ) ;
#1143 = LINE ( 'NONE', #2927, #1274 ) ;
#1144 = VERTEX_POINT ( 'NONE', #1840 ) ;
#1145 = CARTESIAN_POINT ( 'NONE',  ( 12.50000000000000000, 4.163799117101000600E-016, -3.399999999999999900 ) ) ;
#1146 = ORIENTED_EDGE ( 'NONE', *, *, #1772, .F. ) ;
#1147 = FILL_AREA_STYLE ('',( #2275 ) ) ;
#1148 =( LENGTH_UNIT ( ) NAMED_UNIT ( * ) SI_UNIT ( .MILLI., .METRE. ) );
#1149 = PRESENTATION_LAYER_ASSIGNMENT (  '', '', ( #2955 ) ) ;
#1150 = ORIENTED_EDGE ( 'NONE', *, *, #2966, .T. ) ;
#1151 = ORIENTED_EDGE ( 'NONE', *, *, #2155, .F. ) ;
#1152 = DIRECTION ( 'NONE',  ( 0.0000000000000000000, 0.8843386665637610300, 0.4668459304955212600 ) ) ;
#1153 = ORIENTED_EDGE ( 'NONE', *, *, #2393, .T. ) ;
#1154 = LINE ( 'NONE', #2716, #3249 ) ;
#1155 = VERTEX_POINT ( 'NONE', #2698 ) ;
#1156 = MECHANICAL_DESIGN_GEOMETRIC_PRESENTATION_REPRESENTATION (  '', ( #3261 ), #1091 ) ;
#1157 = CARTESIAN_POINT ( 'NONE',  ( 0.0000000000000000000, 0.2495479597563773100, 1.791954341669122800 ) ) ;
#1158 = ADVANCED_FACE ( 'NONE', ( #1584 ), #1057, .F. ) ;
#1159 = PLANE ( 'NONE',  #94 ) ;
#1160 = EDGE_CURVE ( 'NONE', #1680, #79, #202, .T. ) ;
#1161 = SURFACE_SIDE_STYLE ('',( #3657 ) ) ;
#1162 = DIRECTION ( 'NONE',  ( 0.0000000000000000000, 1.224646799147352700E-016, 1.000000000000000000 ) ) ;
#1163 = SURFACE_STYLE_USAGE ( .BOTH. , #320 ) ;
#1164 =( NAMED_UNIT ( * ) PLANE_ANGLE_UNIT ( ) SI_UNIT ( $, .RADIAN. ) );
#1165 =( GEOMETRIC_REPRESENTATION_CONTEXT ( 3 ) GLOBAL_UNCERTAINTY_ASSIGNED_CONTEXT ( ( #2843 ) ) GLOBAL_UNIT_ASSIGNED_CONTEXT ( ( #776, #1603, #1893 ) ) REPRESENTATION_CONTEXT ( 'NONE', 'WORKASPACE' ) );
#1166 =( GEOMETRIC_REPRESENTATION_CONTEXT ( 3 ) GLOBAL_UNCERTAINTY_ASSIGNED_CONTEXT ( ( #1608 ) ) GLOBAL_UNIT_ASSIGNED_CONTEXT ( ( #1512, #2035, #2894 ) ) REPRESENTATION_CONTEXT ( 'NONE', 'WORKASPACE' ) );
#1167 = EDGE_CURVE ( 'NONE', #3424, #1114, #457, .T. ) ;
#1168 = PRESENTATION_LAYER_ASSIGNMENT (  '', '', ( #17 ) ) ;
#1169 = DIRECTION ( 'NONE',  ( -0.6097107608496940000, 0.7926239891045988600, 0.0000000000000000000 ) ) ;
#1170 = SURFACE_STYLE_FILL_AREA ( #1348 ) ;
#1171 = ADVANCED_FACE ( 'NONE', ( #289 ), #1900, .F. ) ;
#1172 =( NAMED_UNIT ( * ) SI_UNIT ( $, .STERADIAN. ) SOLID_ANGLE_UNIT ( ) );
#1173 = STYLED_ITEM ( 'NONE', ( #2222 ), #2253 ) ;
#1174 = SURFACE_STYLE_USAGE ( .BOTH. , #3166 ) ;
#1175 = ORIENTED_EDGE ( 'NONE', *, *, #3449, .T. ) ;
#1176 = MECHANICAL_DESIGN_GEOMETRIC_PRESENTATION_REPRESENTATION (  '', ( #291 ), #2072 ) ;
#1177 = VECTOR ( 'NONE', #646, 1000.000000000000200 ) ;
#1178 = CARTESIAN_POINT ( 'NONE',  ( 12.50000000000000000, 4.163799117101000600E-016, -3.399999999999999900 ) ) ;
#1179 = EDGE_LOOP ( 'NONE', ( #1061, #1675 ) ) ;
#1180 = PLANE ( 'NONE',  #2719 ) ;
#1181 = UNCERTAINTY_MEASURE_WITH_UNIT (LENGTH_MEASURE( 1.000000000000000100E-005 ), #2615, 'distance_accuracy_value', 'NONE');
#1182 = STYLED_ITEM ( 'NONE', ( #3302 ), #1072 ) ;
#1183 =( NAMED_UNIT ( * ) SI_UNIT ( $, .STERADIAN. ) SOLID_ANGLE_UNIT ( ) );
#1184 = EDGE_CURVE ( 'NONE', #2973, #682, #129, .T. ) ;
#1185 = SURFACE_STYLE_USAGE ( .BOTH. , #348 ) ;
#1186 = LINE ( 'NONE', #724, #3501 ) ;
#1187 = ORIENTED_EDGE ( 'NONE', *, *, #3312, .T. ) ;
#1188 = DIRECTION ( 'NONE',  ( 0.0000000000000000000, 0.9610992334305541500, 0.2762033010287913100 ) ) ;
#1189 = VERTEX_POINT ( 'NONE', #1334 ) ;
#1190 = COLOUR_RGB ( '',0.1019607843137254900, 0.1019607843137254900, 0.1019607843137254900 ) ;
#1191 = ORIENTED_EDGE ( 'NONE', *, *, #2857, .F. ) ;
#1192 = UNCERTAINTY_MEASURE_WITH_UNIT (LENGTH_MEASURE( 1.000000000000000100E-005 ), #3309, 'distance_accuracy_value', 'NONE');
#1193 = SURFACE_SIDE_STYLE ('',( #1785 ) ) ;
#1194 = LINE ( 'NONE', #1862, #1238 ) ;
#1195 = ORIENTED_EDGE ( 'NONE', *, *, #3660, .F. ) ;
#1196 = CARTESIAN_POINT ( 'NONE',  ( -0.005000000000000000100, -0.04733352850003842700, -0.5177189492375647900 ) ) ;
#1197 =( LENGTH_UNIT ( ) NAMED_UNIT ( * ) SI_UNIT ( .MILLI., .METRE. ) );
#1198 = AXIS2_PLACEMENT_3D ( 'NONE', #584, #3440, #2863 ) ;
#1199 = ORIENTED_EDGE ( 'NONE', *, *, #1326, .F. ) ;
#1200 = FILL_AREA_STYLE ('',( #2599 ) ) ;
#1201 = FACE_OUTER_BOUND ( 'NONE', #1287, .T. ) ;
#1202 = PRESENTATION_LAYER_ASSIGNMENT (  '', '', ( #712 ) ) ;
#1203 = LINE ( 'NONE', #686, #2351 ) ;
#1204 = VECTOR ( 'NONE', #3013, 1000.000000000000000 ) ;
#1205 =( NAMED_UNIT ( * ) SI_UNIT ( $, .STERADIAN. ) SOLID_ANGLE_UNIT ( ) );
#1206 = PRESENTATION_LAYER_ASSIGNMENT (  '', '', ( #1965 ) ) ;
#1207 = CARTESIAN_POINT ( 'NONE',  ( 15.08503048667141800, 2.249999999999998700, 0.5000000000000000000 ) ) ;
#1208 = CARTESIAN_POINT ( 'NONE',  ( -0.005000000000000000100, -0.4011999999999995600, 0.2289292512596815800 ) ) ;
#1209 = CARTESIAN_POINT ( 'NONE',  ( -0.005000000000000000100, -0.2477409776229089200, 1.183767953151024800 ) ) ;
#1210 =( NAMED_UNIT ( * ) PLANE_ANGLE_UNIT ( ) SI_UNIT ( $, .RADIAN. ) );
#1211 = VECTOR ( 'NONE', #3418, 1000.000000000000000 ) ;
#1212 =( NAMED_UNIT ( * ) PLANE_ANGLE_UNIT ( ) SI_UNIT ( $, .RADIAN. ) );
#1213 = DIRECTION ( 'NONE',  ( 1.000000000000000000, 0.0000000000000000000, 0.0000000000000000000 ) ) ;
#1214 = SURFACE_STYLE_FILL_AREA ( #3462 ) ;
#1215 = UNCERTAINTY_MEASURE_WITH_UNIT (LENGTH_MEASURE( 1.000000000000000100E-005 ), #1337, 'distance_accuracy_value', 'NONE');
#1216 = CARTESIAN_POINT ( 'NONE',  ( -0.005000000000000000100, 0.4052604870040785700, -1.599010204346267900 ) ) ;
#1217 = LINE ( 'NONE', #353, #2324 ) ;
#1218 = FILL_AREA_STYLE_COLOUR ( '', #257 ) ;
#1219 =( NAMED_UNIT ( * ) SI_UNIT ( $, .STERADIAN. ) SOLID_ANGLE_UNIT ( ) );
#1220 = PRODUCT_CONTEXT ( 'NONE', #50, 'mechanical' ) ;
#1221 = ORIENTED_EDGE ( 'NONE', *, *, #789, .T. ) ;
#1222 = DIRECTION ( 'NONE',  ( 0.0000000000000000000, -0.002813301676022725000, 0.9999960426590096500 ) ) ;
#1223 = DIRECTION ( 'NONE',  ( 0.0000000000000000000, 0.6995643972270416700, 0.7145695586381818300 ) ) ;
#1224 = ORIENTED_EDGE ( 'NONE', *, *, #1379, .T. ) ;
#1225 = SURFACE_STYLE_FILL_AREA ( #40 ) ;
#1226 = CARTESIAN_POINT ( 'NONE',  ( -0.005000000000000000100, -0.4011999999999999500, -1.194452101232405600 ) ) ;
#1227 = PRESENTATION_LAYER_ASSIGNMENT (  '', '', ( #3264 ) ) ;
#1228 = ORIENTED_EDGE ( 'NONE', *, *, #3625, .T. ) ;
#1229 = CARTESIAN_POINT ( 'NONE',  ( -0.005000000000000000100, -0.2477409776229089200, 0.8041443378877790600 ) ) ;
#1230 = STYLED_ITEM ( 'NONE', ( #127 ), #834 ) ;
#1231 =( LENGTH_UNIT ( ) NAMED_UNIT ( * ) SI_UNIT ( .MILLI., .METRE. ) );
#1232 = EDGE_CURVE ( 'NONE', #106, #2973, #2943, .T. ) ;
#1233 = FILL_AREA_STYLE_COLOUR ( '', #1263 ) ;
#1234 = FACE_OUTER_BOUND ( 'NONE', #3393, .T. ) ;
#1235 = ORIENTED_EDGE ( 'NONE', *, *, #3068, .F. ) ;
#1236 =( NAMED_UNIT ( * ) SI_UNIT ( $, .STERADIAN. ) SOLID_ANGLE_UNIT ( ) );
#1237 = ORIENTED_EDGE ( 'NONE', *, *, #991, .F. ) ;
#1238 = VECTOR ( 'NONE', #148, 1000.000000000000000 ) ;
#1239 = FILL_AREA_STYLE_COLOUR ( '', #1 ) ;
#1240 = ORIENTED_EDGE ( 'NONE', *, *, #929, .F. ) ;
#1241 = PRESENTATION_LAYER_ASSIGNMENT (  '', '', ( #310 ) ) ;
#1242 = CARTESIAN_POINT ( 'NONE',  ( -0.005000000000000000100, -0.2477704031468527800, -0.9209222193421442400 ) ) ;
#1243 = ORIENTED_EDGE ( 'NONE', *, *, #2410, .F. ) ;
#1244 = SURFACE_STYLE_USAGE ( .BOTH. , #409 ) ;
#1245 = FILL_AREA_STYLE ('',( #674 ) ) ;
#1246 =( GEOMETRIC_REPRESENTATION_CONTEXT ( 3 ) GLOBAL_UNCERTAINTY_ASSIGNED_CONTEXT ( ( #981 ) ) GLOBAL_UNIT_ASSIGNED_CONTEXT ( ( #550, #232, #849 ) ) REPRESENTATION_CONTEXT ( 'NONE', 'WORKASPACE' ) );
#1247 = FILL_AREA_STYLE ('',( #3500 ) ) ;
#1248 = EDGE_CURVE ( 'NONE', #1914, #3461, #2821, .T. ) ;
#1249 = SURFACE_STYLE_USAGE ( .BOTH. , #966 ) ;
#1250 =( GEOMETRIC_REPRESENTATION_CONTEXT ( 3 ) GLOBAL_UNCERTAINTY_ASSIGNED_CONTEXT ( ( #2023 ) ) GLOBAL_UNIT_ASSIGNED_CONTEXT ( ( #107, #692, #3503 ) ) REPRESENTATION_CONTEXT ( 'NONE', 'WORKASPACE' ) );
#1251 = UNCERTAINTY_MEASURE_WITH_UNIT (LENGTH_MEASURE( 1.000000000000000100E-005 ), #3028, 'distance_accuracy_value', 'NONE');
#1252 = UNCERTAINTY_MEASURE_WITH_UNIT (LENGTH_MEASURE( 1.000000000000000100E-005 ), #552, 'distance_accuracy_value', 'NONE');
#1253 = VECTOR ( 'NONE', #1556, 1000.000000000000000 ) ;
#1254 = DIRECTION ( 'NONE',  ( 1.000000000000000000, 0.0000000000000000000, 0.0000000000000000000 ) ) ;
#1255 = STYLED_ITEM ( 'NONE', ( #3000 ), #237 ) ;
#1256 = EDGE_CURVE ( 'NONE', #79, #1680, #69, .T. ) ;
#1257 =( NAMED_UNIT ( * ) PLANE_ANGLE_UNIT ( ) SI_UNIT ( $, .RADIAN. ) );
#1258 = FILL_AREA_STYLE_COLOUR ( '', #3286 ) ;
#1259 =( NAMED_UNIT ( * ) PLANE_ANGLE_UNIT ( ) SI_UNIT ( $, .RADIAN. ) );
#1260 = COLOUR_RGB ( '',0.7921568627450980000, 0.8196078431372548800, 0.9333333333333333500 ) ;
#1261 = DIRECTION ( 'NONE',  ( 0.7926239891046003000, 0.6097107608496920000, 0.0000000000000000000 ) ) ;
#1262 = DIRECTION ( 'NONE',  ( 1.000000000000000000, 4.336808689942017700E-017, 0.0000000000000000000 ) ) ;
#1263 = COLOUR_RGB ( '',0.1019607843137254900, 0.1019607843137254900, 0.1019607843137254900 ) ;
#1264 = CARTESIAN_POINT ( 'NONE',  ( -0.005000000000000000100, -0.08425135645044920500, 0.01396868638154540400 ) ) ;
#1265 = VECTOR ( 'NONE', #2238, 1000.000000000000000 ) ;
#1266 = COLOUR_RGB ( '',0.1019607843137254900, 0.1019607843137254900, 0.1019607843137254900 ) ;
#1267 = PLANE ( 'NONE',  #1651 ) ;
#1268 = ORIENTED_EDGE ( 'NONE', *, *, #2486, .T. ) ;
#1269 = UNCERTAINTY_MEASURE_WITH_UNIT (LENGTH_MEASURE( 1.000000000000000100E-005 ), #2098, 'distance_accuracy_value', 'NONE');
#1270 = DIRECTION ( 'NONE',  ( 0.0000000000000000000, 0.0000000000000000000, 1.000000000000000000 ) ) ;
#1271 = VECTOR ( 'NONE', #2158, 1000.000000000000100 ) ;
#1272 = VERTEX_POINT ( 'NONE', #2194 ) ;
#1273 = MECHANICAL_DESIGN_GEOMETRIC_PRESENTATION_REPRESENTATION (  '', ( #3492 ), #964 ) ;
#1274 = VECTOR ( 'NONE', #3194, 1000.000000000000000 ) ;
#1275 = FILL_AREA_STYLE_COLOUR ( '', #1044 ) ;
#1276 = SURFACE_STYLE_FILL_AREA ( #2424 ) ;
#1277 = VERTEX_POINT ( 'NONE', #1607 ) ;
#1278 = PRESENTATION_LAYER_ASSIGNMENT (  '', '', ( #1094 ) ) ;
#1279 = PRESENTATION_LAYER_ASSIGNMENT (  '', '', ( #2616 ) ) ;
#1280 = EDGE_CURVE ( 'NONE', #1284, #150, #881, .T. ) ;
#1281 = VERTEX_POINT ( 'NONE', #196 ) ;
#1282 = EDGE_LOOP ( 'NONE', ( #2423, #2959, #1806, #199 ) ) ;
#1283 = CARTESIAN_POINT ( 'NONE',  ( 13.65019029412306800, 1.646446609406726300, 0.2500000000000000600 ) ) ;
#1284 = VERTEX_POINT ( 'NONE', #2148 ) ;
#1285 = LINE ( 'NONE', #2454, #3467 ) ;
#1286 = PLANE ( 'NONE',  #1552 ) ;
#1287 = EDGE_LOOP ( 'NONE', ( #1757, #887, #152, #2071 ) ) ;
#1288 = SURFACE_STYLE_USAGE ( .BOTH. , #464 ) ;
#1289 = ORIENTED_EDGE ( 'NONE', *, *, #2201, .F. ) ;
#1290 = CARTESIAN_POINT ( 'NONE',  ( 0.0000000000000000000, 0.4052604870040785700, -1.828637200791843900 ) ) ;
#1291 = COLOUR_RGB ( '',0.1019607843137254900, 0.1019607843137254900, 0.1019607843137254900 ) ;
#1292 = PLANE ( 'NONE',  #1392 ) ;
#1293 = PRESENTATION_STYLE_ASSIGNMENT (( #2340 ) ) ;
#1294 = SURFACE_STYLE_USAGE ( .BOTH. , #2449 ) ;
#1295 =( NAMED_UNIT ( * ) SI_UNIT ( $, .STERADIAN. ) SOLID_ANGLE_UNIT ( ) );
#1296 = COLOUR_RGB ( '',0.1019607843137254900, 0.1019607843137254900, 0.1019607843137254900 ) ;
#1297 = DIRECTION ( 'NONE',  ( 0.0000000000000000000, 0.0000000000000000000, 1.000000000000000000 ) ) ;
#1298 =( NAMED_UNIT ( * ) PLANE_ANGLE_UNIT ( ) SI_UNIT ( $, .RADIAN. ) );
#1299 = DIRECTION ( 'NONE',  ( -0.0000000000000000000, -0.9610853065513907900, -0.2762517575166160100 ) ) ;
#1300 = STYLED_ITEM ( 'NONE', ( #2923 ), #3137 ) ;
#1301 =( NAMED_UNIT ( * ) PLANE_ANGLE_UNIT ( ) SI_UNIT ( $, .RADIAN. ) );
#1302 = DIRECTION ( 'NONE',  ( 1.000000000000000000, 0.0000000000000000000, 0.0000000000000000000 ) ) ;
#1303 = VECTOR ( 'NONE', #564, 1000.000000000000000 ) ;
#1304 = DIRECTION ( 'NONE',  ( 0.0000000000000000000, 0.2762033010287913700, -0.9610992334305541500 ) ) ;
#1305 = EDGE_CURVE ( 'NONE', #2246, #854, #1317, .T. ) ;
#1306 = DIRECTION ( 'NONE',  ( 0.0000000000000000000, 0.9620200793798624500, 0.2729786930695568000 ) ) ;
#1307 =( NAMED_UNIT ( * ) PLANE_ANGLE_UNIT ( ) SI_UNIT ( $, .RADIAN. ) );
#1308 = COLOUR_RGB ( '',0.7921568627450980000, 0.8196078431372548800, 0.9333333333333333500 ) ;
#1309 = FILL_AREA_STYLE ('',( #3015 ) ) ;
#1310 = DIRECTION ( 'NONE',  ( 0.0000000000000000000, 0.0000000000000000000, -1.000000000000000000 ) ) ;
#1311 = VERTEX_POINT ( 'NONE', #618 ) ;
#1312 = DIRECTION ( 'NONE',  ( 0.7926239891046004100, -0.6097107608496922200, 0.0000000000000000000 ) ) ;
#1313 = EDGE_LOOP ( 'NONE', ( #3553, #1821, #2723, #2107 ) ) ;
#1314 = LINE ( 'NONE', #3452, #1898 ) ;
#1315 = ORIENTED_EDGE ( 'NONE', *, *, #1350, .T. ) ;
#1316 = SURFACE_SIDE_STYLE ('',( #2184 ) ) ;
#1317 = LINE ( 'NONE', #2018, #2105 ) ;
#1318 =( NAMED_UNIT ( * ) PLANE_ANGLE_UNIT ( ) SI_UNIT ( $, .RADIAN. ) );
#1319 =( GEOMETRIC_REPRESENTATION_CONTEXT ( 3 ) GLOBAL_UNCERTAINTY_ASSIGNED_CONTEXT ( ( #3085 ) ) GLOBAL_UNIT_ASSIGNED_CONTEXT ( ( #363, #1212, #2944 ) ) REPRESENTATION_CONTEXT ( 'NONE', 'WORKASPACE' ) );
#1320 = DIRECTION ( 'NONE',  ( 1.000000000000000000, 0.0000000000000000000, 0.0000000000000000000 ) ) ;
#1321 = LINE ( 'NONE', #1669, #2824 ) ;
#1322 = CARTESIAN_POINT ( 'NONE',  ( 13.65019029412306800, -1.646446609406726300, 0.2500000000000000600 ) ) ;
#1323 = ORIENTED_EDGE ( 'NONE', *, *, #2225, .T. ) ;
#1324 = DIRECTION ( 'NONE',  ( 1.000000000000000000, -0.0000000000000000000, -0.0000000000000000000 ) ) ;
#1325 =( GEOMETRIC_REPRESENTATION_CONTEXT ( 3 ) GLOBAL_UNCERTAINTY_ASSIGNED_CONTEXT ( ( #524 ) ) GLOBAL_UNIT_ASSIGNED_CONTEXT ( ( #925, #2569, #2906 ) ) REPRESENTATION_CONTEXT ( 'NONE', 'WORKASPACE' ) );
#1326 = EDGE_CURVE ( 'NONE', #931, #1954, #847, .T. ) ;
#1327 = ORIENTED_EDGE ( 'NONE', *, *, #2588, .T. ) ;
#1328 = ORIENTED_EDGE ( 'NONE', *, *, #1658, .T. ) ;
#1329 = DIRECTION ( 'NONE',  ( 1.000000000000000000, 0.0000000000000000000, 0.0000000000000000000 ) ) ;
#1330 = DIRECTION ( 'NONE',  ( 0.0000000000000000000, 2.116196963092781000E-016, 1.000000000000000000 ) ) ;
#1331 = DIRECTION ( 'NONE',  ( 0.0000000000000000000, 0.0000000000000000000, -1.000000000000000000 ) ) ;
#1332 = FACE_OUTER_BOUND ( 'NONE', #2287, .T. ) ;
#1333 = FILL_AREA_STYLE ('',( #2757 ) ) ;
#1334 = CARTESIAN_POINT ( 'NONE',  ( 0.0000000000000000000, 0.2506881988911975300, 1.317104819995339500 ) ) ;
#1335 = UNCERTAINTY_MEASURE_WITH_UNIT (LENGTH_MEASURE( 1.000000000000000100E-005 ), #3522, 'distance_accuracy_value', 'NONE');
#1336 = CARTESIAN_POINT ( 'NONE',  ( 0.0000000000000000000, 0.0000000000000000000, 0.0000000000000000000 ) ) ;
#1337 =( LENGTH_UNIT ( ) NAMED_UNIT ( * ) SI_UNIT ( .MILLI., .METRE. ) );
#1338 =( GEOMETRIC_REPRESENTATION_CONTEXT ( 3 ) GLOBAL_UNCERTAINTY_ASSIGNED_CONTEXT ( ( #3645 ) ) GLOBAL_UNIT_ASSIGNED_CONTEXT ( ( #1803, #2322, #932 ) ) REPRESENTATION_CONTEXT ( 'NONE', 'WORKASPACE' ) );
#1339 = SURFACE_STYLE_USAGE ( .BOTH. , #3048 ) ;
#1340 = ADVANCED_FACE ( 'NONE', ( #2337 ), #3330, .T. ) ;
#1341 = MECHANICAL_DESIGN_GEOMETRIC_PRESENTATION_REPRESENTATION (  '', ( #3180 ), #3676 ) ;
#1342 = CYLINDRICAL_SURFACE ( 'NONE', #565, 0.2500000000000005000 ) ;
#1343 = DIRECTION ( 'NONE',  ( 0.0000000000000000000, -0.9610348236706635100, -0.2764273280489769100 ) ) ;
#1344 = FILL_AREA_STYLE ('',( #2176 ) ) ;
#1345 = CARTESIAN_POINT ( 'NONE',  ( 10.94211999999999900, 0.0000000000000000000, 0.0000000000000000000 ) ) ;
#1346 = EDGE_CURVE ( 'NONE', #1140, #1412, #474, .T. ) ;
#1347 = DIRECTION ( 'NONE',  ( 0.0000000000000000000, 0.2755520632520550000, -0.9612861490927326900 ) ) ;
#1348 = FILL_AREA_STYLE ('',( #767 ) ) ;
#1349 = AXIS2_PLACEMENT_3D ( 'NONE', #1445, #1735, #2704 ) ;
#1350 = EDGE_CURVE ( 'NONE', #1364, #1646, #333, .T. ) ;
#1351 = SURFACE_STYLE_FILL_AREA ( #2540 ) ;
#1352 = LINE ( 'NONE', #65, #419 ) ;
#1353 = DIRECTION ( 'NONE',  ( -1.000000000000000000, -0.0000000000000000000, -0.0000000000000000000 ) ) ;
#1354 = CIRCLE ( 'NONE', #1825, 3.399999999999999900 ) ;
#1355 = UNCERTAINTY_MEASURE_WITH_UNIT (LENGTH_MEASURE( 1.000000000000000100E-005 ), #811, 'distance_accuracy_value', 'NONE');
#1356 = PLANE ( 'NONE',  #2832 ) ;
#1357 = ORIENTED_EDGE ( 'NONE', *, *, #3683, .T. ) ;
#1358 = MECHANICAL_DESIGN_GEOMETRIC_PRESENTATION_REPRESENTATION (  '', ( #701 ), #476 ) ;
#1359 = VECTOR ( 'NONE', #402, 999.9999999999998900 ) ;
#1360 = DIRECTION ( 'NONE',  ( 0.0000000000000000000, 0.0000000000000000000, -1.000000000000000000 ) ) ;
#1361 = CARTESIAN_POINT ( 'NONE',  ( 13.61496951332858200, -1.750000000000000400, 3.061616997868383000E-017 ) ) ;
#1362 = ADVANCED_FACE ( 'NONE', ( #375 ), #907, .F. ) ;
#1363 = ORIENTED_EDGE ( 'NONE', *, *, #2571, .T. ) ;
#1364 = VERTEX_POINT ( 'NONE', #2310 ) ;
#1365 = STYLED_ITEM ( 'NONE', ( #1079 ), #2304 ) ;
#1366 = DIRECTION ( 'NONE',  ( 0.0000000000000000000, 3.558818516450372200E-016, 1.000000000000000000 ) ) ;
#1367 = CARTESIAN_POINT ( 'NONE',  ( 0.0000000000000000000, -0.4011999999999996700, -0.1597402611235481400 ) ) ;
#1368 = EDGE_CURVE ( 'NONE', #3637, #1189, #3191, .T. ) ;
#1369 = ORIENTED_EDGE ( 'NONE', *, *, #2223, .T. ) ;
#1370 = DIRECTION ( 'NONE',  ( 0.0000000000000000000, -0.9610664548998865100, -0.2763173343570113900 ) ) ;
#1371 = ORIENTED_EDGE ( 'NONE', *, *, #3265, .F. ) ;
#1372 = PRESENTATION_LAYER_ASSIGNMENT (  '', '', ( #992 ) ) ;
#1373 = CARTESIAN_POINT ( 'NONE',  ( 0.0000000000000000000, -0.08425135645044920500, 0.01396868638154540400 ) ) ;
#1374 = VERTEX_POINT ( 'NONE', #311 ) ;
#1375 = FACE_OUTER_BOUND ( 'NONE', #3160, .T. ) ;
#1376 = VERTEX_POINT ( 'NONE', #598 ) ;
#1377 = PLANE ( 'NONE',  #1940 ) ;
#1378 =( GEOMETRIC_REPRESENTATION_CONTEXT ( 3 ) GLOBAL_UNCERTAINTY_ASSIGNED_CONTEXT ( ( #1833 ) ) GLOBAL_UNIT_ASSIGNED_CONTEXT ( ( #3010, #1301, #1867 ) ) REPRESENTATION_CONTEXT ( 'NONE', 'WORKASPACE' ) );
#1379 = EDGE_CURVE ( 'NONE', #1272, #657, #1314, .T. ) ;
#1380 = ORIENTED_EDGE ( 'NONE', *, *, #1586, .F. ) ;
#1381 = CARTESIAN_POINT ( 'NONE',  ( -0.005000000000000000100, 0.2506881988911975300, 1.317104819995339500 ) ) ;
#1382 = COLOUR_RGB ( '',0.8941176470588234600, 0.9137254901960784000, 0.9294117647058823800 ) ;
#1383 = ADVANCED_FACE ( 'NONE', ( #2917 ), #2847, .F. ) ;
#1384 = LINE ( 'NONE', #1981, #2800 ) ;
#1385 = DIRECTION ( 'NONE',  ( 0.0000000000000000000, 0.9611638845408936300, 0.2759782365590801000 ) ) ;
#1386 = PRESENTATION_STYLE_ASSIGNMENT (( #1810 ) ) ;
#1387 = DIRECTION ( 'NONE',  ( 0.0000000000000000000, -0.8958676361826954900, -0.4443210308329211300 ) ) ;
#1388 = CARTESIAN_POINT ( 'NONE',  ( -0.005000000000000000100, -0.4011999999999996100, -2.060399999999999600 ) ) ;
#1389 = SURFACE_STYLE_USAGE ( .BOTH. , #909 ) ;
#1390 = MECHANICAL_DESIGN_GEOMETRIC_PRESENTATION_REPRESENTATION (  '', ( #167 ), #1127 ) ;
#1391 = CARTESIAN_POINT ( 'NONE',  ( 0.0000000000000000000, 0.4052604870040784600, -1.354851902307815800 ) ) ;
#1392 = AXIS2_PLACEMENT_3D ( 'NONE', #2718, #3310, #1925 ) ;
#1393 = SURFACE_STYLE_USAGE ( .BOTH. , #2511 ) ;
#1394 = CARTESIAN_POINT ( 'NONE',  ( -0.005000000000000000100, 0.4052604870040784600, 0.3120185789143117300 ) ) ;
#1395 = SURFACE_SIDE_STYLE ('',( #1657 ) ) ;
#1396 = MECHANICAL_DESIGN_GEOMETRIC_PRESENTATION_REPRESENTATION (  '', ( #181 ), #1325 ) ;
#1397 = EDGE_CURVE ( 'NONE', #2159, #3070, #1143, .T. ) ;
#1398 = ADVANCED_FACE ( 'NONE', ( #1710 ), #372, .F. ) ;
#1399 = CARTESIAN_POINT ( 'NONE',  ( 0.0000000000000000000, 0.4052604870040786800, 0.05728331328618344000 ) ) ;
#1400 = CYLINDRICAL_SURFACE ( 'NONE', #3063, 0.2500000000000000000 ) ;
#1401 = ORIENTED_EDGE ( 'NONE', *, *, #635, .F. ) ;
#1402 = SURFACE_STYLE_FILL_AREA ( #2964 ) ;
#1403 = EDGE_LOOP ( 'NONE', ( #342, #3115, #1952, #3472 ) ) ;
#1404 = DIRECTION ( 'NONE',  ( 0.0000000000000000000, 0.9610674221107072800, 0.2763139702539116900 ) ) ;
#1405 = EDGE_LOOP ( 'NONE', ( #575, #572, #169, #512, #2871 ) ) ;
#1406 = DIRECTION ( 'NONE',  ( 0.0000000000000000000, 0.0000000000000000000, -1.000000000000000000 ) ) ;
#1407 = CARTESIAN_POINT ( 'NONE',  ( 0.0000000000000000000, -0.2477704031468527200, -0.4738651069806681900 ) ) ;
#1408 = SURFACE_STYLE_FILL_AREA ( #766 ) ;
#1409 = ORIENTED_EDGE ( 'NONE', *, *, #1442, .T. ) ;
#1410 = PRESENTATION_LAYER_ASSIGNMENT (  '', '', ( #142 ) ) ;
#1411 = ORIENTED_EDGE ( 'NONE', *, *, #2721, .F. ) ;
#1412 = VERTEX_POINT ( 'NONE', #1472 ) ;
#1413 = ADVANCED_FACE ( 'NONE', ( #1580 ), #1499, .T. ) ;
#1414 = CARTESIAN_POINT ( 'NONE',  ( -0.005000000000000000100, 0.4052604870040786800, 0.05728331328618344000 ) ) ;
#1415 = LINE ( 'NONE', #2087, #175 ) ;
#1416 = ORIENTED_EDGE ( 'NONE', *, *, #415, .F. ) ;
#1417 = CARTESIAN_POINT ( 'NONE',  ( -0.005000000000000000100, 0.4052604870040786800, 0.05728331328618344000 ) ) ;
#1418 =( NAMED_UNIT ( * ) PLANE_ANGLE_UNIT ( ) SI_UNIT ( $, .RADIAN. ) );
#1419 = CARTESIAN_POINT ( 'NONE',  ( 11.24131999999999800, 4.098179968020654100E-016, 3.346417898510792200 ) ) ;
#1420 = LINE ( 'NONE', #1178, #895 ) ;
#1421 = EDGE_LOOP ( 'NONE', ( #2926, #2934, #1019, #2019 ) ) ;
#1422 = FACE_OUTER_BOUND ( 'NONE', #1986, .T. ) ;
#1423 = FILL_AREA_STYLE_COLOUR ( '', #3124 ) ;
#1424 = EDGE_CURVE ( 'NONE', #2285, #2037, #3666, .T. ) ;
#1425 = PRESENTATION_STYLE_ASSIGNMENT (( #3314 ) ) ;
#1426 = AXIS2_PLACEMENT_3D ( 'NONE', #3512, #2045, #1222 ) ;
#1427 = FACE_OUTER_BOUND ( 'NONE', #1421, .T. ) ;
#1428 = DIRECTION ( 'NONE',  ( 1.000000000000000000, -4.336808689942019000E-017, 0.0000000000000000000 ) ) ;
#1429 = CARTESIAN_POINT ( 'NONE',  ( -0.005000000000000000100, -0.04733352850171775000, 0.8613573689530075200 ) ) ;
#1430 = CARTESIAN_POINT ( 'NONE',  ( -0.005000000000000000100, 0.03668615675610702900, -1.465933263629674500 ) ) ;
#1431 = ADVANCED_FACE ( 'NONE', ( #1577 ), #2895, .F. ) ;
#1432 = DIRECTION ( 'NONE',  ( 1.000000000000000000, 0.0000000000000000000, 0.0000000000000000000 ) ) ;
#1433 = MECHANICAL_DESIGN_GEOMETRIC_PRESENTATION_REPRESENTATION (  '', ( #2332 ), #1452 ) ;
#1434 = EDGE_CURVE ( 'NONE', #1507, #3585, #2912, .T. ) ;
#1435 = DIRECTION ( 'NONE',  ( 0.0000000000000000000, 0.0000000000000000000, 1.000000000000000000 ) ) ;
#1436 = COLOUR_RGB ( '',0.8980392156862745400, 0.9215686274509803400, 0.9294117647058823800 ) ;
#1437 = PRESENTATION_LAYER_ASSIGNMENT (  '', '', ( #2764 ) ) ;
#1438 = ORIENTED_EDGE ( 'NONE', *, *, #435, .F. ) ;
#1439 = CARTESIAN_POINT ( 'NONE',  ( -0.005000000000000000100, 0.4052604870040784600, -1.354851902307815800 ) ) ;
#1440 = FACE_OUTER_BOUND ( 'NONE', #2645, .T. ) ;
#1441 = STYLED_ITEM ( 'NONE', ( #1929 ), #256 ) ;
#1442 = EDGE_CURVE ( 'NONE', #3011, #559, #3277, .T. ) ;
#1443 = ORIENTED_EDGE ( 'NONE', *, *, #3046, .F. ) ;
#1444 = DIRECTION ( 'NONE',  ( -0.0000000000000000000, -0.9610992334315861000, -0.2762033010252005200 ) ) ;
#1445 = CARTESIAN_POINT ( 'NONE',  ( -0.005000000000000000100, -0.4011999999999996100, -2.060399999999999600 ) ) ;
#1446 = ORIENTED_EDGE ( 'NONE', *, *, #3097, .T. ) ;
#1447 = MECHANICAL_DESIGN_GEOMETRIC_PRESENTATION_REPRESENTATION (  '', ( #2823 ), #3615 ) ;
#1448 = ORIENTED_EDGE ( 'NONE', *, *, #392, .F. ) ;
#1449 = PRESENTATION_STYLE_ASSIGNMENT (( #1496 ) ) ;
#1450 = ORIENTED_EDGE ( 'NONE', *, *, #1248, .F. ) ;
#1451 = DIRECTION ( 'NONE',  ( 0.0000000000000000000, 0.0000000000000000000, -1.000000000000000000 ) ) ;
#1452 =( GEOMETRIC_REPRESENTATION_CONTEXT ( 3 ) GLOBAL_UNCERTAINTY_ASSIGNED_CONTEXT ( ( #1269 ) ) GLOBAL_UNIT_ASSIGNED_CONTEXT ( ( #2098, #2064, #2947 ) ) REPRESENTATION_CONTEXT ( 'NONE', 'WORKASPACE' ) );
#1453 = ORIENTED_EDGE ( 'NONE', *, *, #1905, .T. ) ;
#1454 = ORIENTED_EDGE ( 'NONE', *, *, #197, .T. ) ;
#1455 = DIRECTION ( 'NONE',  ( -1.000000000000000000, 4.336808689942017700E-017, -0.0000000000000000000 ) ) ;
#1456 = CARTESIAN_POINT ( 'NONE',  ( -0.005000000000000000100, -0.04733352850171775000, 0.8613573689530075200 ) ) ;
#1457 = EDGE_CURVE ( 'NONE', #2505, #1646, #2286, .T. ) ;
#1458 = EDGE_LOOP ( 'NONE', ( #3242, #2115 ) ) ;
#1459 = CIRCLE ( 'NONE', #2433, 0.3039599999999998400 ) ;
#1460 = VERTEX_POINT ( 'NONE', #2353 ) ;
#1461 = STYLED_ITEM ( 'NONE', ( #3517 ), #2882 ) ;
#1462 = SURFACE_STYLE_FILL_AREA ( #949 ) ;
#1463 = EDGE_LOOP ( 'NONE', ( #956, #2981, #66, #1228 ) ) ;
#1464 =( NAMED_UNIT ( * ) SI_UNIT ( $, .STERADIAN. ) SOLID_ANGLE_UNIT ( ) );
#1465 = MECHANICAL_DESIGN_GEOMETRIC_PRESENTATION_REPRESENTATION (  '', ( #1094 ), #2795 ) ;
#1466 = PRESENTATION_LAYER_ASSIGNMENT (  '', '', ( #2485 ) ) ;
#1467 = EDGE_CURVE ( 'NONE', #2598, #3200, #514, .T. ) ;
#1468 = VECTOR ( 'NONE', #1697, 1000.000000000000000 ) ;
#1469 = DIRECTION ( 'NONE',  ( 0.0000000000000000000, 0.0000000000000000000, 1.000000000000000000 ) ) ;
#1470 = FILL_AREA_STYLE ('',( #1790 ) ) ;
#1471 = SURFACE_SIDE_STYLE ('',( #3202 ) ) ;
#1472 = CARTESIAN_POINT ( 'NONE',  ( 0.0000000000000000000, -0.4011999999999996100, -1.529806272080965300 ) ) ;
#1473 = VECTOR ( 'NONE', #899, 1000.000000000000100 ) ;
#1474 = CARTESIAN_POINT ( 'NONE',  ( -0.005000000000000000100, -0.4011999999999996100, -1.529806272080965300 ) ) ;
#1475 = DIRECTION ( 'NONE',  ( 1.000000000000000000, 0.0000000000000000000, 0.0000000000000000000 ) ) ;
#1476 = VECTOR ( 'NONE', #2868, 1000.000000000000100 ) ;
#1477 = SURFACE_STYLE_USAGE ( .BOTH. , #2003 ) ;
#1478 = CARTESIAN_POINT ( 'NONE',  ( -0.005000000000000000100, -0.4011999999999995600, 0.5309185204093028700 ) ) ;
#1479 = CARTESIAN_POINT ( 'NONE',  ( 0.0000000000000000000, 0.0000000000000000000, 0.0000000000000000000 ) ) ;
#1480 =( NAMED_UNIT ( * ) PLANE_ANGLE_UNIT ( ) SI_UNIT ( $, .RADIAN. ) );
#1481 = VECTOR ( 'NONE', #3, 1000.000000000000200 ) ;
#1482 =( GEOMETRIC_REPRESENTATION_CONTEXT ( 3 ) GLOBAL_UNCERTAINTY_ASSIGNED_CONTEXT ( ( #236 ) ) GLOBAL_UNIT_ASSIGNED_CONTEXT ( ( #2502, #2806, #3665 ) ) REPRESENTATION_CONTEXT ( 'NONE', 'WORKASPACE' ) );
#1483 = FILL_AREA_STYLE_COLOUR ( '', #1026 ) ;
#1484 = FILL_AREA_STYLE ('',( #108 ) ) ;
#1485 = LINE ( 'NONE', #2228, #1131 ) ;
#1486 = FACE_OUTER_BOUND ( 'NONE', #3669, .T. ) ;
#1487 = MECHANICAL_DESIGN_GEOMETRIC_PRESENTATION_REPRESENTATION (  '', ( #1300 ), #489 ) ;
#1488 = LINE ( 'NONE', #2673, #1536 ) ;
#1489 = UNCERTAINTY_MEASURE_WITH_UNIT (LENGTH_MEASURE( 1.000000000000000100E-005 ), #1583, 'distance_accuracy_value', 'NONE');
#1490 = DIRECTION ( 'NONE',  ( -1.000000000000000000, -0.0000000000000000000, -0.0000000000000000000 ) ) ;
#1491 = ORIENTED_EDGE ( 'NONE', *, *, #3365, .T. ) ;
#1492 = CARTESIAN_POINT ( 'NONE',  ( 14.91496951332858200, 2.749999999999999600, 0.5000000000000000000 ) ) ;
#1493 = SURFACE_STYLE_USAGE ( .BOTH. , #3164 ) ;
#1494 = SURFACE_STYLE_FILL_AREA ( #884 ) ;
#1495 = AXIS2_PLACEMENT_3D ( 'NONE', #726, #3268, #3276 ) ;
#1496 = SURFACE_STYLE_USAGE ( .BOTH. , #3511 ) ;
#1497 = EDGE_CURVE ( 'NONE', #2543, #3637, #1935, .T. ) ;
#1498 =( NAMED_UNIT ( * ) SI_UNIT ( $, .STERADIAN. ) SOLID_ANGLE_UNIT ( ) );
#1499 = PLANE ( 'NONE',  #2106 ) ;
#1500 = VERTEX_POINT ( 'NONE', #3014 ) ;
#1501 = PRESENTATION_STYLE_ASSIGNMENT (( #3055 ) ) ;
#1502 = LINE ( 'NONE', #3354, #3246 ) ;
#1503 = ORIENTED_EDGE ( 'NONE', *, *, #2528, .F. ) ;
#1504 = UNCERTAINTY_MEASURE_WITH_UNIT (LENGTH_MEASURE( 1.000000000000000100E-005 ), #988, 'distance_accuracy_value', 'NONE');
#1505 = DIRECTION ( 'NONE',  ( -1.000000000000000000, -0.0000000000000000000, -0.0000000000000000000 ) ) ;
#1506 = ORIENTED_EDGE ( 'NONE', *, *, #1836, .F. ) ;
#1507 = VERTEX_POINT ( 'NONE', #134 ) ;
#1508 = DIRECTION ( 'NONE',  ( -1.000000000000000000, -0.0000000000000000000, -0.0000000000000000000 ) ) ;
#1509 = LINE ( 'NONE', #1837, #1777 ) ;
#1510 = MECHANICAL_DESIGN_GEOMETRIC_PRESENTATION_REPRESENTATION (  '', ( #3376 ), #431 ) ;
#1511 = CARTESIAN_POINT ( 'NONE',  ( -0.005000000000000000100, 0.1017533511384345800, -0.8212775797732931900 ) ) ;
#1512 =( LENGTH_UNIT ( ) NAMED_UNIT ( * ) SI_UNIT ( .MILLI., .METRE. ) );
#1513 = ORIENTED_EDGE ( 'NONE', *, *, #2292, .F. ) ;
#1514 = DIRECTION ( 'NONE',  ( 1.000000000000000000, 0.0000000000000000000, 0.0000000000000000000 ) ) ;
#1515 = VECTOR ( 'NONE', #718, 1000.000000000000000 ) ;
#1516 = TOROIDAL_SURFACE ( 'NONE', #1574, 3.346417898510792200, 0.3039599999999999500 ) ;
#1517 = EDGE_LOOP ( 'NONE', ( #2734, #1357, #967, #1450 ) ) ;
#1518 = DIRECTION ( 'NONE',  ( 1.000000000000000000, 0.0000000000000000000, 0.0000000000000000000 ) ) ;
#1519 = AXIS2_PLACEMENT_3D ( 'NONE', #1921, #212, #3349 ) ;
#1520 = EDGE_CURVE ( 'NONE', #3070, #3285, #2327, .T. ) ;
#1521 = CARTESIAN_POINT ( 'NONE',  ( 12.50000000000000000, 0.0000000000000000000, 0.0000000000000000000 ) ) ;
#1522 = SURFACE_STYLE_USAGE ( .BOTH. , #380 ) ;
#1523 = VECTOR ( 'NONE', #1928, 1000.000000000000000 ) ;
#1524 =( NAMED_UNIT ( * ) SI_UNIT ( $, .STERADIAN. ) SOLID_ANGLE_UNIT ( ) );
#1525 = PLANE ( 'NONE',  #3607 ) ;
#1526 = LINE ( 'NONE', #2276, #782 ) ;
#1527 =( GEOMETRIC_REPRESENTATION_CONTEXT ( 3 ) GLOBAL_UNCERTAINTY_ASSIGNED_CONTEXT ( ( #2161 ) ) GLOBAL_UNIT_ASSIGNED_CONTEXT ( ( #3243, #1480, #63 ) ) REPRESENTATION_CONTEXT ( 'NONE', 'WORKASPACE' ) );
#1528 = SURFACE_SIDE_STYLE ('',( #1462 ) ) ;
#1529 = PLANE ( 'NONE',  #3545 ) ;
#1530 = COLOUR_RGB ( '',0.1019607843137254900, 0.1019607843137254900, 0.1019607843137254900 ) ;
#1531 = DIRECTION ( 'NONE',  ( 0.0000000000000000000, 2.116196963092780500E-016, 1.000000000000000000 ) ) ;
#1532 = MECHANICAL_DESIGN_GEOMETRIC_PRESENTATION_REPRESENTATION (  '', ( #712 ), #1717 ) ;
#1533 = VECTOR ( 'NONE', #759, 1000.000000000000000 ) ;
#1534 = FILL_AREA_STYLE_COLOUR ( '', #3077 ) ;
#1535 = ORIENTED_EDGE ( 'NONE', *, *, #2710, .T. ) ;
#1536 = VECTOR ( 'NONE', #3574, 1000.000000000000000 ) ;
#1537 = EDGE_CURVE ( 'NONE', #2463, #1281, #2151, .T. ) ;
#1538 = ORIENTED_EDGE ( 'NONE', *, *, #1350, .F. ) ;
#1539 = CARTESIAN_POINT ( 'NONE',  ( -0.005000000000000000100, 0.1017263777382557800, 1.249980290920090600 ) ) ;
#1540 = VECTOR ( 'NONE', #3034, 1000.000000000000000 ) ;
#1541 = SURFACE_STYLE_USAGE ( .BOTH. , #3547 ) ;
#1542 =( LENGTH_UNIT ( ) NAMED_UNIT ( * ) SI_UNIT ( .MILLI., .METRE. ) );
#1543 = ORIENTED_EDGE ( 'NONE', *, *, #1256, .F. ) ;
#1544 = FILL_AREA_STYLE ('',( #1558 ) ) ;
#1545 = EDGE_CURVE ( 'NONE', #2268, #3245, #2816, .T. ) ;
#1546 = ORIENTED_EDGE ( 'NONE', *, *, #2588, .F. ) ;
#1547 = DIRECTION ( 'NONE',  ( -0.0000000000000000000, -1.000000000000000000, -0.0000000000000000000 ) ) ;
#1548 =( LENGTH_UNIT ( ) NAMED_UNIT ( * ) SI_UNIT ( .MILLI., .METRE. ) );
#1549 = ORIENTED_EDGE ( 'NONE', *, *, #2410, .T. ) ;
#1550 = FACE_OUTER_BOUND ( 'NONE', #1071, .T. ) ;
#1551 = ORIENTED_EDGE ( 'NONE', *, *, #3470, .F. ) ;
#1552 = AXIS2_PLACEMENT_3D ( 'NONE', #3278, #2133, #1370 ) ;
#1553 = ORIENTED_EDGE ( 'NONE', *, *, #2845, .T. ) ;
#1554 = ORIENTED_EDGE ( 'NONE', *, *, #1184, .F. ) ;
#1555 = ORIENTED_EDGE ( 'NONE', *, *, #2686, .T. ) ;
#1556 = DIRECTION ( 'NONE',  ( 0.0000000000000000000, 0.9985542843760947300, 0.05375259206908327600 ) ) ;
#1557 = PRESENTATION_LAYER_ASSIGNMENT (  '', '', ( #2811 ) ) ;
#1558 = FILL_AREA_STYLE_COLOUR ( '', #2756 ) ;
#1559 = FILL_AREA_STYLE_COLOUR ( '', #707 ) ;
#1560 = DIRECTION ( 'NONE',  ( 0.0000000000000000000, 0.9615454294334479000, 0.2746459304916901200 ) ) ;
#1561 = EDGE_CURVE ( 'NONE', #1155, #3188, #242, .T. ) ;
#1562 = PRESENTATION_LAYER_ASSIGNMENT (  '', '', ( #2690 ) ) ;
#1563 = SURFACE_STYLE_FILL_AREA ( #3190 ) ;
#1564 = EDGE_CURVE ( 'NONE', #608, #2777, #1488, .T. ) ;
#1565 = SHAPE_DEFINITION_REPRESENTATION ( #653, #851 ) ;
#1566 = DIRECTION ( 'NONE',  ( -1.000000000000000000, -0.0000000000000000000, -0.0000000000000000000 ) ) ;
#1567 = CARTESIAN_POINT ( 'NONE',  ( -0.005000000000000000100, -0.4011999999999996100, -1.831079520097858200 ) ) ;
#1568 = DIRECTION ( 'NONE',  ( 0.0000000000000000000, 0.9615323037684295700, 0.2746918797667243800 ) ) ;
#1569 =( BOUNDED_CURVE ( )  B_SPLINE_CURVE ( 3, ( #1809, #2347, #3216, #687 ),
 .UNSPECIFIED., .F., .F. ) 
 B_SPLINE_CURVE_WITH_KNOTS ( ( 4, 4 ),
 ( 1.570796326794896600, 3.141592653589793100 ),
 .UNSPECIFIED. ) 
 CURVE ( )  GEOMETRIC_REPRESENTATION_ITEM ( )  RATIONAL_B_SPLINE_CURVE ( ( 1.000000000000000000, 0.8047378541243649400, 0.8047378541243649400, 1.000000000000000000 ) ) 
 REPRESENTATION_ITEM ( '' )  );
#1570 = SURFACE_STYLE_USAGE ( .BOTH. , #1884 ) ;
#1571 = PRESENTATION_STYLE_ASSIGNMENT (( #1802 ) ) ;
#1572 = PLANE ( 'NONE',  #3307 ) ;
#1573 = VECTOR ( 'NONE', #3335, 1000.000000000000000 ) ;
#1574 = AXIS2_PLACEMENT_3D ( 'NONE', #3138, #3184, #2041 ) ;
#1575 = ORIENTED_EDGE ( 'NONE', *, *, #2999, .T. ) ;
#1576 = CARTESIAN_POINT ( 'NONE',  ( -0.005000000000000000100, 0.03668615675609743200, -1.705572295298872300 ) ) ;
#1577 = FACE_OUTER_BOUND ( 'NONE', #2825, .T. ) ;
#1578 = SURFACE_STYLE_USAGE ( .BOTH. , #748 ) ;
#1579 = VERTEX_POINT ( 'NONE', #1861 ) ;
#1580 = FACE_OUTER_BOUND ( 'NONE', #2602, .T. ) ;
#1581 = CARTESIAN_POINT ( 'NONE',  ( 15.00000000000000000, 2.499999999999999100, 0.0000000000000000000 ) ) ;
#1582 = EDGE_LOOP ( 'NONE', ( #1972, #2179, #2649, #1150 ) ) ;
#1583 =( LENGTH_UNIT ( ) NAMED_UNIT ( * ) SI_UNIT ( .MILLI., .METRE. ) );
#1584 = FACE_OUTER_BOUND ( 'NONE', #305, .T. ) ;
#1585 =( GEOMETRIC_REPRESENTATION_CONTEXT ( 3 ) GLOBAL_UNCERTAINTY_ASSIGNED_CONTEXT ( ( #3557 ) ) GLOBAL_UNIT_ASSIGNED_CONTEXT ( ( #2618, #2632, #103 ) ) REPRESENTATION_CONTEXT ( 'NONE', 'WORKASPACE' ) );
#1586 = EDGE_CURVE ( 'NONE', #1642, #2977, #747, .T. ) ;
#1587 = ORIENTED_EDGE ( 'NONE', *, *, #3633, .F. ) ;
#1588 = DIRECTION ( 'NONE',  ( 0.0000000000000000000, 3.558818516450372200E-016, 1.000000000000000000 ) ) ;
#1589 = ORIENTED_EDGE ( 'NONE', *, *, #229, .F. ) ;
#1590 = FILL_AREA_STYLE_COLOUR ( '', #2586 ) ;
#1591 = ORIENTED_EDGE ( 'NONE', *, *, #2710, .F. ) ;
#1592 = VECTOR ( 'NONE', #1727, 1000.000000000000000 ) ;
#1593 = PLANE ( 'NONE',  #2388 ) ;
#1594 = DIRECTION ( 'NONE',  ( 0.0000000000000000000, -0.8958676361826954900, -0.4443210308329211300 ) ) ;
#1595 = ORIENTED_EDGE ( 'NONE', *, *, #1783, .F. ) ;
#1596 = FACE_OUTER_BOUND ( 'NONE', #1827, .T. ) ;
#1597 = CARTESIAN_POINT ( 'NONE',  ( 25.00000000000000000, 2.249999999999999600, 3.061616997868379900E-017 ) ) ;
#1598 = ORIENTED_EDGE ( 'NONE', *, *, #392, .T. ) ;
#1599 = LINE ( 'NONE', #2617, #940 ) ;
#1600 = CARTESIAN_POINT ( 'NONE',  ( -0.005000000000000000100, 0.2517279008103603900, 0.9475398303716038300 ) ) ;
#1601 = PRESENTATION_STYLE_ASSIGNMENT (( #1174 ) ) ;
#1602 = AXIS2_PLACEMENT_3D ( 'NONE', #1788, #70, #2852 ) ;
#1603 =( NAMED_UNIT ( * ) PLANE_ANGLE_UNIT ( ) SI_UNIT ( $, .RADIAN. ) );
#1604 = UNCERTAINTY_MEASURE_WITH_UNIT (LENGTH_MEASURE( 1.000000000000000100E-005 ), #179, 'distance_accuracy_value', 'NONE');
#1605 = VECTOR ( 'NONE', #2368, 1000.000000000000000 ) ;
#1606 = SURFACE_STYLE_USAGE ( .BOTH. , #2215 ) ;
#1607 = CARTESIAN_POINT ( 'NONE',  ( 12.50000000000000000, 1.500000000000000000, 0.2500000000000000000 ) ) ;
#1608 = UNCERTAINTY_MEASURE_WITH_UNIT (LENGTH_MEASURE( 1.000000000000000100E-005 ), #1512, 'distance_accuracy_value', 'NONE');
#1609 = CARTESIAN_POINT ( 'NONE',  ( 0.0000000000000000000, -0.4011999999999997200, -0.4691938053702365800 ) ) ;
#1610 = UNCERTAINTY_MEASURE_WITH_UNIT (LENGTH_MEASURE( 1.000000000000000100E-005 ), #938, 'distance_accuracy_value', 'NONE');
#1611 = PLANE ( 'NONE',  #921 ) ;
#1612 =( GEOMETRIC_REPRESENTATION_CONTEXT ( 3 ) GLOBAL_UNCERTAINTY_ASSIGNED_CONTEXT ( ( #2293 ) ) GLOBAL_UNIT_ASSIGNED_CONTEXT ( ( #3573, #2697, #2980 ) ) REPRESENTATION_CONTEXT ( 'NONE', 'WORKASPACE' ) );
#1613 = EDGE_CURVE ( 'NONE', #293, #285, #425, .T. ) ;
#1614 = SURFACE_SIDE_STYLE ('',( #240 ) ) ;
#1615 = MECHANICAL_DESIGN_GEOMETRIC_PRESENTATION_REPRESENTATION (  '', ( #3273 ), #1338 ) ;
#1616 = CARTESIAN_POINT ( 'NONE',  ( -0.005000000000000000100, -0.4011999999999995000, 0.4338633271315163700 ) ) ;
#1617 = CARTESIAN_POINT ( 'NONE',  ( -0.005000000000000000100, 0.4052604870040785700, -0.3665992561741346400 ) ) ;
#1618 = EDGE_LOOP ( 'NONE', ( #2218, #2300, #1175, #3158, #67 ) ) ;
#1619 = FACE_OUTER_BOUND ( 'NONE', #82, .T. ) ;
#1620 = PLANE ( 'NONE',  #3654 ) ;
#1621 = DIRECTION ( 'NONE',  ( -1.000000000000000000, -0.0000000000000000000, -0.0000000000000000000 ) ) ;
#1622 = ORIENTED_EDGE ( 'NONE', *, *, #3187, .T. ) ;
#1623 = VECTOR ( 'NONE', #2312, 1000.000000000000100 ) ;
#1624 = MECHANICAL_DESIGN_GEOMETRIC_PRESENTATION_REPRESENTATION (  '', ( #1846 ), #3486 ) ;
#1625 = VECTOR ( 'NONE', #1560, 1000.000000000000100 ) ;
#1626 = ORIENTED_EDGE ( 'NONE', *, *, #3625, .F. ) ;
#1627 = CARTESIAN_POINT ( 'NONE',  ( -0.005000000000000000100, -0.4011999999999996100, -2.060399999999999600 ) ) ;
#1628 = PRESENTATION_LAYER_ASSIGNMENT (  '', '', ( #2001 ) ) ;
#1629 = DIRECTION ( 'NONE',  ( 0.0000000000000000000, 0.0000000000000000000, 1.000000000000000000 ) ) ;
#1630 = CARTESIAN_POINT ( 'NONE',  ( 11.24131999999999800, 0.0000000000000000000, 0.0000000000000000000 ) ) ;
#1631 = CARTESIAN_POINT ( 'NONE',  ( 14.91496951332858200, -2.750000000000000900, 3.061616997868382400E-017 ) ) ;
#1632 = VERTEX_POINT ( 'NONE', #438 ) ;
#1633 = DIRECTION ( 'NONE',  ( 0.7926239891046003000, -0.6097107608496920000, 0.0000000000000000000 ) ) ;
#1634 = AXIS2_PLACEMENT_3D ( 'NONE', #1912, #3054, #3644 ) ;
#1635 = ORIENTED_EDGE ( 'NONE', *, *, #2762, .T. ) ;
#1636 =( GEOMETRIC_REPRESENTATION_CONTEXT ( 3 ) GLOBAL_UNCERTAINTY_ASSIGNED_CONTEXT ( ( #2592 ) ) GLOBAL_UNIT_ASSIGNED_CONTEXT ( ( #2350, #61, #1524 ) ) REPRESENTATION_CONTEXT ( 'NONE', 'WORKASPACE' ) );
#1637 = EDGE_CURVE ( 'NONE', #3106, #788, #655, .T. ) ;
#1638 = ORIENTED_EDGE ( 'NONE', *, *, #591, .T. ) ;
#1639 = ORIENTED_EDGE ( 'NONE', *, *, #1905, .F. ) ;
#1640 = PRESENTATION_STYLE_ASSIGNMENT (( #1570 ) ) ;
#1641 = CARTESIAN_POINT ( 'NONE',  ( -0.005000000000000000100, -0.4011999999999996100, -2.060399999999999600 ) ) ;
#1642 = VERTEX_POINT ( 'NONE', #3306 ) ;
#1643 = ADVANCED_FACE ( 'NONE', ( #2963 ), #118, .F. ) ;
#1644 = CYLINDRICAL_SURFACE ( 'NONE', #2425, 0.2500000000000005000 ) ;
#1645 = DIRECTION ( 'NONE',  ( 0.0000000000000000000, 0.9619530280415589100, 0.2732148821745908300 ) ) ;
#1646 = VERTEX_POINT ( 'NONE', #737 ) ;
#1647 = CARTESIAN_POINT ( 'NONE',  ( 0.0000000000000000000, -0.2477409776229089200, 1.183767953151024800 ) ) ;
#1648 = FILL_AREA_STYLE ('',( #1054 ) ) ;
#1649 = LINE ( 'NONE', #1157, #1740 ) ;
#1650 = FILL_AREA_STYLE ('',( #467 ) ) ;
#1651 = AXIS2_PLACEMENT_3D ( 'NONE', #1242, #3484, #2391 ) ;
#1652 = COLOUR_RGB ( '',0.7921568627450980000, 0.8196078431372548800, 0.9333333333333333500 ) ;
#1653 = SURFACE_STYLE_USAGE ( .BOTH. , #3101 ) ;
#1654 =( GEOMETRIC_REPRESENTATION_CONTEXT ( 3 ) GLOBAL_UNCERTAINTY_ASSIGNED_CONTEXT ( ( #2808 ) ) GLOBAL_UNIT_ASSIGNED_CONTEXT ( ( #471, #459, #451 ) ) REPRESENTATION_CONTEXT ( 'NONE', 'WORKASPACE' ) );
#1655 = LINE ( 'NONE', #93, #1694 ) ;
#1656 = DIRECTION ( 'NONE',  ( 0.0000000000000000000, 1.000000000000000000, 0.0000000000000000000 ) ) ;
#1657 = SURFACE_STYLE_FILL_AREA ( #1118 ) ;
#1658 = EDGE_CURVE ( 'NONE', #977, #979, #2010, .T. ) ;
#1659 = ADVANCED_FACE ( 'NONE', ( #600 ), #1286, .F. ) ;
#1660 = DIRECTION ( 'NONE',  ( 0.0000000000000000000, 3.558818516450372700E-016, 1.000000000000000000 ) ) ;
#1661 = VECTOR ( 'NONE', #2510, 1000.000000000000000 ) ;
#1662 = FILL_AREA_STYLE_COLOUR ( '', #1931 ) ;
#1663 = CARTESIAN_POINT ( 'NONE',  ( -0.005000000000000000100, -0.4011999999999996100, -1.831079520097858200 ) ) ;
#1664 = ORIENTED_EDGE ( 'NONE', *, *, #1938, .F. ) ;
#1665 =( NAMED_UNIT ( * ) SI_UNIT ( $, .STERADIAN. ) SOLID_ANGLE_UNIT ( ) );
#1666 = DIRECTION ( 'NONE',  ( -0.0000000000000000000, -0.9610992334315861000, -0.2762033010252005200 ) ) ;
#1667 = CARTESIAN_POINT ( 'NONE',  ( 0.0000000000000000000, 0.2506881988911975300, 1.317104819995339500 ) ) ;
#1668 = ORIENTED_EDGE ( 'NONE', *, *, #2279, .T. ) ;
#1669 = CARTESIAN_POINT ( 'NONE',  ( 14.40710678118654900, 1.500000000000000000, 0.2500000000000000000 ) ) ;
#1670 = ORIENTED_EDGE ( 'NONE', *, *, #2751, .T. ) ;
#1671 = AXIS2_PLACEMENT_3D ( 'NONE', #2330, #2308, #2609 ) ;
#1672 = PLANE ( 'NONE',  #835 ) ;
#1673 = ADVANCED_FACE ( 'NONE', ( #790, #1619, #1135 ), #1356, .T. ) ;
#1674 =( NAMED_UNIT ( * ) SI_UNIT ( $, .STERADIAN. ) SOLID_ANGLE_UNIT ( ) );
#1675 = ORIENTED_EDGE ( 'NONE', *, *, #3605, .F. ) ;
#1676 = PRESENTATION_LAYER_ASSIGNMENT (  '', '', ( #2501 ) ) ;
#1677 = SURFACE_STYLE_USAGE ( .BOTH. , #1395 ) ;
#1678 = ORIENTED_EDGE ( 'NONE', *, *, #969, .F. ) ;
#1679 = SURFACE_STYLE_FILL_AREA ( #1333 ) ;
#1680 = VERTEX_POINT ( 'NONE', #1037 ) ;
#1681 =( NAMED_UNIT ( * ) SI_UNIT ( $, .STERADIAN. ) SOLID_ANGLE_UNIT ( ) );
#1682 = VECTOR ( 'NONE', #3189, 1000.000000000000000 ) ;
#1683 = EDGE_CURVE ( 'NONE', #1914, #1819, #1354, .T. ) ;
#1684 = VERTEX_POINT ( 'NONE', #2728 ) ;
#1685 = FACE_OUTER_BOUND ( 'NONE', #896, .T. ) ;
#1686 = UNCERTAINTY_MEASURE_WITH_UNIT (LENGTH_MEASURE( 1.000000000000000100E-005 ), #3620, 'distance_accuracy_value', 'NONE');
#1687 = LINE ( 'NONE', #1539, #264 ) ;
#1688 = DIRECTION ( 'NONE',  ( 0.0000000000000000000, 1.000000000000000000, 0.0000000000000000000 ) ) ;
#1689 = LINE ( 'NONE', #1873, #1204 ) ;
#1690 = DIRECTION ( 'NONE',  ( 0.0000000000000000000, 0.0000000000000000000, -1.000000000000000000 ) ) ;
#1691 = DIRECTION ( 'NONE',  ( 0.0000000000000000000, 0.9620200793798624500, 0.2729786930695567400 ) ) ;
#1692 = DIRECTION ( 'NONE',  ( 0.0000000000000000000, 0.9999999968487353100, 7.938847109773801500E-005 ) ) ;
#1693 = ADVANCED_FACE ( 'NONE', ( #324 ), #3142, .F. ) ;
#1694 = VECTOR ( 'NONE', #2939, 1000.000000000000100 ) ;
#1695 = PRESENTATION_LAYER_ASSIGNMENT (  '', '', ( #2269 ) ) ;
#1696 = VECTOR ( 'NONE', #1713, 1000.000000000000100 ) ;
#1697 = DIRECTION ( 'NONE',  ( 1.000000000000000000, 0.0000000000000000000, 0.0000000000000000000 ) ) ;
#1698 = PRESENTATION_LAYER_ASSIGNMENT (  '', '', ( #151 ) ) ;
#1699 = DIRECTION ( 'NONE',  ( 0.0000000000000000000, -5.050979426444720200E-016, -1.000000000000000000 ) ) ;
#1700 = CARTESIAN_POINT ( 'NONE',  ( -0.005000000000000000100, -0.4011999999999996700, -0.1597402611235481400 ) ) ;
#1701 = STYLED_ITEM ( 'NONE', ( #2235 ), #617 ) ;
#1702 = SURFACE_STYLE_FILL_AREA ( #500 ) ;
#1703 = PLANE ( 'NONE',  #547 ) ;
#1704 = EDGE_CURVE ( 'NONE', #1110, #1364, #957, .T. ) ;
#1705 = CARTESIAN_POINT ( 'NONE',  ( -0.005000000000000000100, 0.4052604870040784600, -1.089453274747135900 ) ) ;
#1706 =( LENGTH_UNIT ( ) NAMED_UNIT ( * ) SI_UNIT ( .MILLI., .METRE. ) );
#1707 = LINE ( 'NONE', #2240, #2055 ) ;
#1708 = EDGE_LOOP ( 'NONE', ( #1761, #2628, #2468, #241 ) ) ;
#1709 = ORIENTED_EDGE ( 'NONE', *, *, #1613, .F. ) ;
#1710 = FACE_OUTER_BOUND ( 'NONE', #213, .T. ) ;
#1711 =( LENGTH_UNIT ( ) NAMED_UNIT ( * ) SI_UNIT ( .MILLI., .METRE. ) );
#1712 = ORIENTED_EDGE ( 'NONE', *, *, #647, .F. ) ;
#1713 = DIRECTION ( 'NONE',  ( 0.0000000000000000000, 0.9610876102172794000, 0.2762437428917419700 ) ) ;
#1714 = AXIS2_PLACEMENT_3D ( 'NONE', #1841, #3005, #700 ) ;
#1715 = ORIENTED_EDGE ( 'NONE', *, *, #2951, .F. ) ;
#1716 = UNCERTAINTY_MEASURE_WITH_UNIT (LENGTH_MEASURE( 1.000000000000000100E-005 ), #1907, 'distance_accuracy_value', 'NONE');
#1717 =( GEOMETRIC_REPRESENTATION_CONTEXT ( 3 ) GLOBAL_UNCERTAINTY_ASSIGNED_CONTEXT ( ( #2359 ) ) GLOBAL_UNIT_ASSIGNED_CONTEXT ( ( #866, #1164, #3444 ) ) REPRESENTATION_CONTEXT ( 'NONE', 'WORKASPACE' ) );
#1718 = VERTEX_POINT ( 'NONE', #1627 ) ;
#1719 = CIRCLE ( 'NONE', #694, 3.042457898510792200 ) ;
#1720 = ORIENTED_EDGE ( 'NONE', *, *, #1848, .F. ) ;
#1721 = DIRECTION ( 'NONE',  ( 0.0000000000000000000, -0.2760118818968562100, 0.9611542233438690200 ) ) ;
#1722 = AXIS2_PLACEMENT_3D ( 'NONE', #2899, #3197, #2625 ) ;
#1723 = ORIENTED_EDGE ( 'NONE', *, *, #1467, .F. ) ;
#1724 = AXIS2_PLACEMENT_3D ( 'NONE', #1943, #233, #2443 ) ;
#1725 = EDGE_CURVE ( 'NONE', #1015, #3543, #3536, .T. ) ;
#1726 = ORIENTED_EDGE ( 'NONE', *, *, #1167, .F. ) ;
#1727 = DIRECTION ( 'NONE',  ( -1.000000000000000000, -0.0000000000000000000, -0.0000000000000000000 ) ) ;
#1728 = DIRECTION ( 'NONE',  ( 0.0000000000000000000, -0.9610853065513907900, -0.2762517575166160100 ) ) ;
#1729 = FACE_OUTER_BOUND ( 'NONE', #2820, .T. ) ;
#1730 = PRESENTATION_STYLE_ASSIGNMENT (( #1868 ) ) ;
#1731 = VERTEX_POINT ( 'NONE', #3593 ) ;
#1732 = DIRECTION ( 'NONE',  ( -1.000000000000000000, -0.0000000000000000000, -0.0000000000000000000 ) ) ;
#1733 = VECTOR ( 'NONE', #1690, 1000.000000000000000 ) ;
#1734 = PLANE ( 'NONE',  #2288 ) ;
#1735 = DIRECTION ( 'NONE',  ( 0.0000000000000000000, -0.2762033010252005800, 0.9610992334315862100 ) ) ;
#1736 = PRESENTATION_STYLE_ASSIGNMENT (( #468 ) ) ;
#1737 = FACE_OUTER_BOUND ( 'NONE', #1112, .T. ) ;
#1738 = PRESENTATION_STYLE_ASSIGNMENT (( #2047 ) ) ;
#1739 = AXIS2_PLACEMENT_3D ( 'NONE', #1345, #2743, #2296 ) ;
#1740 = VECTOR ( 'NONE', #2564, 1000.000000000000200 ) ;
#1741 = PLANE ( 'NONE',  #689 ) ;
#1742 = SURFACE_STYLE_FILL_AREA ( #1470 ) ;
#1743 =( NAMED_UNIT ( * ) SI_UNIT ( $, .STERADIAN. ) SOLID_ANGLE_UNIT ( ) );
#1744 = CARTESIAN_POINT ( 'NONE',  ( -0.005000000000000000100, 0.4052604870040785700, -0.3665992561741346400 ) ) ;
#1745 = AXIS2_PLACEMENT_3D ( 'NONE', #3535, #2403, #3415 ) ;
#1746 = DIRECTION ( 'NONE',  ( 0.0000000000000000000, -0.9280290862136726400, 0.3725077383644745400 ) ) ;
#1747 = EDGE_CURVE ( 'NONE', #3098, #3120, #1850, .T. ) ;
#1748 = ADVANCED_FACE ( 'NONE', ( #1440 ), #1082, .F. ) ;
#1749 = CARTESIAN_POINT ( 'NONE',  ( 13.74980970587693100, -1.353553390593273700, -0.2500000000000000600 ) ) ;
#1750 = VECTOR ( 'NONE', #243, 1000.000000000000000 ) ;
#1751 = LINE ( 'NONE', #978, #1000 ) ;
#1752 = CARTESIAN_POINT ( 'NONE',  ( 13.70000000000000100, 1.500000000000000000, -0.2500000000000000000 ) ) ;
#1753 = DIRECTION ( 'NONE',  ( 0.0000000000000000000, 1.000000000000000000, 0.0000000000000000000 ) ) ;
#1754 = PRESENTATION_LAYER_ASSIGNMENT (  '', '', ( #2369 ) ) ;
#1755 = EDGE_CURVE ( 'NONE', #2290, #2268, #369, .T. ) ;
#1756 = CARTESIAN_POINT ( 'NONE',  ( -0.005000000000000000100, 0.4052604870040786800, 1.361566790438300200 ) ) ;
#1757 = ORIENTED_EDGE ( 'NONE', *, *, #758, .T. ) ;
#1758 = CARTESIAN_POINT ( 'NONE',  ( 12.50000000000000000, 0.0000000000000000000, 0.0000000000000000000 ) ) ;
#1759 = VECTOR ( 'NONE', #1770, 1000.000000000000100 ) ;
#1760 = CARTESIAN_POINT ( 'NONE',  ( 0.0000000000000000000, -0.2477704031468527200, -0.4738651069806681900 ) ) ;
#1761 = ORIENTED_EDGE ( 'NONE', *, *, #647, .T. ) ;
#1762 = ORIENTED_EDGE ( 'NONE', *, *, #2292, .T. ) ;
#1763 = CARTESIAN_POINT ( 'NONE',  ( 0.0000000000000000000, -0.4011999999999996100, -2.060399999999999600 ) ) ;
#1764 = CARTESIAN_POINT ( 'NONE',  ( 13.65019029412306800, -1.646446609406726300, -0.2500000000000000600 ) ) ;
#1765 = SURFACE_SIDE_STYLE ('',( #1563 ) ) ;
#1766 = MECHANICAL_DESIGN_GEOMETRIC_PRESENTATION_REPRESENTATION (  '', ( #2269 ), #2065 ) ;
#1767 = DIRECTION ( 'NONE',  ( 0.0000000000000000000, -1.000000000000000000, 0.0000000000000000000 ) ) ;
#1768 = DIRECTION ( 'NONE',  ( 0.0000000000000000000, 0.0000000000000000000, 1.000000000000000000 ) ) ;
#1769 = ORIENTED_EDGE ( 'NONE', *, *, #517, .T. ) ;
#1770 = DIRECTION ( 'NONE',  ( -0.0000000000000000000, -0.9610029908221278100, -0.2765379750249960500 ) ) ;
#1771 = DIRECTION ( 'NONE',  ( 0.0000000000000000000, 0.0000000000000000000, 1.000000000000000000 ) ) ;
#1772 = EDGE_CURVE ( 'NONE', #3424, #1284, #3006, .T. ) ;
#1773 = CARTESIAN_POINT ( 'NONE',  ( -0.005000000000000000100, 0.2495479597583873100, 1.562278302680624400 ) ) ;
#1774 = VERTEX_POINT ( 'NONE', #221 ) ;
#1775 = ORIENTED_EDGE ( 'NONE', *, *, #2223, .F. ) ;
#1776 =( GEOMETRIC_REPRESENTATION_CONTEXT ( 3 ) GLOBAL_UNCERTAINTY_ASSIGNED_CONTEXT ( ( #3181 ) ) GLOBAL_UNIT_ASSIGNED_CONTEXT ( ( #2627, #54, #2932 ) ) REPRESENTATION_CONTEXT ( 'NONE', 'WORKASPACE' ) );
#1777 = VECTOR ( 'NONE', #114, 1000.000000000000000 ) ;
#1778 = LINE ( 'NONE', #983, #3392 ) ;
#1779 = ORIENTED_EDGE ( 'NONE', *, *, #2621, .F. ) ;
#1780 = CIRCLE ( 'NONE', #612, 0.3039599999999998400 ) ;
#1781 = CARTESIAN_POINT ( 'NONE',  ( 12.50000000000000000, 0.0000000000000000000, 3.399999999999999900 ) ) ;
#1782 = STYLED_ITEM ( 'NONE', ( #908 ), #503 ) ;
#1783 = EDGE_CURVE ( 'NONE', #672, #2598, #3663, .T. ) ;
#1784 = LINE ( 'NONE', #3603, #3475 ) ;
#1785 = SURFACE_STYLE_FILL_AREA ( #923 ) ;
#1786 = EDGE_LOOP ( 'NONE', ( #3182, #1059, #3595, #1411 ) ) ;
#1787 = COLOUR_RGB ( '',0.8980392156862745400, 0.9215686274509803400, 0.9294117647058823800 ) ;
#1788 = CARTESIAN_POINT ( 'NONE',  ( 25.00000000000000000, 2.499999999999999600, 0.0000000000000000000 ) ) ;
#1789 = VECTOR ( 'NONE', #2360, 1000.000000000000200 ) ;
#1790 = FILL_AREA_STYLE_COLOUR ( '', #2314 ) ;
#1791 = DIRECTION ( 'NONE',  ( 0.0000000000000000000, 0.0000000000000000000, 1.000000000000000000 ) ) ;
#1792 = DIRECTION ( 'NONE',  ( 0.0000000000000000000, 0.9619530280415589100, 0.2732148821745908300 ) ) ;
#1793 = PRODUCT_RELATED_PRODUCT_CATEGORY ( 'part', '', ( #3674 ) ) ;
#1794 = SURFACE_STYLE_USAGE ( .BOTH. , #404 ) ;
#1795 = VECTOR ( 'NONE', #1666, 1000.000000000000200 ) ;
#1796 = SURFACE_STYLE_USAGE ( .BOTH. , #3224 ) ;
#1797 = UNCERTAINTY_MEASURE_WITH_UNIT (LENGTH_MEASURE( 1.000000000000000100E-005 ), #2904, 'distance_accuracy_value', 'NONE');
#1798 = DIRECTION ( 'NONE',  ( -1.000000000000000000, -0.0000000000000000000, -0.0000000000000000000 ) ) ;
#1799 = DIRECTION ( 'NONE',  ( 1.000000000000000000, 0.0000000000000000000, 0.0000000000000000000 ) ) ;
#1800 = PRESENTATION_STYLE_ASSIGNMENT (( #1136 ) ) ;
#1801 = DIRECTION ( 'NONE',  ( 0.0000000000000000000, -1.000000000000000000, 0.0000000000000000000 ) ) ;
#1802 = SURFACE_STYLE_USAGE ( .BOTH. , #2066 ) ;
#1803 =( LENGTH_UNIT ( ) NAMED_UNIT ( * ) SI_UNIT ( .MILLI., .METRE. ) );
#1804 = AXIS2_PLACEMENT_3D ( 'NONE', #1394, #3090, #1387 ) ;
#1805 = VECTOR ( 'NONE', #3641, 1000.000000000000000 ) ;
#1806 = ORIENTED_EDGE ( 'NONE', *, *, #2233, .F. ) ;
#1807 = STYLED_ITEM ( 'NONE', ( #1571 ), #3668 ) ;
#1808 = ORIENTED_EDGE ( 'NONE', *, *, #1747, .T. ) ;
#1809 = CARTESIAN_POINT ( 'NONE',  ( 13.70000000000000100, 1.500000000000000000, 0.2500000000000000000 ) ) ;
#1810 = SURFACE_STYLE_USAGE ( .BOTH. , #2363 ) ;
#1811 = VECTOR ( 'NONE', #24, 1000.000000000000000 ) ;
#1812 = MECHANICAL_DESIGN_GEOMETRIC_PRESENTATION_REPRESENTATION (  '', ( #973 ), #1165 ) ;
#1813 =( LENGTH_UNIT ( ) NAMED_UNIT ( * ) SI_UNIT ( .MILLI., .METRE. ) );
#1814 =( LENGTH_UNIT ( ) NAMED_UNIT ( * ) SI_UNIT ( .MILLI., .METRE. ) );
#1815 = ORIENTED_EDGE ( 'NONE', *, *, #2845, .F. ) ;
#1816 = DIRECTION ( 'NONE',  ( 4.336808689942017700E-017, 1.000000000000000000, 0.0000000000000000000 ) ) ;
#1817 =( LENGTH_UNIT ( ) NAMED_UNIT ( * ) SI_UNIT ( .MILLI., .METRE. ) );
#1818 = STYLED_ITEM ( 'NONE', ( #3099 ), #1643 ) ;
#1819 = VERTEX_POINT ( 'NONE', #1145 ) ;
#1820 = DIRECTION ( 'NONE',  ( 1.000000000000000000, 0.0000000000000000000, 0.0000000000000000000 ) ) ;
#1821 = ORIENTED_EDGE ( 'NONE', *, *, #415, .T. ) ;
#1822 = CARTESIAN_POINT ( 'NONE',  ( -0.005000000000000000100, -0.2477704031468527800, -0.9209222193421442400 ) ) ;
#1823 =( NAMED_UNIT ( * ) SI_UNIT ( $, .STERADIAN. ) SOLID_ANGLE_UNIT ( ) );
#1824 = CARTESIAN_POINT ( 'NONE',  ( -0.005000000000000000100, 0.1017533511384346900, -0.4751353088509250900 ) ) ;
#1825 = AXIS2_PLACEMENT_3D ( 'NONE', #2442, #815, #3050 ) ;
#1826 = DIRECTION ( 'NONE',  ( -1.000000000000000000, -0.0000000000000000000, -0.0000000000000000000 ) ) ;
#1827 = EDGE_LOOP ( 'NONE', ( #1535, #483, #3051, #2117 ) ) ;
#1828 = EDGE_LOOP ( 'NONE', ( #3382, #1906, #2517, #1668 ) ) ;
#1829 = FILL_AREA_STYLE ('',( #1534 ) ) ;
#1830 = ORIENTED_EDGE ( 'NONE', *, *, #696, .T. ) ;
#1831 =( GEOMETRIC_REPRESENTATION_CONTEXT ( 3 ) GLOBAL_UNCERTAINTY_ASSIGNED_CONTEXT ( ( #3673 ) ) GLOBAL_UNIT_ASSIGNED_CONTEXT ( ( #2118, #2712, #2660 ) ) REPRESENTATION_CONTEXT ( 'NONE', 'WORKASPACE' ) );
#1832 = VECTOR ( 'NONE', #283, 1000.000000000000100 ) ;
#1833 = UNCERTAINTY_MEASURE_WITH_UNIT (LENGTH_MEASURE( 1.000000000000000100E-005 ), #3010, 'distance_accuracy_value', 'NONE');
#1834 = CIRCLE ( 'NONE', #3541, 0.2500000000000000000 ) ;
#1835 = PRESENTATION_LAYER_ASSIGNMENT (  '', '', ( #365 ) ) ;
#1836 = EDGE_CURVE ( 'NONE', #285, #3378, #1485, .T. ) ;
#1837 = CARTESIAN_POINT ( 'NONE',  ( -0.005000000000000000100, 0.2517279008103603900, 0.9475398303716038300 ) ) ;
#1838 = CARTESIAN_POINT ( 'NONE',  ( 0.0000000000000000000, 0.4052604870040786800, 0.05728331328618344000 ) ) ;
#1839 = SURFACE_SIDE_STYLE ('',( #2993 ) ) ;
#1840 = CARTESIAN_POINT ( 'NONE',  ( 0.0000000000000000000, -0.4011999999999995600, 0.5309185204093028700 ) ) ;
#1841 = CARTESIAN_POINT ( 'NONE',  ( 25.00000000000000000, 2.499999999999999600, 0.0000000000000000000 ) ) ;
#1842 = LINE ( 'NONE', #1838, #632 ) ;
#1843 = DIRECTION ( 'NONE',  ( 0.0000000000000000000, 1.000000000000000000, 0.0000000000000000000 ) ) ;
#1844 = DIRECTION ( 'NONE',  ( 1.000000000000000000, 0.0000000000000000000, 0.0000000000000000000 ) ) ;
#1845 = FACE_OUTER_BOUND ( 'NONE', #3195, .T. ) ;
#1846 = STYLED_ITEM ( 'NONE', ( #1293 ), #2200 ) ;
#1847 =( NAMED_UNIT ( * ) PLANE_ANGLE_UNIT ( ) SI_UNIT ( $, .RADIAN. ) );
#1848 = EDGE_CURVE ( 'NONE', #391, #977, #3317, .T. ) ;
#1849 = AXIS2_PLACEMENT_3D ( 'NONE', #497, #2735, #1047 ) ;
#1850 = LINE ( 'NONE', #2189, #2771 ) ;
#1851 = FILL_AREA_STYLE ('',( #3516 ) ) ;
#1852 =( NAMED_UNIT ( * ) SI_UNIT ( $, .STERADIAN. ) SOLID_ANGLE_UNIT ( ) );
#1853 = VERTEX_POINT ( 'NONE', #3088 ) ;
#1854 = CARTESIAN_POINT ( 'NONE',  ( 0.0000000000000000000, 0.4052604870040785700, -0.3665992561741346400 ) ) ;
#1855 = PRESENTATION_LAYER_ASSIGNMENT (  '', '', ( #3140 ) ) ;
#1856 = EDGE_CURVE ( 'NONE', #3020, #3153, #2905, .T. ) ;
#1857 = ORIENTED_EDGE ( 'NONE', *, *, #2058, .T. ) ;
#1858 = FACE_OUTER_BOUND ( 'NONE', #444, .T. ) ;
#1859 = ORIENTED_EDGE ( 'NONE', *, *, #1305, .T. ) ;
#1860 = EDGE_CURVE ( 'NONE', #2688, #1144, #2243, .T. ) ;
#1861 = CARTESIAN_POINT ( 'NONE',  ( 0.0000000000000000000, 0.4052604870040785700, -0.2861596765811984500 ) ) ;
#1862 = CARTESIAN_POINT ( 'NONE',  ( 0.0000000000000000000, -0.4011999999999996700, -0.1597402611235481400 ) ) ;
#1863 =( NAMED_UNIT ( * ) SI_UNIT ( $, .STERADIAN. ) SOLID_ANGLE_UNIT ( ) );
#1864 = VECTOR ( 'NONE', #1746, 1000.000000000000100 ) ;
#1865 = UNCERTAINTY_MEASURE_WITH_UNIT (LENGTH_MEASURE( 1.000000000000000100E-005 ), #2447, 'distance_accuracy_value', 'NONE');
#1866 = ORIENTED_EDGE ( 'NONE', *, *, #640, .T. ) ;
#1867 =( NAMED_UNIT ( * ) SI_UNIT ( $, .STERADIAN. ) SOLID_ANGLE_UNIT ( ) );
#1868 = SURFACE_STYLE_USAGE ( .BOTH. , #2126 ) ;
#1869 = ORIENTED_EDGE ( 'NONE', *, *, #567, .T. ) ;
#1870 = SURFACE_STYLE_FILL_AREA ( #2760 ) ;
#1871 = ORIENTED_EDGE ( 'NONE', *, *, #991, .T. ) ;
#1872 =( GEOMETRIC_REPRESENTATION_CONTEXT ( 3 ) GLOBAL_UNCERTAINTY_ASSIGNED_CONTEXT ( ( #280 ) ) GLOBAL_UNIT_ASSIGNED_CONTEXT ( ( #939, #2978, #131 ) ) REPRESENTATION_CONTEXT ( 'NONE', 'WORKASPACE' ) );
#1873 = CARTESIAN_POINT ( 'NONE',  ( 0.0000000000000000000, 0.1017533511384346900, -0.4751353088509250900 ) ) ;
#1874 = DIRECTION ( 'NONE',  ( 1.000000000000000000, 0.0000000000000000000, 0.0000000000000000000 ) ) ;
#1875 = LINE ( 'NONE', #2859, #1468 ) ;
#1876 = CARTESIAN_POINT ( 'NONE',  ( 0.0000000000000000000, 0.0000000000000000000, 3.399999999999999900 ) ) ;
#1877 = CARTESIAN_POINT ( 'NONE',  ( 0.0000000000000000000, 0.4052604870040784600, 0.3120185789143117300 ) ) ;
#1878 =( GEOMETRIC_REPRESENTATION_CONTEXT ( 3 ) GLOBAL_UNCERTAINTY_ASSIGNED_CONTEXT ( ( #2679 ) ) GLOBAL_UNIT_ASSIGNED_CONTEXT ( ( #3390, #3465, #1681 ) ) REPRESENTATION_CONTEXT ( 'NONE', 'WORKASPACE' ) );
#1879 = SURFACE_STYLE_FILL_AREA ( #2725 ) ;
#1880 = EDGE_CURVE ( 'NONE', #2970, #1460, #2537, .T. ) ;
#1881 = PLANE ( 'NONE',  #793 ) ;
#1882 = FACE_OUTER_BOUND ( 'NONE', #2547, .T. ) ;
#1883 = CARTESIAN_POINT ( 'NONE',  ( 12.50000000000000000, 0.0000000000000000000, 0.0000000000000000000 ) ) ;
#1884 = SURFACE_SIDE_STYLE ('',( #3157 ) ) ;
#1885 = CARTESIAN_POINT ( 'NONE',  ( -0.005000000000000000100, 0.4052604870040785700, -1.599010204346267900 ) ) ;
#1886 = DIRECTION ( 'NONE',  ( 0.0000000000000000000, 0.9610992334305541500, 0.2762033010287913700 ) ) ;
#1887 = VECTOR ( 'NONE', #2187, 1000.000000000000000 ) ;
#1888 = VECTOR ( 'NONE', #2524, 1000.000000000000000 ) ;
#1889 = STYLED_ITEM ( 'NONE', ( #982 ), #1936 ) ;
#1890 = VECTOR ( 'NONE', #1353, 1000.000000000000000 ) ;
#1891 = ORIENTED_EDGE ( 'NONE', *, *, #1232, .T. ) ;
#1892 = SURFACE_STYLE_USAGE ( .BOTH. , #1614 ) ;
#1893 =( NAMED_UNIT ( * ) SI_UNIT ( $, .STERADIAN. ) SOLID_ANGLE_UNIT ( ) );
#1894 = SURFACE_STYLE_USAGE ( .BOTH. , #207 ) ;
#1895 = ORIENTED_EDGE ( 'NONE', *, *, #2914, .F. ) ;
#1896 = AXIS2_PLACEMENT_3D ( 'NONE', #2470, #519, #2759 ) ;
#1897 = CARTESIAN_POINT ( 'NONE',  ( 0.0000000000000000000, 0.2495479597583873100, 1.562278302680624400 ) ) ;
#1898 = VECTOR ( 'NONE', #872, 1000.000000000000000 ) ;
#1899 = FILL_AREA_STYLE_COLOUR ( '', #417 ) ;
#1900 = PLANE ( 'NONE',  #2854 ) ;
#1901 = DIRECTION ( 'NONE',  ( 0.0000000000000000000, 3.021165783968248400E-016, 1.000000000000000000 ) ) ;
#1902 = VERTEX_POINT ( 'NONE', #1663 ) ;
#1903 =( NAMED_UNIT ( * ) PLANE_ANGLE_UNIT ( ) SI_UNIT ( $, .RADIAN. ) );
#1904 =( GEOMETRIC_REPRESENTATION_CONTEXT ( 3 ) GLOBAL_UNCERTAINTY_ASSIGNED_CONTEXT ( ( #1686 ) ) GLOBAL_UNIT_ASSIGNED_CONTEXT ( ( #3620, #1944, #3066 ) ) REPRESENTATION_CONTEXT ( 'NONE', 'WORKASPACE' ) );
#1905 = EDGE_CURVE ( 'NONE', #371, #2786, #955, .T. ) ;
#1906 = ORIENTED_EDGE ( 'NONE', *, *, #1160, .F. ) ;
#1907 =( LENGTH_UNIT ( ) NAMED_UNIT ( * ) SI_UNIT ( .MILLI., .METRE. ) );
#1908 = VERTEX_POINT ( 'NONE', #246 ) ;
#1909 = FACE_OUTER_BOUND ( 'NONE', #3343, .T. ) ;
#1910 = ORIENTED_EDGE ( 'NONE', *, *, #3633, .T. ) ;
#1911 = SURFACE_SIDE_STYLE ('',( #1679 ) ) ;
#1912 = CARTESIAN_POINT ( 'NONE',  ( -0.005000000000000000100, 0.03668615675610702900, -1.465933263629674500 ) ) ;
#1913 = ORIENTED_EDGE ( 'NONE', *, *, #1856, .F. ) ;
#1914 = VERTEX_POINT ( 'NONE', #862 ) ;
#1915 = PRESENTATION_LAYER_ASSIGNMENT (  '', '', ( #1818 ) ) ;
#1916 = UNCERTAINTY_MEASURE_WITH_UNIT (LENGTH_MEASURE( 1.000000000000000100E-005 ), #3582, 'distance_accuracy_value', 'NONE');
#1917 = UNCERTAINTY_MEASURE_WITH_UNIT (LENGTH_MEASURE( 1.000000000000000100E-005 ), #2181, 'distance_accuracy_value', 'NONE');
#1918 = EDGE_CURVE ( 'NONE', #2037, #343, #3094, .T. ) ;
#1919 = PRESENTATION_LAYER_ASSIGNMENT (  '', '', ( #1461 ) ) ;
#1920 =( NAMED_UNIT ( * ) PLANE_ANGLE_UNIT ( ) SI_UNIT ( $, .RADIAN. ) );
#1921 = CARTESIAN_POINT ( 'NONE',  ( 14.40710678118654900, 1.500000000000000000, 0.0000000000000000000 ) ) ;
#1922 = SURFACE_SIDE_STYLE ('',( #3109 ) ) ;
#1923 = EDGE_CURVE ( 'NONE', #682, #1114, #1707, .T. ) ;
#1924 = ADVANCED_FACE ( 'NONE', ( #3493 ), #1979, .F. ) ;
#1925 = DIRECTION ( 'NONE',  ( 0.0000000000000000000, 0.0000000000000000000, -1.000000000000000000 ) ) ;
#1926 = VECTOR ( 'NONE', #961, 1000.000000000000000 ) ;
#1927 = CARTESIAN_POINT ( 'NONE',  ( -0.005000000000000000100, 0.4052604870040785700, -0.3665992561741346400 ) ) ;
#1928 = DIRECTION ( 'NONE',  ( 1.000000000000000000, 0.0000000000000000000, 0.0000000000000000000 ) ) ;
#1929 = PRESENTATION_STYLE_ASSIGNMENT (( #491 ) ) ;
#1930 = FILL_AREA_STYLE_COLOUR ( '', #2420 ) ;
#1931 = COLOUR_RGB ( '',0.1019607843137254900, 0.1019607843137254900, 0.1019607843137254900 ) ;
#1932 =( NAMED_UNIT ( * ) SI_UNIT ( $, .STERADIAN. ) SOLID_ANGLE_UNIT ( ) );
#1933 = ORIENTED_EDGE ( 'NONE', *, *, #1989, .T. ) ;
#1934 =( GEOMETRIC_REPRESENTATION_CONTEXT ( 3 ) GLOBAL_UNCERTAINTY_ASSIGNED_CONTEXT ( ( #1990 ) ) GLOBAL_UNIT_ASSIGNED_CONTEXT ( ( #2077, #2361, #3532 ) ) REPRESENTATION_CONTEXT ( 'NONE', 'WORKASPACE' ) );
#1935 = LINE ( 'NONE', #944, #1359 ) ;
#1936 = ADVANCED_FACE ( 'NONE', ( #1201 ), #3128, .F. ) ;
#1937 = EDGE_LOOP ( 'NONE', ( #2208, #1443, #1977, #1575 ) ) ;
#1938 = EDGE_CURVE ( 'NONE', #959, #79, #3211, .T. ) ;
#1939 = FILL_AREA_STYLE_COLOUR ( '', #3352 ) ;
#1940 = AXIS2_PLACEMENT_3D ( 'NONE', #3179, #1105, #1961 ) ;
#1941 = COLOUR_RGB ( '',0.1019607843137254900, 0.1019607843137254900, 0.1019607843137254900 ) ;
#1942 = ORIENTED_EDGE ( 'NONE', *, *, #1545, .F. ) ;
#1943 = CARTESIAN_POINT ( 'NONE',  ( 25.00000000000000000, -2.500000000000000900, 0.0000000000000000000 ) ) ;
#1944 =( NAMED_UNIT ( * ) PLANE_ANGLE_UNIT ( ) SI_UNIT ( $, .RADIAN. ) );
#1945 = SURFACE_STYLE_USAGE ( .BOTH. , #337 ) ;
#1946 = ORIENTED_EDGE ( 'NONE', *, *, #1424, .F. ) ;
#1947 = VECTOR ( 'NONE', #2772, 1000.000000000000100 ) ;
#1948 = EDGE_CURVE ( 'NONE', #657, #3150, #2434, .T. ) ;
#1949 = ORIENTED_EDGE ( 'NONE', *, *, #2092, .T. ) ;
#1950 = ORIENTED_EDGE ( 'NONE', *, *, #2155, .T. ) ;
#1951 = DIRECTION ( 'NONE',  ( 1.000000000000000000, 4.336808689942017700E-017, 0.0000000000000000000 ) ) ;
#1952 = ORIENTED_EDGE ( 'NONE', *, *, #3290, .F. ) ;
#1953 = SURFACE_STYLE_FILL_AREA ( #2948 ) ;
#1954 = VERTEX_POINT ( 'NONE', #1763 ) ;
#1955 =( LENGTH_UNIT ( ) NAMED_UNIT ( * ) SI_UNIT ( .MILLI., .METRE. ) );
#1956 = DIRECTION ( 'NONE',  ( 0.0000000000000000000, 0.8843386665637610300, 0.4668459304955212600 ) ) ;
#1957 = PLANE ( 'NONE',  #585 ) ;
#1958 = ADVANCED_FACE ( 'NONE', ( #2128 ), #1516, .F. ) ;
#1959 = VECTOR ( 'NONE', #2953, 1000.000000000000000 ) ;
#1960 = VECTOR ( 'NONE', #2641, 1000.000000000000200 ) ;
#1961 = DIRECTION ( 'NONE',  ( 0.0000000000000000000, 0.0000000000000000000, -1.000000000000000000 ) ) ;
#1962 = PRESENTATION_LAYER_ASSIGNMENT (  '', '', ( #2448 ) ) ;
#1963 = DIRECTION ( 'NONE',  ( 0.0000000000000000000, -5.050979426444721200E-016, -1.000000000000000000 ) ) ;
#1964 = CARTESIAN_POINT ( 'NONE',  ( 0.0000000000000000000, -0.4011999999999993300, 1.140223078915931600 ) ) ;
#1965 = STYLED_ITEM ( 'NONE', ( #2277 ), #545 ) ;
#1966 = EDGE_CURVE ( 'NONE', #3461, #3423, #3029, .T. ) ;
#1967 = LINE ( 'NONE', #2807, #4 ) ;
#1968 = FILL_AREA_STYLE_COLOUR ( '', #3004 ) ;
#1969 = ADVANCED_FACE ( 'NONE', ( #3647 ), #1159, .F. ) ;
#1970 = FILL_AREA_STYLE ('',( #1132 ) ) ;
#1971 = VECTOR ( 'NONE', #1329, 1000.000000000000000 ) ;
#1972 = ORIENTED_EDGE ( 'NONE', *, *, #929, .T. ) ;
#1973 = DIRECTION ( 'NONE',  ( 1.000000000000000000, 0.0000000000000000000, 0.0000000000000000000 ) ) ;
#1974 = PRESENTATION_STYLE_ASSIGNMENT (( #1894 ) ) ;
#1975 = ORIENTED_EDGE ( 'NONE', *, *, #517, .F. ) ;
#1976 = CARTESIAN_POINT ( 'NONE',  ( -0.005000000000000000100, -0.4011999999999992200, 1.604910985609601100 ) ) ;
#1977 = ORIENTED_EDGE ( 'NONE', *, *, #182, .F. ) ;
#1978 = MECHANICAL_DESIGN_GEOMETRIC_PRESENTATION_REPRESENTATION (  '', ( #2539 ), #2311 ) ;
#1979 = PLANE ( 'NONE',  #628 ) ;
#1980 = EDGE_LOOP ( 'NONE', ( #3638, #1983 ) ) ;
#1981 = CARTESIAN_POINT ( 'NONE',  ( -0.005000000000000000100, 0.2495479597563773100, 1.791954341669122800 ) ) ;
#1982 = FILL_AREA_STYLE_COLOUR ( '', #501 ) ;
#1983 = ORIENTED_EDGE ( 'NONE', *, *, #1280, .F. ) ;
#1984 = VECTOR ( 'NONE', #702, 1000.000000000000000 ) ;
#1985 = DIRECTION ( 'NONE',  ( 0.0000000000000000000, 1.000000000000000000, -1.224646799147353200E-016 ) ) ;
#1986 = EDGE_LOOP ( 'NONE', ( #3554, #1723, #1595, #699 ) ) ;
#1987 = ADVANCED_FACE ( 'NONE', ( #2267 ), #1741, .F. ) ;
#1988 = PRESENTATION_LAYER_ASSIGNMENT (  '', '', ( #1230 ) ) ;
#1989 = EDGE_CURVE ( 'NONE', #682, #3065, #2574, .T. ) ;
#1990 = UNCERTAINTY_MEASURE_WITH_UNIT (LENGTH_MEASURE( 1.000000000000000100E-005 ), #2077, 'distance_accuracy_value', 'NONE');
#1991 = DIRECTION ( 'NONE',  ( 1.000000000000000000, 0.0000000000000000000, 0.0000000000000000000 ) ) ;
#1992 = VECTOR ( 'NONE', #1475, 1000.000000000000000 ) ;
#1993 =( GEOMETRIC_REPRESENTATION_CONTEXT ( 3 ) GLOBAL_UNCERTAINTY_ASSIGNED_CONTEXT ( ( #1504 ) ) GLOBAL_UNIT_ASSIGNED_CONTEXT ( ( #988, #2102, #2116 ) ) REPRESENTATION_CONTEXT ( 'NONE', 'WORKASPACE' ) );
#1994 = FILL_AREA_STYLE ('',( #2317 ) ) ;
#1995 = COLOUR_RGB ( '',0.7921568627450980000, 0.8196078431372548800, 0.9333333333333333500 ) ;
#1996 = CARTESIAN_POINT ( 'NONE',  ( 15.08503048667141800, 2.249999999999999600, 3.061616997868383000E-017 ) ) ;
#1997 = FILL_AREA_STYLE_COLOUR ( '', #858 ) ;
#1998 =( LENGTH_UNIT ( ) NAMED_UNIT ( * ) SI_UNIT ( .MILLI., .METRE. ) );
#1999 =( GEOMETRIC_REPRESENTATION_CONTEXT ( 3 ) GLOBAL_UNCERTAINTY_ASSIGNED_CONTEXT ( ( #1251 ) ) GLOBAL_UNIT_ASSIGNED_CONTEXT ( ( #3028, #1318, #3041 ) ) REPRESENTATION_CONTEXT ( 'NONE', 'WORKASPACE' ) );
#2000 = EDGE_CURVE ( 'NONE', #1774, #3011, #771, .T. ) ;
#2001 = STYLED_ITEM ( 'NONE', ( #2212 ), #3102 ) ;
#2002 = CARTESIAN_POINT ( 'NONE',  ( 0.0000000000000000000, -0.4011999999999996100, -1.284426810713275000 ) ) ;
#2003 = SURFACE_SIDE_STYLE ('',( #1742 ) ) ;
#2004 = PRESENTATION_LAYER_ASSIGNMENT (  '', '', ( #3569 ) ) ;
#2005 = PRESENTATION_STYLE_ASSIGNMENT (( #1288 ) ) ;
#2006 =( BOUNDED_CURVE ( )  B_SPLINE_CURVE ( 3, ( #460, #2439, #1283, #2724 ),
 .UNSPECIFIED., .F., .F. ) 
 B_SPLINE_CURVE_WITH_KNOTS ( ( 4, 4 ),
 ( 0.0000000000000000000, 1.570796326794896600 ),
 .UNSPECIFIED. ) 
 CURVE ( )  GEOMETRIC_REPRESENTATION_ITEM ( )  RATIONAL_B_SPLINE_CURVE ( ( 1.000000000000000000, 0.8047378541243649400, 0.8047378541243649400, 1.000000000000000000 ) ) 
 REPRESENTATION_ITEM ( '' )  );
#2007 = DIRECTION ( 'NONE',  ( 1.000000000000000000, 0.0000000000000000000, 0.0000000000000000000 ) ) ;
#2008 = EDGE_CURVE ( 'NONE', #79, #2217, #1420, .T. ) ;
#2009 =( LENGTH_UNIT ( ) NAMED_UNIT ( * ) SI_UNIT ( .MILLI., .METRE. ) );
#2010 = LINE ( 'NONE', #2657, #3368 ) ;
#2011 = VERTEX_POINT ( 'NONE', #32 ) ;
#2012 = CARTESIAN_POINT ( 'NONE',  ( 13.78503048667141900, -1.250000000000000000, -0.1464466094067262400 ) ) ;
#2013 = ORIENTED_EDGE ( 'NONE', *, *, #843, .F. ) ;
#2014 = CARTESIAN_POINT ( 'NONE',  ( 0.0000000000000000000, 0.06135455606166303300, -1.697590620724096300 ) ) ;
#2015 = DIRECTION ( 'NONE',  ( 0.0000000000000000000, 0.9615454294334479000, 0.2746459304916901200 ) ) ;
#2016 = PRESENTATION_LAYER_ASSIGNMENT (  '', '', ( #1846 ) ) ;
#2017 = ADVANCED_FACE ( 'NONE', ( #681 ), #1267, .F. ) ;
#2018 = CARTESIAN_POINT ( 'NONE',  ( -0.005000000000000000100, 0.4052604870040784600, -0.9623852376079841100 ) ) ;
#2019 = ORIENTED_EDGE ( 'NONE', *, *, #2186, .T. ) ;
#2020 = FILL_AREA_STYLE ('',( #42 ) ) ;
#2021 = EDGE_CURVE ( 'NONE', #3056, #2741, #2261, .T. ) ;
#2022 = AXIS2_PLACEMENT_3D ( 'NONE', #2372, #2651, #2355 ) ;
#2023 = UNCERTAINTY_MEASURE_WITH_UNIT (LENGTH_MEASURE( 1.000000000000000100E-005 ), #107, 'distance_accuracy_value', 'NONE');
#2024 = AXIS2_PLACEMENT_3D ( 'NONE', #3542, #2662, #2990 ) ;
#2025 = VERTEX_POINT ( 'NONE', #3495 ) ;
#2026 = COLOUR_RGB ( '',0.1019607843137254900, 0.1019607843137254900, 0.1019607843137254900 ) ;
#2027 = ORIENTED_EDGE ( 'NONE', *, *, #400, .T. ) ;
#2028 = CARTESIAN_POINT ( 'NONE',  ( -0.005000000000000000100, 0.3202280732264091200, 0.4360996671079245800 ) ) ;
#2029 = AXIS2_PLACEMENT_3D ( 'NONE', #3477, #15, #781 ) ;
#2030 = EDGE_CURVE ( 'NONE', #3188, #2025, #1687, .T. ) ;
#2031 = ORIENTED_EDGE ( 'NONE', *, *, #3470, .T. ) ;
#2032 = CARTESIAN_POINT ( 'NONE',  ( -0.005000000000000000100, -0.4011999999999997200, -0.3256462810021531500 ) ) ;
#2033 =( NAMED_UNIT ( * ) PLANE_ANGLE_UNIT ( ) SI_UNIT ( $, .RADIAN. ) );
#2034 =( NAMED_UNIT ( * ) PLANE_ANGLE_UNIT ( ) SI_UNIT ( $, .RADIAN. ) );
#2035 =( NAMED_UNIT ( * ) PLANE_ANGLE_UNIT ( ) SI_UNIT ( $, .RADIAN. ) );
#2036 = COLOUR_RGB ( '',0.1019607843137254900, 0.1019607843137254900, 0.1019607843137254900 ) ;
#2037 = VERTEX_POINT ( 'NONE', #3235 ) ;
#2038 = SURFACE_STYLE_USAGE ( .BOTH. , #2068 ) ;
#2039 = FILL_AREA_STYLE_COLOUR ( '', #1995 ) ;
#2040 = UNCERTAINTY_MEASURE_WITH_UNIT (LENGTH_MEASURE( 1.000000000000000100E-005 ), #1998, 'distance_accuracy_value', 'NONE');
#2041 = DIRECTION ( 'NONE',  ( 0.0000000000000000000, 0.0000000000000000000, -1.000000000000000000 ) ) ;
#2042 = FILL_AREA_STYLE ('',( #2853 ) ) ;
#2043 = SURFACE_SIDE_STYLE ('',( #678 ) ) ;
#2044 = APPLICATION_PROTOCOL_DEFINITION ( 'draft international standard', 'automotive_design', 1998, #50 ) ;
#2045 = DIRECTION ( 'NONE',  ( 0.0000000000000000000, 0.9999960426590096500, 0.002813301676022725000 ) ) ;
#2046 = PRESENTATION_LAYER_ASSIGNMENT (  '', '', ( #3083 ) ) ;
#2047 = SURFACE_STYLE_USAGE ( .BOTH. , #2093 ) ;
#2048 = DIRECTION ( 'NONE',  ( 1.000000000000000000, 0.0000000000000000000, 0.0000000000000000000 ) ) ;
#2049 = COLOUR_RGB ( '',0.1019607843137254900, 0.1019607843137254900, 0.1019607843137254900 ) ;
#2050 = MECHANICAL_DESIGN_GEOMETRIC_PRESENTATION_REPRESENTATION (  '', ( #2690 ), #1319 ) ;
#2051 = SURFACE_SIDE_STYLE ('',( #1022 ) ) ;
#2052 = COLOUR_RGB ( '',0.1019607843137254900, 0.1019607843137254900, 0.1019607843137254900 ) ;
#2053 = UNCERTAINTY_MEASURE_WITH_UNIT (LENGTH_MEASURE( 1.000000000000000100E-005 ), #1955, 'distance_accuracy_value', 'NONE');
#2054 = PLANE ( 'NONE',  #2562 ) ;
#2055 = VECTOR ( 'NONE', #2791, 1000.000000000000200 ) ;
#2056 = DIRECTION ( 'NONE',  ( 0.0000000000000000000, -7.938847109773801500E-005, 0.9999999968487352000 ) ) ;
#2057 = CARTESIAN_POINT ( 'NONE',  ( 13.78503048667141900, 1.249999999999999600, 3.061616997868383000E-017 ) ) ;
#2058 = EDGE_CURVE ( 'NONE', #1908, #3285, #1203, .T. ) ;
#2059 = LINE ( 'NONE', #3613, #2720 ) ;
#2060 = FILL_AREA_STYLE_COLOUR ( '', #2680 ) ;
#2061 =( NAMED_UNIT ( * ) PLANE_ANGLE_UNIT ( ) SI_UNIT ( $, .RADIAN. ) );
#2062 = ORIENTED_EDGE ( 'NONE', *, *, #3365, .F. ) ;
#2063 = EDGE_LOOP ( 'NONE', ( #816, #482, #2915, #2432, #888 ) ) ;
#2064 =( NAMED_UNIT ( * ) PLANE_ANGLE_UNIT ( ) SI_UNIT ( $, .RADIAN. ) );
#2065 =( GEOMETRIC_REPRESENTATION_CONTEXT ( 3 ) GLOBAL_UNCERTAINTY_ASSIGNED_CONTEXT ( ( #3360 ) ) GLOBAL_UNIT_ASSIGNED_CONTEXT ( ( #2607, #329, #903 ) ) REPRESENTATION_CONTEXT ( 'NONE', 'WORKASPACE' ) );
#2066 = SURFACE_SIDE_STYLE ('',( #1214 ) ) ;
#2067 = VERTEX_POINT ( 'NONE', #1216 ) ;
#2068 = SURFACE_SIDE_STYLE ('',( #561 ) ) ;
#2069 = DIRECTION ( 'NONE',  ( 0.0000000000000000000, 1.000000000000000000, 0.0000000000000000000 ) ) ;
#2070 = ORIENTED_EDGE ( 'NONE', *, *, #824, .T. ) ;
#2071 = ORIENTED_EDGE ( 'NONE', *, *, #2130, .T. ) ;
#2072 =( GEOMETRIC_REPRESENTATION_CONTEXT ( 3 ) GLOBAL_UNCERTAINTY_ASSIGNED_CONTEXT ( ( #2459 ) ) GLOBAL_UNIT_ASSIGNED_CONTEXT ( ( #3071, #780, #2747 ) ) REPRESENTATION_CONTEXT ( 'NONE', 'WORKASPACE' ) );
#2073 = LINE ( 'NONE', #2844, #2263 ) ;
#2074 =( NAMED_UNIT ( * ) SI_UNIT ( $, .STERADIAN. ) SOLID_ANGLE_UNIT ( ) );
#2075 = STYLED_ITEM ( 'NONE', ( #3530 ), #290 ) ;
#2076 = EDGE_CURVE ( 'NONE', #1680, #3498, #541, .T. ) ;
#2077 =( LENGTH_UNIT ( ) NAMED_UNIT ( * ) SI_UNIT ( .MILLI., .METRE. ) );
#2078 = CIRCLE ( 'NONE', #26, 3.399999999999999900 ) ;
#2079 =( NAMED_UNIT ( * ) PLANE_ANGLE_UNIT ( ) SI_UNIT ( $, .RADIAN. ) );
#2080 =( NAMED_UNIT ( * ) SI_UNIT ( $, .STERADIAN. ) SOLID_ANGLE_UNIT ( ) );
#2081 = FACE_OUTER_BOUND ( 'NONE', #2166, .T. ) ;
#2082 = SURFACE_STYLE_FILL_AREA ( #1344 ) ;
#2083 = DIRECTION ( 'NONE',  ( 0.0000000000000000000, -0.8958676361826954900, -0.4443210308329211300 ) ) ;
#2084 = CARTESIAN_POINT ( 'NONE',  ( -0.005000000000000000100, -0.4011999999999992200, 1.375180999823006200 ) ) ;
#2085 = LINE ( 'NONE', #3267, #1605 ) ;
#2086 = AXIS2_PLACEMENT_3D ( 'NONE', #3133, #1455, #3154 ) ;
#2087 = CARTESIAN_POINT ( 'NONE',  ( -0.005000000000000000100, -0.04733352850171775000, 0.8613573689530075200 ) ) ;
#2088 = PLANE ( 'NONE',  #2498 ) ;
#2089 = CARTESIAN_POINT ( 'NONE',  ( -0.005000000000000000100, 0.4052604870040788000, 2.057509906016654200 ) ) ;
#2090 = FILL_AREA_STYLE ('',( #1559 ) ) ;
#2091 = SURFACE_SIDE_STYLE ('',( #147 ) ) ;
#2092 = EDGE_CURVE ( 'NONE', #426, #1015, #85, .T. ) ;
#2093 = SURFACE_SIDE_STYLE ('',( #2487 ) ) ;
#2094 = SURFACE_SIDE_STYLE ('',( #3322 ) ) ;
#2095 = FILL_AREA_STYLE_COLOUR ( '', #2991 ) ;
#2096 =( GEOMETRIC_REPRESENTATION_CONTEXT ( 3 ) GLOBAL_UNCERTAINTY_ASSIGNED_CONTEXT ( ( #3018 ) ) GLOBAL_UNIT_ASSIGNED_CONTEXT ( ( #3619, #1920, #803 ) ) REPRESENTATION_CONTEXT ( 'NONE', 'WORKASPACE' ) );
#2097 = EDGE_CURVE ( 'NONE', #1632, #109, #2358, .T. ) ;
#2098 =( LENGTH_UNIT ( ) NAMED_UNIT ( * ) SI_UNIT ( .MILLI., .METRE. ) );
#2099 = ORIENTED_EDGE ( 'NONE', *, *, #3238, .T. ) ;
#2100 = CARTESIAN_POINT ( 'NONE',  ( 14.40710678118654900, -1.500000000000000000, 0.0000000000000000000 ) ) ;
#2101 = CARTESIAN_POINT ( 'NONE',  ( -0.005000000000000000100, -0.4011999999999997200, -0.3256462810021531500 ) ) ;
#2102 =( NAMED_UNIT ( * ) PLANE_ANGLE_UNIT ( ) SI_UNIT ( $, .RADIAN. ) );
#2103 = ORIENTED_EDGE ( 'NONE', *, *, #3123, .F. ) ;
#2104 = DIRECTION ( 'NONE',  ( -4.336808689942017700E-017, 1.000000000000000000, 0.0000000000000000000 ) ) ;
#2105 = VECTOR ( 'NONE', #2573, 1000.000000000000100 ) ;
#2106 = AXIS2_PLACEMENT_3D ( 'NONE', #384, #361, #2648 ) ;
#2107 = ORIENTED_EDGE ( 'NONE', *, *, #2762, .F. ) ;
#2108 = LINE ( 'NONE', #313, #2701 ) ;
#2109 = DIRECTION ( 'NONE',  ( 0.0000000000000000000, 0.0000000000000000000, 1.000000000000000000 ) ) ;
#2110 = ORIENTED_EDGE ( 'NONE', *, *, #2857, .T. ) ;
#2111 = FACE_OUTER_BOUND ( 'NONE', #2471, .T. ) ;
#2112 = ORIENTED_EDGE ( 'NONE', *, *, #251, .T. ) ;
#2113 = DIRECTION ( 'NONE',  ( 1.000000000000000000, 0.0000000000000000000, 0.0000000000000000000 ) ) ;
#2114 = MECHANICAL_DESIGN_GEOMETRIC_PRESENTATION_REPRESENTATION (  '', ( #2811 ), #1934 ) ;
#2115 = ORIENTED_EDGE ( 'NONE', *, *, #1637, .T. ) ;
#2116 =( NAMED_UNIT ( * ) SI_UNIT ( $, .STERADIAN. ) SOLID_ANGLE_UNIT ( ) );
#2117 = ORIENTED_EDGE ( 'NONE', *, *, #996, .T. ) ;
#2118 =( LENGTH_UNIT ( ) NAMED_UNIT ( * ) SI_UNIT ( .MILLI., .METRE. ) );
#2119 = EDGE_CURVE ( 'NONE', #371, #1774, #168, .T. ) ;
#2120 = DIRECTION ( 'NONE',  ( 0.0000000000000000000, 0.0000000000000000000, 1.000000000000000000 ) ) ;
#2121 = PRESENTATION_LAYER_ASSIGNMENT (  '', '', ( #1089 ) ) ;
#2122 = CIRCLE ( 'NONE', #1671, 0.2500000000000000000 ) ;
#2123 = VERTEX_POINT ( 'NONE', #2936 ) ;
#2124 = AXIS2_PLACEMENT_3D ( 'NONE', #3670, #3110, #1660 ) ;
#2125 = FILL_AREA_STYLE_COLOUR ( '', #3598 ) ;
#2126 = SURFACE_SIDE_STYLE ('',( #2700 ) ) ;
#2127 = FACE_OUTER_BOUND ( 'NONE', #2339, .T. ) ;
#2128 = FACE_OUTER_BOUND ( 'NONE', #3250, .T. ) ;
#2129 = VECTOR ( 'NONE', #432, 1000.000000000000000 ) ;
#2130 = EDGE_CURVE ( 'NONE', #16, #2123, #1778, .T. ) ;
#2131 = DIRECTION ( 'NONE',  ( 0.0000000000000000000, 0.2755265765475162800, -0.9612934544747538900 ) ) ;
#2132 = CARTESIAN_POINT ( 'NONE',  ( -0.005000000000000000100, -0.04733352850003842700, -0.8638121776166222100 ) ) ;
#2133 = DIRECTION ( 'NONE',  ( 0.0000000000000000000, -0.2763173343570113900, 0.9610664548998865100 ) ) ;
#2134 = FILL_AREA_STYLE ('',( #990 ) ) ;
#2135 = FILL_AREA_STYLE ('',( #2687 ) ) ;
#2136 = LINE ( 'NONE', #1388, #1795 ) ;
#2137 = SURFACE_SIDE_STYLE ('',( #1170 ) ) ;
#2138 = PRESENTATION_LAYER_ASSIGNMENT (  '', '', ( #1889 ) ) ;
#2139 = LINE ( 'NONE', #1877, #784 ) ;
#2140 = FACE_OUTER_BOUND ( 'NONE', #1282, .T. ) ;
#2141 = EDGE_CURVE ( 'NONE', #2268, #1155, #1415, .T. ) ;
#2142 = LINE ( 'NONE', #1060, #3092 ) ;
#2143 = FILL_AREA_STYLE_COLOUR ( '', #1266 ) ;
#2144 = MECHANICAL_DESIGN_GEOMETRIC_PRESENTATION_REPRESENTATION (  '', ( #174 ), #2522 ) ;
#2145 = COLOUR_RGB ( '',0.1019607843137254900, 0.1019607843137254900, 0.1019607843137254900 ) ;
#2146 = DIRECTION ( 'NONE',  ( 0.0000000000000000000, 2.017165790269883900E-016, 1.000000000000000000 ) ) ;
#2147 =( NAMED_UNIT ( * ) SI_UNIT ( $, .STERADIAN. ) SOLID_ANGLE_UNIT ( ) );
#2148 = CARTESIAN_POINT ( 'NONE',  ( 25.00000000000000000, -2.750000000000000900, 3.061616997868385500E-017 ) ) ;
#2149 = VECTOR ( 'NONE', #1588, 1000.000000000000000 ) ;
#2150 = ORIENTED_EDGE ( 'NONE', *, *, #3538, .F. ) ;
#2151 = LINE ( 'NONE', #146, #1625 ) ;
#2152 = CARTESIAN_POINT ( 'NONE',  ( 13.70000000000000100, -1.500000000000000000, 0.2500000000000000000 ) ) ;
#2153 =( NAMED_UNIT ( * ) SI_UNIT ( $, .STERADIAN. ) SOLID_ANGLE_UNIT ( ) );
#2154 = STYLED_ITEM ( 'NONE', ( #407 ), #643 ) ;
#2155 = EDGE_CURVE ( 'NONE', #2866, #3098, #1599, .T. ) ;
#2156 = ORIENTED_EDGE ( 'NONE', *, *, #3312, .F. ) ;
#2157 = FILL_AREA_STYLE ('',( #1423 ) ) ;
#2158 = DIRECTION ( 'NONE',  ( 0.0000000000000000000, 0.9620200793798624500, 0.2729786930695567400 ) ) ;
#2159 = VERTEX_POINT ( 'NONE', #68 ) ;
#2160 =( NAMED_UNIT ( * ) PLANE_ANGLE_UNIT ( ) SI_UNIT ( $, .RADIAN. ) );
#2161 = UNCERTAINTY_MEASURE_WITH_UNIT (LENGTH_MEASURE( 1.000000000000000100E-005 ), #3243, 'distance_accuracy_value', 'NONE');
#2162 = FILL_AREA_STYLE_COLOUR ( '', #510 ) ;
#2163 = SURFACE_SIDE_STYLE ('',( #2828 ) ) ;
#2164 = FILL_AREA_STYLE_COLOUR ( '', #1308 ) ;
#2165 = FACE_OUTER_BOUND ( 'NONE', #616, .T. ) ;
#2166 = EDGE_LOOP ( 'NONE', ( #76, #2875, #2640, #1830 ) ) ;
#2167 = CARTESIAN_POINT ( 'NONE',  ( 11.24131999999999800, 0.0000000000000000000, -3.042457898510792200 ) ) ;
#2168 = PLANE ( 'NONE',  #1896 ) ;
#2169 = FILL_AREA_STYLE ('',( #180 ) ) ;
#2170 = ORIENTED_EDGE ( 'NONE', *, *, #2000, .T. ) ;
#2171 = PRESENTATION_STYLE_ASSIGNMENT (( #2922 ) ) ;
#2172 = ORIENTED_EDGE ( 'NONE', *, *, #220, .T. ) ;
#2173 =( LENGTH_UNIT ( ) NAMED_UNIT ( * ) SI_UNIT ( .MILLI., .METRE. ) );
#2174 = VECTOR ( 'NONE', #578, 1000.000000000000000 ) ;
#2175 = MECHANICAL_DESIGN_GEOMETRIC_PRESENTATION_REPRESENTATION (  '', ( #1365 ), #3328 ) ;
#2176 = FILL_AREA_STYLE_COLOUR ( '', #2840 ) ;
#2177 = CARTESIAN_POINT ( 'NONE',  ( -0.005000000000000000100, 0.06135455606166303300, -1.697590620724096300 ) ) ;
#2178 = LINE ( 'NONE', #3391, #2835 ) ;
#2179 = ORIENTED_EDGE ( 'NONE', *, *, #3588, .F. ) ;
#2180 = SURFACE_SIDE_STYLE ('',( #2313 ) ) ;
#2181 =( LENGTH_UNIT ( ) NAMED_UNIT ( * ) SI_UNIT ( .MILLI., .METRE. ) );
#2182 = DIRECTION ( 'NONE',  ( 0.0000000000000000000, 0.0000000000000000000, -1.000000000000000000 ) ) ;
#2183 = MECHANICAL_DESIGN_GEOMETRIC_PRESENTATION_REPRESENTATION (  '', ( #3140 ), #1097 ) ;
#2184 = SURFACE_STYLE_FILL_AREA ( #2451 ) ;
#2185 =( GEOMETRIC_REPRESENTATION_CONTEXT ( 3 ) GLOBAL_UNCERTAINTY_ASSIGNED_CONTEXT ( ( #2518 ) ) GLOBAL_UNIT_ASSIGNED_CONTEXT ( ( #3533, #411, #710 ) ) REPRESENTATION_CONTEXT ( 'NONE', 'WORKASPACE' ) );
#2186 = EDGE_CURVE ( 'NONE', #1272, #343, #3126, .T. ) ;
#2187 = DIRECTION ( 'NONE',  ( 1.000000000000000000, 0.0000000000000000000, 0.0000000000000000000 ) ) ;
#2188 = COLOUR_RGB ( '',0.8980392156862745400, 0.9215686274509803400, 0.9294117647058823800 ) ;
#2189 = CARTESIAN_POINT ( 'NONE',  ( 0.0000000000000000000, -0.2477704031468527800, -0.9209222193421442400 ) ) ;
#2190 = MECHANICAL_DESIGN_GEOMETRIC_PRESENTATION_REPRESENTATION (  '', ( #2600 ), #2849 ) ;
#2191 = DIRECTION ( 'NONE',  ( 0.0000000000000000000, -0.9610664548998865100, -0.2763173343570113900 ) ) ;
#2192 = CARTESIAN_POINT ( 'NONE',  ( 15.00000000000000200, -2.500000000000000400, 0.0000000000000000000 ) ) ;
#2193 = VECTOR ( 'NONE', #3130, 1000.000000000000000 ) ;
#2194 = CARTESIAN_POINT ( 'NONE',  ( -0.005000000000000000100, 0.4052604870040785700, 0.6657266635534341300 ) ) ;
#2195 = FILL_AREA_STYLE_COLOUR ( '', #346 ) ;
#2196 = MECHANICAL_DESIGN_GEOMETRIC_PRESENTATION_REPRESENTATION (  '', ( #3111 ), #287 ) ;
#2197 = DIRECTION ( 'NONE',  ( 1.000000000000000000, 0.0000000000000000000, 0.0000000000000000000 ) ) ;
#2198 = COLOUR_RGB ( '',0.1019607843137254900, 0.1019607843137254900, 0.1019607843137254900 ) ;
#2199 = DIRECTION ( 'NONE',  ( -0.0000000000000000000, -0.7083077534943615900, -0.7059037656364857100 ) ) ;
#2200 = ADVANCED_FACE ( 'NONE', ( #3685 ), #626, .T. ) ;
#2201 = EDGE_CURVE ( 'NONE', #977, #2688, #2703, .T. ) ;
#2202 = FILL_AREA_STYLE_COLOUR ( '', #2283 ) ;
#2203 = ORIENTED_EDGE ( 'NONE', *, *, #2141, .T. ) ;
#2204 = ORIENTED_EDGE ( 'NONE', *, *, #1860, .T. ) ;
#2205 = CARTESIAN_POINT ( 'NONE',  ( -0.005000000000000000100, 0.2506881988911975300, 1.317104819995339500 ) ) ;
#2206 = AXIS2_PLACEMENT_3D ( 'NONE', #3656, #284, #3680 ) ;
#2207 = EDGE_CURVE ( 'NONE', #2025, #2011, #3396, .T. ) ;
#2208 = ORIENTED_EDGE ( 'NONE', *, *, #496, .T. ) ;
#2209 = ORIENTED_EDGE ( 'NONE', *, *, #1248, .T. ) ;
#2210 = CARTESIAN_POINT ( 'NONE',  ( 13.70000000000000100, 1.500000000000000000, 0.2500000000000000000 ) ) ;
#2211 = STYLED_ITEM ( 'NONE', ( #3422 ), #1139 ) ;
#2212 = PRESENTATION_STYLE_ASSIGNMENT (( #3609 ) ) ;
#2213 = CARTESIAN_POINT ( 'NONE',  ( -0.005000000000000000100, -0.4011999999999997200, -0.3256462810021531500 ) ) ;
#2214 = ORIENTED_EDGE ( 'NONE', *, *, #633, .F. ) ;
#2215 = SURFACE_SIDE_STYLE ('',( #3272 ) ) ;
#2216 = DIRECTION ( 'NONE',  ( 0.0000000000000000000, 0.0000000000000000000, 1.000000000000000000 ) ) ;
#2217 = VERTEX_POINT ( 'NONE', #1109 ) ;
#2218 = ORIENTED_EDGE ( 'NONE', *, *, #2593, .T. ) ;
#2219 = ADVANCED_FACE ( 'NONE', ( #2610 ), #2473, .F. ) ;
#2220 = PRESENTATION_LAYER_ASSIGNMENT (  '', '', ( #3037 ) ) ;
#2221 = ORIENTED_EDGE ( 'NONE', *, *, #1613, .T. ) ;
#2222 = PRESENTATION_STYLE_ASSIGNMENT (( #551 ) ) ;
#2223 = EDGE_CURVE ( 'NONE', #1908, #3412, #3648, .T. ) ;
#2224 = DIRECTION ( 'NONE',  ( 0.0000000000000000000, -0.004650693823678310500, 0.9999891854650021500 ) ) ;
#2225 = EDGE_CURVE ( 'NONE', #2590, #2977, #1384, .T. ) ;
#2226 = LINE ( 'NONE', #2971, #2798 ) ;
#2227 = PRESENTATION_LAYER_ASSIGNMENT (  '', '', ( #2338 ) ) ;
#2228 = CARTESIAN_POINT ( 'NONE',  ( 0.0000000000000000000, -0.2477409776229089200, 1.183767953151024800 ) ) ;
#2229 = CARTESIAN_POINT ( 'NONE',  ( -0.005000000000000000100, 0.03668615675610702900, -1.465933263629674500 ) ) ;
#2230 = SURFACE_SIDE_STYLE ('',( #1702 ) ) ;
#2231 = AXIS2_PLACEMENT_3D ( 'NONE', #1581, #1262, #1843 ) ;
#2232 = PRESENTATION_STYLE_ASSIGNMENT (( #477 ) ) ;
#2233 = EDGE_CURVE ( 'NONE', #3188, #1731, #2523, .T. ) ;
#2234 = CARTESIAN_POINT ( 'NONE',  ( -0.005000000000000000100, 0.4052604870040785700, -1.599010204346267900 ) ) ;
#2235 = PRESENTATION_STYLE_ASSIGNMENT (( #3240 ) ) ;
#2236 = UNCERTAINTY_MEASURE_WITH_UNIT (LENGTH_MEASURE( 1.000000000000000100E-005 ), #1542, 'distance_accuracy_value', 'NONE');
#2237 = FACE_OUTER_BOUND ( 'NONE', #469, .T. ) ;
#2238 = DIRECTION ( 'NONE',  ( 1.000000000000000000, 0.0000000000000000000, 0.0000000000000000000 ) ) ;
#2239 = ADVANCED_FACE ( 'NONE', ( #1332 ), #2544, .F. ) ;
#2240 = CARTESIAN_POINT ( 'NONE',  ( 13.85242769021242500, -1.301844002723850000, 0.0000000000000000000 ) ) ;
#2241 = SURFACE_STYLE_USAGE ( .BOTH. , #1117 ) ;
#2242 = CARTESIAN_POINT ( 'NONE',  ( 13.70000000000000100, 1.500000000000000000, 0.0000000000000000000 ) ) ;
#2243 = LINE ( 'NONE', #526, #652 ) ;
#2244 = PLANE ( 'NONE',  #2124 ) ;
#2245 = UNCERTAINTY_MEASURE_WITH_UNIT (LENGTH_MEASURE( 1.000000000000000100E-005 ), #1031, 'distance_accuracy_value', 'NONE');
#2246 = VERTEX_POINT ( 'NONE', #7 ) ;
#2247 = COLOUR_RGB ( '',0.1019607843137254900, 0.1019607843137254900, 0.1019607843137254900 ) ;
#2248 = ORIENTED_EDGE ( 'NONE', *, *, #2097, .F. ) ;
#2249 = FILL_AREA_STYLE ('',( #1939 ) ) ;
#2250 =( GEOMETRIC_REPRESENTATION_CONTEXT ( 3 ) GLOBAL_UNCERTAINTY_ASSIGNED_CONTEXT ( ( #1181 ) ) GLOBAL_UNIT_ASSIGNED_CONTEXT ( ( #2615, #3222, #373 ) ) REPRESENTATION_CONTEXT ( 'NONE', 'WORKASPACE' ) );
#2251 = EDGE_LOOP ( 'NONE', ( #3589, #2691, #205, #2394, #3416, #3451, #1506, #2387, #1546, #2729, #1237, #1371, #518, #1380, #2638, #3139, #1195 ) ) ;
#2252 = CARTESIAN_POINT ( 'NONE',  ( -0.005000000000000000100, 0.2495304306676689700, 2.012755780601337600 ) ) ;
#2253 = ADVANCED_FACE ( 'NONE', ( #2306 ), #2264, .F. ) ;
#2254 = STYLED_ITEM ( 'NONE', ( #494 ), #856 ) ;
#2255 = EDGE_CURVE ( 'NONE', #1311, #2345, #725, .T. ) ;
#2256 = EDGE_LOOP ( 'NONE', ( #844, #2793 ) ) ;
#2257 = ORIENTED_EDGE ( 'NONE', *, *, #1346, .F. ) ;
#2258 = ORIENTED_EDGE ( 'NONE', *, *, #3046, .T. ) ;
#2259 = CYLINDRICAL_SURFACE ( 'NONE', #2737, 0.2500000000000000000 ) ;
#2260 = SURFACE_SIDE_STYLE ('',( #3076 ) ) ;
#2261 = LINE ( 'NONE', #706, #1789 ) ;
#2262 = ORIENTED_EDGE ( 'NONE', *, *, #204, .F. ) ;
#2263 = VECTOR ( 'NONE', #596, 1000.000000000000100 ) ;
#2264 = PLANE ( 'NONE',  #2942 ) ;
#2265 = DIRECTION ( 'NONE',  ( 0.0000000000000000000, 0.9237839814038687500, -0.3829140317376951200 ) ) ;
#2266 = LINE ( 'NONE', #3379, #861 ) ;
#2267 = FACE_OUTER_BOUND ( 'NONE', #3385, .T. ) ;
#2268 = VERTEX_POINT ( 'NONE', #1429 ) ;
#2269 = STYLED_ITEM ( 'NONE', ( #579 ), #1969 ) ;
#2270 =( BOUNDED_CURVE ( )  B_SPLINE_CURVE ( 3, ( #1752, #2594, #3215, #2655 ),
 .UNSPECIFIED., .F., .T. ) 
 B_SPLINE_CURVE_WITH_KNOTS ( ( 4, 4 ),
 ( 4.712388980384689700, 6.283185307179586200 ),
 .UNSPECIFIED. ) 
 CURVE ( )  GEOMETRIC_REPRESENTATION_ITEM ( )  RATIONAL_B_SPLINE_CURVE ( ( 1.000000000000000000, 0.8047378541243649400, 0.8047378541243649400, 1.000000000000000000 ) ) 
 REPRESENTATION_ITEM ( '' )  );
#2271 = ADVANCED_FACE ( 'NONE', ( #773 ), #2513, .F. ) ;
#2272 = MECHANICAL_DESIGN_GEOMETRIC_PRESENTATION_REPRESENTATION (  '', ( #151 ), #2453 ) ;
#2273 = VECTOR ( 'NONE', #1799, 1000.000000000000000 ) ;
#2274 = CARTESIAN_POINT ( 'NONE',  ( -0.005000000000000000100, 0.4052604870040788000, 2.057509906016654200 ) ) ;
#2275 = FILL_AREA_STYLE_COLOUR ( '', #397 ) ;
#2276 = CARTESIAN_POINT ( 'NONE',  ( 0.0000000000000000000, 0.4052604870040785700, -1.599010204346267900 ) ) ;
#2277 = PRESENTATION_STYLE_ASSIGNMENT (( #1493 ) ) ;
#2278 = MECHANICAL_DESIGN_GEOMETRIC_PRESENTATION_REPRESENTATION (  '', ( #1441 ), #3384 ) ;
#2279 = EDGE_CURVE ( 'NONE', #3498, #2217, #2078, .T. ) ;
#2280 =( NAMED_UNIT ( * ) PLANE_ANGLE_UNIT ( ) SI_UNIT ( $, .RADIAN. ) );
#2281 = LINE ( 'NONE', #249, #3223 ) ;
#2282 =( LENGTH_UNIT ( ) NAMED_UNIT ( * ) SI_UNIT ( .MILLI., .METRE. ) );
#2283 = COLOUR_RGB ( '',0.1019607843137254900, 0.1019607843137254900, 0.1019607843137254900 ) ;
#2284 = MECHANICAL_DESIGN_GEOMETRIC_PRESENTATION_REPRESENTATION (  '', ( #2492 ), #871 ) ;
#2285 = VERTEX_POINT ( 'NONE', #3398 ) ;
#2286 = LINE ( 'NONE', #3207, #2376 ) ;
#2287 = EDGE_LOOP ( 'NONE', ( #879, #3275, #335, #2929 ) ) ;
#2288 = AXIS2_PLACEMENT_3D ( 'NONE', #1976, #875, #1142 ) ;
#2289 = UNCERTAINTY_MEASURE_WITH_UNIT (LENGTH_MEASURE( 1.000000000000000100E-005 ), #1197, 'distance_accuracy_value', 'NONE');
#2290 = VERTEX_POINT ( 'NONE', #262 ) ;
#2291 = AXIS2_PLACEMENT_3D ( 'NONE', #3575, #123, #2104 ) ;
#2292 = EDGE_CURVE ( 'NONE', #3065, #106, #3279, .T. ) ;
#2293 = UNCERTAINTY_MEASURE_WITH_UNIT (LENGTH_MEASURE( 1.000000000000000100E-005 ), #3573, 'distance_accuracy_value', 'NONE');
#2294 = CARTESIAN_POINT ( 'NONE',  ( 0.0000000000000000000, 0.4052604870040784600, -1.089453274747135900 ) ) ;
#2295 = ORIENTED_EDGE ( 'NONE', *, *, #1397, .F. ) ;
#2296 = DIRECTION ( 'NONE',  ( 0.0000000000000000000, 0.0000000000000000000, -1.000000000000000000 ) ) ;
#2297 = PRESENTATION_STYLE_ASSIGNMENT (( #2381 ) ) ;
#2298 = CARTESIAN_POINT ( 'NONE',  ( 12.50000000000000000, 1.500000000000000000, 0.0000000000000000000 ) ) ;
#2299 = VERTEX_POINT ( 'NONE', #248 ) ;
#2300 = ORIENTED_EDGE ( 'NONE', *, *, #743, .T. ) ;
#2301 = UNCERTAINTY_MEASURE_WITH_UNIT (LENGTH_MEASURE( 1.000000000000000100E-005 ), #601, 'distance_accuracy_value', 'NONE');
#2302 = SURFACE_STYLE_FILL_AREA ( #1994 ) ;
#2303 = ORIENTED_EDGE ( 'NONE', *, *, #1011, .F. ) ;
#2304 = ADVANCED_FACE ( 'NONE', ( #1422 ), #2054, .F. ) ;
#2305 = MECHANICAL_DESIGN_GEOMETRIC_PRESENTATION_REPRESENTATION (  '', ( #1818 ), #1993 ) ;
#2306 = FACE_OUTER_BOUND ( 'NONE', #2787, .T. ) ;
#2307 = PRESENTATION_STYLE_ASSIGNMENT (( #2331 ) ) ;
#2308 = DIRECTION ( 'NONE',  ( 1.000000000000000000, 0.0000000000000000000, 0.0000000000000000000 ) ) ;
#2309 = CARTESIAN_POINT ( 'NONE',  ( 15.00000000000000000, 2.499999999999999100, 0.0000000000000000000 ) ) ;
#2310 = CARTESIAN_POINT ( 'NONE',  ( -0.005000000000000000100, 0.4052604870040785700, -0.3665992561741346400 ) ) ;
#2311 =( GEOMETRIC_REPRESENTATION_CONTEXT ( 3 ) GLOBAL_UNCERTAINTY_ASSIGNED_CONTEXT ( ( #1335 ) ) GLOBAL_UNIT_ASSIGNED_CONTEXT ( ( #3522, #424, #3292 ) ) REPRESENTATION_CONTEXT ( 'NONE', 'WORKASPACE' ) );
#2312 = DIRECTION ( 'NONE',  ( 0.0000000000000000000, 0.9612861490927326900, 0.2755520632520550000 ) ) ;
#2313 = SURFACE_STYLE_FILL_AREA ( #3596 ) ;
#2314 = COLOUR_RGB ( '',0.1019607843137254900, 0.1019607843137254900, 0.1019607843137254900 ) ;
#2315 = MECHANICAL_DESIGN_GEOMETRIC_PRESENTATION_REPRESENTATION (  '', ( #1065 ), #1250 ) ;
#2316 = FACE_OUTER_BOUND ( 'NONE', #1405, .T. ) ;
#2317 = FILL_AREA_STYLE_COLOUR ( '', #3601 ) ;
#2318 =( GEOMETRIC_REPRESENTATION_CONTEXT ( 3 ) GLOBAL_UNCERTAINTY_ASSIGNED_CONTEXT ( ( #2474 ) ) GLOBAL_UNIT_ASSIGNED_CONTEXT ( ( #986, #1847, #2396 ) ) REPRESENTATION_CONTEXT ( 'NONE', 'WORKASPACE' ) );
#2319 = CARTESIAN_POINT ( 'NONE',  ( -0.005000000000000000100, 0.2517548742101135000, -0.4101980772080755000 ) ) ;
#2320 = EDGE_CURVE ( 'NONE', #263, #1500, #2122, .T. ) ;
#2321 = SURFACE_STYLE_USAGE ( .BOTH. , #360 ) ;
#2322 =( NAMED_UNIT ( * ) PLANE_ANGLE_UNIT ( ) SI_UNIT ( $, .RADIAN. ) );
#2323 = LINE ( 'NONE', #1854, #1573 ) ;
#2324 = VECTOR ( 'NONE', #1213, 1000.000000000000000 ) ;
#2325 = AXIS2_PLACEMENT_3D ( 'NONE', #1511, #906, #644 ) ;
#2326 = VERTEX_POINT ( 'NONE', #331 ) ;
#2327 = LINE ( 'NONE', #3562, #2677 ) ;
#2328 = SURFACE_SIDE_STYLE ('',( #2302 ) ) ;
#2329 = ORIENTED_EDGE ( 'NONE', *, *, #1368, .T. ) ;
#2330 = CARTESIAN_POINT ( 'NONE',  ( 12.50000000000000000, -1.500000000000000000, 0.0000000000000000000 ) ) ;
#2331 = SURFACE_STYLE_USAGE ( .BOTH. , #2 ) ;
#2332 = STYLED_ITEM ( 'NONE', ( #2480 ), #2017 ) ;
#2333 =( NAMED_UNIT ( * ) PLANE_ANGLE_UNIT ( ) SI_UNIT ( $, .RADIAN. ) );
#2334 = CARTESIAN_POINT ( 'NONE',  ( 0.0000000000000000000, 0.4052604870040784600, -0.9623852376079841100 ) ) ;
#2335 = ORIENTED_EDGE ( 'NONE', *, *, #2774, .F. ) ;
#2336 = FILL_AREA_STYLE ('',( #1483 ) ) ;
#2337 = FACE_OUTER_BOUND ( 'NONE', #2975, .T. ) ;
#2338 = STYLED_ITEM ( 'NONE', ( #1730 ), #3062 ) ;
#2339 = EDGE_LOOP ( 'NONE', ( #3012, #486, #3144, #1069, #792, #3060, #2110, #3117, #29, #423, #1549 ) ) ;
#2340 = SURFACE_STYLE_USAGE ( .BOTH. , #2051 ) ;
#2341 =( GEOMETRIC_REPRESENTATION_CONTEXT ( 3 ) GLOBAL_UNCERTAINTY_ASSIGNED_CONTEXT ( ( #2289 ) ) GLOBAL_UNIT_ASSIGNED_CONTEXT ( ( #1197, #2878, #3151 ) ) REPRESENTATION_CONTEXT ( 'NONE', 'WORKASPACE' ) );
#2342 = VERTEX_POINT ( 'NONE', #2002 ) ;
#2343 = VECTOR ( 'NONE', #2191, 1000.000000000000100 ) ;
#2344 = EDGE_CURVE ( 'NONE', #389, #2741, #2935, .T. ) ;
#2345 = VERTEX_POINT ( 'NONE', #2014 ) ;
#2346 = DIRECTION ( 'NONE',  ( 0.0000000000000000000, 0.0000000000000000000, 1.000000000000000000 ) ) ;
#2347 = CARTESIAN_POINT ( 'NONE',  ( 13.74980970587693100, 1.353553390593273700, 0.2500000000000000600 ) ) ;
#2348 = PRESENTATION_STYLE_ASSIGNMENT (( #1541 ) ) ;
#2349 =( NAMED_UNIT ( * ) PLANE_ANGLE_UNIT ( ) SI_UNIT ( $, .RADIAN. ) );
#2350 =( LENGTH_UNIT ( ) NAMED_UNIT ( * ) SI_UNIT ( .MILLI., .METRE. ) );
#2351 = VECTOR ( 'NONE', #1820, 1000.000000000000000 ) ;
#2352 = EDGE_LOOP ( 'NONE', ( #3374, #3206, #299, #1315 ) ) ;
#2353 = CARTESIAN_POINT ( 'NONE',  ( 0.0000000000000000000, 0.2517548742101135000, -0.7776297161960972200 ) ) ;
#2354 = CARTESIAN_POINT ( 'NONE',  ( -0.005000000000000000100, 0.4052604870040784600, 0.3120185789143117300 ) ) ;
#2355 = DIRECTION ( 'NONE',  ( 0.0000000000000000000, 0.9619530280415590200, 0.2732148821745908900 ) ) ;
#2356 = VECTOR ( 'NONE', #2695, 1000.000000000000000 ) ;
#2357 = VERTEX_POINT ( 'NONE', #3163 ) ;
#2358 = LINE ( 'NONE', #111, #2431 ) ;
#2359 = UNCERTAINTY_MEASURE_WITH_UNIT (LENGTH_MEASURE( 1.000000000000000100E-005 ), #866, 'distance_accuracy_value', 'NONE');
#2360 = DIRECTION ( 'NONE',  ( 0.7926239891046003000, 0.6097107608496920000, 0.0000000000000000000 ) ) ;
#2361 =( NAMED_UNIT ( * ) PLANE_ANGLE_UNIT ( ) SI_UNIT ( $, .RADIAN. ) );
#2362 = CARTESIAN_POINT ( 'NONE',  ( -0.005000000000000000100, 0.4052604870040784600, 0.3120185789143117300 ) ) ;
#2363 = SURFACE_SIDE_STYLE ('',( #133 ) ) ;
#2364 = CARTESIAN_POINT ( 'NONE',  ( -0.005000000000000000100, -0.2477409776229089200, 0.8041443378877790600 ) ) ;
#2365 = AXIS2_PLACEMENT_3D ( 'NONE', #852, #2841, #1134 ) ;
#2366 = FILL_AREA_STYLE ('',( #2125 ) ) ;
#2367 = MECHANICAL_DESIGN_GEOMETRIC_PRESENTATION_REPRESENTATION (  '', ( #1807 ), #863 ) ;
#2368 = DIRECTION ( 'NONE',  ( 0.0000000000000000000, 0.0000000000000000000, 1.000000000000000000 ) ) ;
#2369 = STYLED_ITEM ( 'NONE', ( #2606 ), #901 ) ;
#2370 = FILL_AREA_STYLE ('',( #914 ) ) ;
#2371 = EDGE_CURVE ( 'NONE', #788, #3106, #2880, .T. ) ;
#2372 = CARTESIAN_POINT ( 'NONE',  ( -0.005000000000000000100, 0.2517548742101135000, -0.4101980772080755000 ) ) ;
#2373 = ORIENTED_EDGE ( 'NONE', *, *, #1783, .T. ) ;
#2374 = CARTESIAN_POINT ( 'NONE',  ( 0.0000000000000000000, 0.4052604870040786800, 1.361566790438300200 ) ) ;
#2375 = AXIS2_PLACEMENT_3D ( 'NONE', #105, #413, #728 ) ;
#2376 = VECTOR ( 'NONE', #1792, 1000.000000000000100 ) ;
#2377 = DIRECTION ( 'NONE',  ( -1.000000000000000000, 0.0000000000000000000, 0.0000000000000000000 ) ) ;
#2378 = UNCERTAINTY_MEASURE_WITH_UNIT (LENGTH_MEASURE( 1.000000000000000100E-005 ), #2173, 'distance_accuracy_value', 'NONE');
#2379 = ORIENTED_EDGE ( 'NONE', *, *, #2976, .F. ) ;
#2380 = DIRECTION ( 'NONE',  ( 0.0000000000000000000, 0.0000000000000000000, 1.000000000000000000 ) ) ;
#2381 = SURFACE_STYLE_USAGE ( .BOTH. , #960 ) ;
#2382 = CLOSED_SHELL ( 'NONE', ( #1431, #2753, #1659, #1936, #2846, #3652, #2822, #3689, #3614, #3169, #2536, #1090, #1398, #3125, #3635, #3668, #219, #2789, #1123 ) ) ;
#2383 = UNCERTAINTY_MEASURE_WITH_UNIT (LENGTH_MEASURE( 1.000000000000000100E-005 ), #1813, 'distance_accuracy_value', 'NONE');
#2384 = DIRECTION ( 'NONE',  ( 0.0000000000000000000, 0.7145695586381818300, -0.6995643972270416700 ) ) ;
#2385 = EDGE_CURVE ( 'NONE', #3672, #703, #3104, .T. ) ;
#2386 = LINE ( 'NONE', #1474, #1864 ) ;
#2387 = ORIENTED_EDGE ( 'NONE', *, *, #367, .F. ) ;
#2388 = AXIS2_PLACEMENT_3D ( 'NONE', #2674, #3007, #2146 ) ;
#2389 = ORIENTED_EDGE ( 'NONE', *, *, #1836, .T. ) ;
#2390 = LINE ( 'NONE', #610, #1682 ) ;
#2391 = DIRECTION ( 'NONE',  ( 0.0000000000000000000, 0.9617234872620598100, 0.2740217765954057700 ) ) ;
#2392 = MECHANICAL_DESIGN_GEOMETRIC_PRESENTATION_REPRESENTATION (  '', ( #3496 ), #3236 ) ;
#2393 = EDGE_CURVE ( 'NONE', #1819, #1914, #935, .T. ) ;
#2394 = ORIENTED_EDGE ( 'NONE', *, *, #794, .F. ) ;
#2395 = SURFACE_SIDE_STYLE ('',( #2891 ) ) ;
#2396 =( NAMED_UNIT ( * ) SI_UNIT ( $, .STERADIAN. ) SOLID_ANGLE_UNIT ( ) );
#2397 = VECTOR ( 'NONE', #1771, 1000.000000000000000 ) ;
#2398 = PRESENTATION_LAYER_ASSIGNMENT (  '', '', ( #2211 ) ) ;
#2399 =( NAMED_UNIT ( * ) PLANE_ANGLE_UNIT ( ) SI_UNIT ( $, .RADIAN. ) );
#2400 = CYLINDRICAL_SURFACE ( 'NONE', #100, 0.2499999999999997800 ) ;
#2401 = LINE ( 'NONE', #2252, #1303 ) ;
#2402 = EDGE_CURVE ( 'NONE', #2973, #263, #3298, .T. ) ;
#2403 = DIRECTION ( 'NONE',  ( 0.0000000000000000000, 0.3725077383644745400, 0.9280290862136727500 ) ) ;
#2404 = CARTESIAN_POINT ( 'NONE',  ( -0.005000000000000000100, 0.4052604870040784600, -1.354851902307815800 ) ) ;
#2405 = CARTESIAN_POINT ( 'NONE',  ( 13.61496951332858200, -1.750000000000000400, 3.061616997868383000E-017 ) ) ;
#2406 = COLOUR_RGB ( '',0.8980392156862745400, 0.9215686274509803400, 0.9294117647058823800 ) ;
#2407 =( NAMED_UNIT ( * ) PLANE_ANGLE_UNIT ( ) SI_UNIT ( $, .RADIAN. ) );
#2408 = FACE_OUTER_BOUND ( 'NONE', #3506, .T. ) ;
#2409 = MECHANICAL_DESIGN_GEOMETRIC_PRESENTATION_REPRESENTATION (  '', ( #2485 ), #2796 ) ;
#2410 = EDGE_CURVE ( 'NONE', #2067, #72, #2390, .T. ) ;
#2411 = PRESENTATION_STYLE_ASSIGNMENT (( #2428 ) ) ;
#2412 = PRESENTATION_STYLE_ASSIGNMENT (( #1892 ) ) ;
#2413 = VERTEX_POINT ( 'NONE', #3459 ) ;
#2414 = CARTESIAN_POINT ( 'NONE',  ( 0.0000000000000000000, 0.03668615675610702900, -1.465933263629674500 ) ) ;
#2415 = DIRECTION ( 'NONE',  ( 0.0000000000000000000, -1.000000000000000000, 4.904393061150106800E-016 ) ) ;
#2416 = FILL_AREA_STYLE ('',( #1258 ) ) ;
#2417 = CARTESIAN_POINT ( 'NONE',  ( -0.005000000000000000100, -0.04733352850171775000, 0.8613573689530075200 ) ) ;
#2418 = ORIENTED_EDGE ( 'NONE', *, *, #3546, .T. ) ;
#2419 = CARTESIAN_POINT ( 'NONE',  ( 11.24131999999999800, 0.0000000000000000000, 0.0000000000000000000 ) ) ;
#2420 = COLOUR_RGB ( '',0.1019607843137254900, 0.1019607843137254900, 0.1019607843137254900 ) ;
#2421 = CARTESIAN_POINT ( 'NONE',  ( -0.005000000000000000100, 0.1017263777382557800, 0.9038919667953577700 ) ) ;
#2422 = ORIENTED_EDGE ( 'NONE', *, *, #1077, .T. ) ;
#2423 = ORIENTED_EDGE ( 'NONE', *, *, #2207, .T. ) ;
#2424 = FILL_AREA_STYLE ('',( #3509 ) ) ;
#2425 = AXIS2_PLACEMENT_3D ( 'NONE', #92, #3239, #2668 ) ;
#2426 = FILL_AREA_STYLE ('',( #1239 ) ) ;
#2427 = ORIENTED_EDGE ( 'NONE', *, *, #2255, .F. ) ;
#2428 = SURFACE_STYLE_USAGE ( .BOTH. , #2091 ) ;
#2429 = ORIENTED_EDGE ( 'NONE', *, *, #2546, .T. ) ;
#2430 = DIRECTION ( 'NONE',  ( 1.000000000000000000, -0.0000000000000000000, -0.0000000000000000000 ) ) ;
#2431 = VECTOR ( 'NONE', #656, 1000.000000000000000 ) ;
#2432 = ORIENTED_EDGE ( 'NONE', *, *, #3187, .F. ) ;
#2433 = AXIS2_PLACEMENT_3D ( 'NONE', #2996, #1547, #3565 ) ;
#2434 = LINE ( 'NONE', #3677, #2885 ) ;
#2435 = FACE_OUTER_BOUND ( 'NONE', #654, .T. ) ;
#2436 = COLOUR_RGB ( '',0.1019607843137254900, 0.1019607843137254900, 0.1019607843137254900 ) ;
#2437 = AXIS2_PLACEMENT_3D ( 'NONE', #2458, #493, #3576 ) ;
#2438 = EDGE_CURVE ( 'NONE', #1718, #1902, #1074, .T. ) ;
#2439 = CARTESIAN_POINT ( 'NONE',  ( 13.61496951332857600, 1.749999999999999600, 0.1464466094067262700 ) ) ;
#2440 = VECTOR ( 'NONE', #1621, 1000.000000000000000 ) ;
#2441 = FILL_AREA_STYLE_COLOUR ( '', #2752 ) ;
#2442 = CARTESIAN_POINT ( 'NONE',  ( 12.50000000000000000, 0.0000000000000000000, 0.0000000000000000000 ) ) ;
#2443 = DIRECTION ( 'NONE',  ( 0.0000000000000000000, 1.000000000000000000, 0.0000000000000000000 ) ) ;
#2444 = DIRECTION ( 'NONE',  ( 0.0000000000000000000, 0.0000000000000000000, -1.000000000000000000 ) ) ;
#2445 = FILL_AREA_STYLE_COLOUR ( '', #1190 ) ;
#2446 = LINE ( 'NONE', #2794, #1211 ) ;
#2447 =( LENGTH_UNIT ( ) NAMED_UNIT ( * ) SI_UNIT ( .MILLI., .METRE. ) );
#2448 = STYLED_ITEM ( 'NONE', ( #3436 ), #1987 ) ;
#2449 = SURFACE_SIDE_STYLE ('',( #625 ) ) ;
#2450 = PLANE ( 'NONE',  #583 ) ;
#2451 = FILL_AREA_STYLE ('',( #3027 ) ) ;
#2452 = FILL_AREA_STYLE ('',( #463 ) ) ;
#2453 =( GEOMETRIC_REPRESENTATION_CONTEXT ( 3 ) GLOBAL_UNCERTAINTY_ASSIGNED_CONTEXT ( ( #441 ) ) GLOBAL_UNIT_ASSIGNED_CONTEXT ( ( #3208, #664, #1236 ) ) REPRESENTATION_CONTEXT ( 'NONE', 'WORKASPACE' ) );
#2454 = CARTESIAN_POINT ( 'NONE',  ( -0.005000000000000000100, -0.4011999999999997200, -0.3256462810021531500 ) ) ;
#2455 =( NAMED_UNIT ( * ) SI_UNIT ( $, .STERADIAN. ) SOLID_ANGLE_UNIT ( ) );
#2456 = DIRECTION ( 'NONE',  ( 0.0000000000000000000, 0.0000000000000000000, -1.000000000000000000 ) ) ;
#2457 = LINE ( 'NONE', #3024, #1971 ) ;
#2458 = CARTESIAN_POINT ( 'NONE',  ( -0.005000000000000000100, 0.3167705739222873000, -0.1194959500551799900 ) ) ;
#2459 = UNCERTAINTY_MEASURE_WITH_UNIT (LENGTH_MEASURE( 1.000000000000000100E-005 ), #3071, 'distance_accuracy_value', 'NONE');
#2460 = DIRECTION ( 'NONE',  ( 0.0000000000000000000, 0.9612861490927326900, 0.2755520632520550000 ) ) ;
#2461 = MECHANICAL_DESIGN_GEOMETRIC_PRESENTATION_REPRESENTATION (  '', ( #1255 ), #1904 ) ;
#2462 = EDGE_CURVE ( 'NONE', #247, #3056, #2270, .T. ) ;
#2463 = VERTEX_POINT ( 'NONE', #1196 ) ;
#2464 = SURFACE_SIDE_STYLE ('',( #1870 ) ) ;
#2465 = ORIENTED_EDGE ( 'NONE', *, *, #2058, .F. ) ;
#2466 = FILL_AREA_STYLE ('',( #2162 ) ) ;
#2467 = SURFACE_SIDE_STYLE ('',( #231 ) ) ;
#2468 = ORIENTED_EDGE ( 'NONE', *, *, #3086, .F. ) ;
#2469 = ADVANCED_FACE ( 'NONE', ( #1729 ), #2259, .T. ) ;
#2470 = CARTESIAN_POINT ( 'NONE',  ( -0.005000000000000000100, -0.08425135645044920500, 0.01396868638154540400 ) ) ;
#2471 = EDGE_LOOP ( 'NONE', ( #1454, #1626, #395, #112 ) ) ;
#2472 = ORIENTED_EDGE ( 'NONE', *, *, #1232, .F. ) ;
#2473 = PLANE ( 'NONE',  #1745 ) ;
#2474 = UNCERTAINTY_MEASURE_WITH_UNIT (LENGTH_MEASURE( 1.000000000000000100E-005 ), #986, 'distance_accuracy_value', 'NONE');
#2475 = VERTEX_POINT ( 'NONE', #3255 ) ;
#2476 = CARTESIAN_POINT ( 'NONE',  ( 15.00000000000000200, -2.250000000000000400, 0.0000000000000000000 ) ) ;
#2477 = VECTOR ( 'NONE', #271, 1000.000000000000000 ) ;
#2478 = ORIENTED_EDGE ( 'NONE', *, *, #1683, .F. ) ;
#2479 = MECHANICAL_DESIGN_GEOMETRIC_PRESENTATION_REPRESENTATION (  '', ( #761 ), #2658 ) ;
#2480 = PRESENTATION_STYLE_ASSIGNMENT (( #1796 ) ) ;
#2481 = ORIENTED_EDGE ( 'NONE', *, *, #3282, .T. ) ;
#2482 =( LENGTH_UNIT ( ) NAMED_UNIT ( * ) SI_UNIT ( .MILLI., .METRE. ) );
#2483 = CARTESIAN_POINT ( 'NONE',  ( -0.005000000000000000100, 0.1017533511384346900, -0.4751353088509250900 ) ) ;
#2484 =( NAMED_UNIT ( * ) PLANE_ANGLE_UNIT ( ) SI_UNIT ( $, .RADIAN. ) );
#2485 = STYLED_ITEM ( 'NONE', ( #2671 ), #3652 ) ;
#2486 = EDGE_CURVE ( 'NONE', #2543, #2413, #1509, .T. ) ;
#2487 = SURFACE_STYLE_FILL_AREA ( #1829 ) ;
#2488 = DIRECTION ( 'NONE',  ( 0.0000000000000000000, 0.0000000000000000000, -1.000000000000000000 ) ) ;
#2489 = LINE ( 'NONE', #602, #902 ) ;
#2490 = ADVANCED_FACE ( 'NONE', ( #622 ), #1644, .T. ) ;
#2491 = PRESENTATION_STYLE_ASSIGNMENT (( #2611 ) ) ;
#2492 = STYLED_ITEM ( 'NONE', ( #3377 ), #1362 ) ;
#2493 = CARTESIAN_POINT ( 'NONE',  ( 0.0000000000000000000, -0.2477409776229089200, 0.8041443378877790600 ) ) ;
#2494 =( NAMED_UNIT ( * ) PLANE_ANGLE_UNIT ( ) SI_UNIT ( $, .RADIAN. ) );
#2495 = CARTESIAN_POINT ( 'NONE',  ( 0.0000000000000000000, -0.04733352850003842700, -0.8638121776166222100 ) ) ;
#2496 = UNCERTAINTY_MEASURE_WITH_UNIT (LENGTH_MEASURE( 1.000000000000000100E-005 ), #1084, 'distance_accuracy_value', 'NONE');
#2497 = PRESENTATION_STYLE_ASSIGNMENT (( #2321 ) ) ;
#2498 = AXIS2_PLACEMENT_3D ( 'NONE', #1576, #2131, #141 ) ;
#2499 = CARTESIAN_POINT ( 'NONE',  ( 15.00000000000000200, -2.750000000000000900, 3.061616997868382400E-017 ) ) ;
#2500 = PRESENTATION_STYLE_ASSIGNMENT (( #1249 ) ) ;
#2501 = STYLED_ITEM ( 'NONE', ( #2799 ), #3353 ) ;
#2502 =( LENGTH_UNIT ( ) NAMED_UNIT ( * ) SI_UNIT ( .MILLI., .METRE. ) );
#2503 = CARTESIAN_POINT ( 'NONE',  ( 0.0000000000000000000, 0.4052604870040785700, 0.6657266635534341300 ) ) ;
#2504 = ADVANCED_FACE ( 'NONE', ( #3640 ), #2692, .T. ) ;
#2505 = VERTEX_POINT ( 'NONE', #3226 ) ;
#2506 = CARTESIAN_POINT ( 'NONE',  ( 0.0000000000000000000, 0.2495304306676689700, 2.012755780601337600 ) ) ;
#2507 = MECHANICAL_DESIGN_GEOMETRIC_PRESENTATION_REPRESENTATION (  '', ( #3288 ), #1612 ) ;
#2508 = EDGE_CURVE ( 'NONE', #1374, #3200, #3469, .T. ) ;
#2509 = ORIENTED_EDGE ( 'NONE', *, *, #470, .F. ) ;
#2510 = DIRECTION ( 'NONE',  ( 1.000000000000000000, -4.336808689942019000E-017, 0.0000000000000000000 ) ) ;
#2511 = SURFACE_SIDE_STYLE ('',( #3579 ) ) ;
#2512 = ORIENTED_EDGE ( 'NONE', *, *, #2966, .F. ) ;
#2513 = PLANE ( 'NONE',  #1804 ) ;
#2514 = DIRECTION ( 'NONE',  ( -0.0000000000000000000, -0.9610853065513907900, -0.2762517575166160100 ) ) ;
#2515 = EDGE_LOOP ( 'NONE', ( #1199, #2062, #1448, #2427, #1591, #2957, #1975, #922, #597, #1712, #2744 ) ) ;
#2516 = CIRCLE ( 'NONE', #1724, 0.2499999999999997800 ) ;
#2517 = ORIENTED_EDGE ( 'NONE', *, *, #2076, .T. ) ;
#2518 = UNCERTAINTY_MEASURE_WITH_UNIT (LENGTH_MEASURE( 1.000000000000000100E-005 ), #3533, 'distance_accuracy_value', 'NONE');
#2519 = ORIENTED_EDGE ( 'NONE', *, *, #1520, .T. ) ;
#2520 = ADVANCED_FACE ( 'NONE', ( #1016 ), #2088, .F. ) ;
#2521 = VECTOR ( 'NONE', #2083, 1000.000000000000100 ) ;
#2522 =( GEOMETRIC_REPRESENTATION_CONTEXT ( 3 ) GLOBAL_UNCERTAINTY_ASSIGNED_CONTEXT ( ( #1215 ) ) GLOBAL_UNIT_ASSIGNED_CONTEXT ( ( #1337, #1903, #3363 ) ) REPRESENTATION_CONTEXT ( 'NONE', 'WORKASPACE' ) );
#2523 = LINE ( 'NONE', #529, #1733 ) ;
#2524 = DIRECTION ( 'NONE',  ( 1.000000000000000000, 0.0000000000000000000, 0.0000000000000000000 ) ) ;
#2525 = COLOUR_RGB ( '',0.1019607843137254900, 0.1019607843137254900, 0.1019607843137254900 ) ;
#2526 = CARTESIAN_POINT ( 'NONE',  ( 13.70000000000000100, -1.500000000000000000, -0.2500000000000000000 ) ) ;
#2527 = PRESENTATION_LAYER_ASSIGNMENT (  '', '', ( #1255 ) ) ;
#2528 = EDGE_CURVE ( 'NONE', #426, #559, #1186, .T. ) ;
#2529 = CARTESIAN_POINT ( 'NONE',  ( -0.005000000000000000100, 0.2495479597563773100, 1.791954341669122800 ) ) ;
#2530 =( NAMED_UNIT ( * ) SI_UNIT ( $, .STERADIAN. ) SOLID_ANGLE_UNIT ( ) );
#2531 = VECTOR ( 'NONE', #309, 1000.000000000000000 ) ;
#2532 = CARTESIAN_POINT ( 'NONE',  ( 0.0000000000000000000, 0.06135455606166303300, -1.697590620724096300 ) ) ;
#2533 = DIRECTION ( 'NONE',  ( 0.0000000000000000000, -0.9610664548998865100, -0.2763173343570113900 ) ) ;
#2534 = VECTOR ( 'NONE', #2048, 1000.000000000000000 ) ;
#2535 = CARTESIAN_POINT ( 'NONE',  ( 0.0000000000000000000, 0.2517279008103603900, 0.9475398303716038300 ) ) ;
#2536 = ADVANCED_FACE ( 'NONE', ( #1858 ), #2450, .F. ) ;
#2537 = LINE ( 'NONE', #3105, #1805 ) ;
#2538 = ORIENTED_EDGE ( 'NONE', *, *, #2201, .T. ) ;
#2539 = STYLED_ITEM ( 'NONE', ( #2297 ), #2520 ) ;
#2540 = FILL_AREA_STYLE ('',( #1968 ) ) ;
#2541 = ORIENTED_EDGE ( 'NONE', *, *, #3570, .T. ) ;
#2542 = DIRECTION ( 'NONE',  ( 1.000000000000000000, 0.0000000000000000000, 0.0000000000000000000 ) ) ;
#2543 = VERTEX_POINT ( 'NONE', #1600 ) ;
#2544 = PLANE ( 'NONE',  #2365 ) ;
#2545 = PRESENTATION_LAYER_ASSIGNMENT (  '', '', ( #3288 ) ) ;
#2546 = EDGE_CURVE ( 'NONE', #1632, #293, #603, .T. ) ;
#2547 = EDGE_LOOP ( 'NONE', ( #2027, #3623, #3254, #3629 ) ) ;
#2548 = ORIENTED_EDGE ( 'NONE', *, *, #347, .F. ) ;
#2549 = ORIENTED_EDGE ( 'NONE', *, *, #1856, .T. ) ;
#2550 = STYLED_ITEM ( 'NONE', ( #2411 ), #1659 ) ;
#2551 = UNCERTAINTY_MEASURE_WITH_UNIT (LENGTH_MEASURE( 1.000000000000000100E-005 ), #2675, 'distance_accuracy_value', 'NONE');
#2552 = SURFACE_SIDE_STYLE ('',( #2836 ) ) ;
#2553 = ORIENTED_EDGE ( 'NONE', *, *, #548, .T. ) ;
#2554 = COLOUR_RGB ( '',0.8941176470588234600, 0.9137254901960784000, 0.9294117647058823800 ) ;
#2555 = LINE ( 'NONE', #2294, #2477 ) ;
#2556 = VERTEX_POINT ( 'NONE', #2414 ) ;
#2557 =( NAMED_UNIT ( * ) SI_UNIT ( $, .STERADIAN. ) SOLID_ANGLE_UNIT ( ) );
#2558 = SURFACE_STYLE_USAGE ( .BOTH. , #2829 ) ;
#2559 = FACE_OUTER_BOUND ( 'NONE', #846, .T. ) ;
#2560 = ORIENTED_EDGE ( 'NONE', *, *, #1918, .F. ) ;
#2561 = DIRECTION ( 'NONE',  ( 0.0000000000000000000, 0.4668459304955212600, -0.8843386665637610300 ) ) ;
#2562 = AXIS2_PLACEMENT_3D ( 'NONE', #2032, #586, #3204 ) ;
#2563 = VECTOR ( 'NONE', #3490, 1000.000000000000000 ) ;
#2564 = DIRECTION ( 'NONE',  ( 0.0000000000000000000, -7.938847109773801500E-005, 0.9999999968487352000 ) ) ;
#2565 = STYLED_ITEM ( 'NONE', ( #1640 ), #3421 ) ;
#2566 = VECTOR ( 'NONE', #132, 1000.000000000000100 ) ;
#2567 = CARTESIAN_POINT ( 'NONE',  ( 13.70000000000000100, -1.500000000000000000, -0.2500000000000000000 ) ) ;
#2568 = SURFACE_STYLE_USAGE ( .BOTH. , #318 ) ;
#2569 =( NAMED_UNIT ( * ) PLANE_ANGLE_UNIT ( ) SI_UNIT ( $, .RADIAN. ) );
#2570 = COLOUR_RGB ( '',0.8980392156862745400, 0.9215686274509803400, 0.9294117647058823800 ) ;
#2571 = EDGE_CURVE ( 'NONE', #2326, #2345, #2457, .T. ) ;
#2572 = ADVANCED_FACE ( 'NONE', ( #2860 ), #1400, .T. ) ;
#2573 = DIRECTION ( 'NONE',  ( -0.0000000000000000000, -0.9610029908221278100, -0.2765379750249960500 ) ) ;
#2574 =( BOUNDED_CURVE ( )  B_SPLINE_CURVE ( 3, ( #306, #2012, #1749, #2567 ),
 .UNSPECIFIED., .F., .T. ) 
 B_SPLINE_CURVE_WITH_KNOTS ( ( 4, 4 ),
 ( 3.141592653589793100, 4.712388980384689700 ),
 .UNSPECIFIED. ) 
 CURVE ( )  GEOMETRIC_REPRESENTATION_ITEM ( )  RATIONAL_B_SPLINE_CURVE ( ( 1.000000000000000000, 0.8047378541243649400, 0.8047378541243649400, 1.000000000000000000 ) ) 
 REPRESENTATION_ITEM ( '' )  );
#2575 = DIRECTION ( 'NONE',  ( 1.000000000000000000, 0.0000000000000000000, 0.0000000000000000000 ) ) ;
#2576 = LINE ( 'NONE', #1667, #1481 ) ;
#2577 = UNCERTAINTY_MEASURE_WITH_UNIT (LENGTH_MEASURE( 1.000000000000000100E-005 ), #3229, 'distance_accuracy_value', 'NONE');
#2578 = DIRECTION ( 'NONE',  ( 0.0000000000000000000, -0.9611542233438689100, -0.2760118818968561600 ) ) ;
#2579 = DIRECTION ( 'NONE',  ( 1.000000000000000000, 0.0000000000000000000, 0.0000000000000000000 ) ) ;
#2580 = CARTESIAN_POINT ( 'NONE',  ( 0.0000000000000000000, 0.03668615675610702900, -1.465933263629674500 ) ) ;
#2581 = PRESENTATION_LAYER_ASSIGNMENT (  '', '', ( #2332 ) ) ;
#2582 =( NAMED_UNIT ( * ) SI_UNIT ( $, .STERADIAN. ) SOLID_ANGLE_UNIT ( ) );
#2583 = CARTESIAN_POINT ( 'NONE',  ( -0.005000000000000000100, 0.1017263777382557800, 1.249980290920090600 ) ) ;
#2584 = ORIENTED_EDGE ( 'NONE', *, *, #2320, .T. ) ;
#2585 = CARTESIAN_POINT ( 'NONE',  ( 0.0000000000000000000, -0.4011999999999996100, -2.060399999999999600 ) ) ;
#2586 = COLOUR_RGB ( '',0.1019607843137254900, 0.1019607843137254900, 0.1019607843137254900 ) ;
#2587 = CARTESIAN_POINT ( 'NONE',  ( -0.005000000000000000100, 0.1017263777382557800, 1.249980290920090600 ) ) ;
#2588 = EDGE_CURVE ( 'NONE', #1144, #109, #837, .T. ) ;
#2589 = ORIENTED_EDGE ( 'NONE', *, *, #1167, .T. ) ;
#2590 = VERTEX_POINT ( 'NONE', #2736 ) ;
#2591 = VECTOR ( 'NONE', #381, 1000.000000000000000 ) ;
#2592 = UNCERTAINTY_MEASURE_WITH_UNIT (LENGTH_MEASURE( 1.000000000000000100E-005 ), #2350, 'distance_accuracy_value', 'NONE');
#2593 = EDGE_CURVE ( 'NONE', #3056, #2738, #2006, .T. ) ;
#2594 = CARTESIAN_POINT ( 'NONE',  ( 13.65019029412306800, 1.646446609406726300, -0.2500000000000000600 ) ) ;
#2595 =( NAMED_UNIT ( * ) SI_UNIT ( $, .STERADIAN. ) SOLID_ANGLE_UNIT ( ) );
#2596 = SURFACE_STYLE_FILL_AREA ( #1650 ) ;
#2597 = DIRECTION ( 'NONE',  ( 1.000000000000000000, 0.0000000000000000000, 0.0000000000000000000 ) ) ;
#2598 = VERTEX_POINT ( 'NONE', #2707 ) ;
#2599 = FILL_AREA_STYLE_COLOUR ( '', #2247 ) ;
#2600 = STYLED_ITEM ( 'NONE', ( #1449 ), #1123 ) ;
#2601 = CARTESIAN_POINT ( 'NONE',  ( -0.005000000000000000100, -0.4011999999999992200, 1.375180999823006200 ) ) ;
#2602 = EDGE_LOOP ( 'NONE', ( #936, #2560, #1946, #2262, #2965, #3549, #2150, #3340, #1240, #752, #3413, #772, #1678, #436, #3325, #117, #1587, #715, #2881, #3333, #1401, #3556, #1050 ) ) ;
#2603 = ORIENTED_EDGE ( 'NONE', *, *, #996, .F. ) ;
#2604 = VECTOR ( 'NONE', #832, 1000.000000000000000 ) ;
#2605 = ORIENTED_EDGE ( 'NONE', *, *, #2887, .T. ) ;
#2606 = PRESENTATION_STYLE_ASSIGNMENT (( #2954 ) ) ;
#2607 =( LENGTH_UNIT ( ) NAMED_UNIT ( * ) SI_UNIT ( .MILLI., .METRE. ) );
#2608 = LINE ( 'NONE', #2928, #1959 ) ;
#2609 = DIRECTION ( 'NONE',  ( 0.0000000000000000000, 0.0000000000000000000, -1.000000000000000000 ) ) ;
#2610 = FACE_OUTER_BOUND ( 'NONE', #3426, .T. ) ;
#2611 = SURFACE_STYLE_USAGE ( .BOTH. , #1765 ) ;
#2612 =( NAMED_UNIT ( * ) PLANE_ANGLE_UNIT ( ) SI_UNIT ( $, .RADIAN. ) );
#2613 = PRESENTATION_LAYER_ASSIGNMENT (  '', '', ( #1108 ) ) ;
#2614 = CARTESIAN_POINT ( 'NONE',  ( 15.00000000000000200, -2.500000000000000400, 0.0000000000000000000 ) ) ;
#2615 =( LENGTH_UNIT ( ) NAMED_UNIT ( * ) SI_UNIT ( .MILLI., .METRE. ) );
#2616 = STYLED_ITEM ( 'NONE', ( #2232 ), #3635 ) ;
#2617 = CARTESIAN_POINT ( 'NONE',  ( -0.005000000000000000100, -0.2477704031468527800, -0.9209222193421442400 ) ) ;
#2618 =( LENGTH_UNIT ( ) NAMED_UNIT ( * ) SI_UNIT ( .MILLI., .METRE. ) );
#2619 =( GEOMETRIC_REPRESENTATION_CONTEXT ( 3 ) GLOBAL_UNCERTAINTY_ASSIGNED_CONTEXT ( ( #1005 ) ) GLOBAL_UNIT_ASSIGNED_CONTEXT ( ( #1231, #2349, #676 ) ) REPRESENTATION_CONTEXT ( 'NONE', 'WORKASPACE' ) );
#2620 = SURFACE_SIDE_STYLE ('',( #3025 ) ) ;
#2621 = EDGE_CURVE ( 'NONE', #72, #931, #2815, .T. ) ;
#2622 = DIRECTION ( 'NONE',  ( -1.000000000000000000, -0.0000000000000000000, -0.0000000000000000000 ) ) ;
#2623 = CARTESIAN_POINT ( 'NONE',  ( -0.005000000000000000100, 0.3167705739222873000, -0.1194959500551799900 ) ) ;
#2624 = CARTESIAN_POINT ( 'NONE',  ( 0.0000000000000000000, -0.2477409776229089200, 0.8041443378877790600 ) ) ;
#2625 = DIRECTION ( 'NONE',  ( 0.0000000000000000000, 0.0000000000000000000, 1.000000000000000000 ) ) ;
#2626 = PRESENTATION_STYLE_ASSIGNMENT (( #1653 ) ) ;
#2627 =( LENGTH_UNIT ( ) NAMED_UNIT ( * ) SI_UNIT ( .MILLI., .METRE. ) );
#2628 = ORIENTED_EDGE ( 'NONE', *, *, #2751, .F. ) ;
#2629 = VECTOR ( 'NONE', #1645, 1000.000000000000100 ) ;
#2630 = DIRECTION ( 'NONE',  ( -1.000000000000000000, -0.0000000000000000000, -0.0000000000000000000 ) ) ;
#2631 = ORIENTED_EDGE ( 'NONE', *, *, #367, .T. ) ;
#2632 =( NAMED_UNIT ( * ) PLANE_ANGLE_UNIT ( ) SI_UNIT ( $, .RADIAN. ) );
#2633 = PRESENTATION_LAYER_ASSIGNMENT (  '', '', ( #2784 ) ) ;
#2634 = COLOUR_RGB ( '',0.1019607843137254900, 0.1019607843137254900, 0.1019607843137254900 ) ;
#2635 =( LENGTH_UNIT ( ) NAMED_UNIT ( * ) SI_UNIT ( .MILLI., .METRE. ) );
#2636 = DIRECTION ( 'NONE',  ( 0.0000000000000000000, -1.000000000000000000, 0.0000000000000000000 ) ) ;
#2637 = SURFACE_SIDE_STYLE ('',( #840 ) ) ;
#2638 = ORIENTED_EDGE ( 'NONE', *, *, #758, .F. ) ;
#2639 = STYLED_ITEM ( 'NONE', ( #2749 ), #3402 ) ;
#2640 = ORIENTED_EDGE ( 'NONE', *, *, #448, .F. ) ;
#2641 = DIRECTION ( 'NONE',  ( 0.0000000000000000000, -0.9611542233438689100, -0.2760118818968561000 ) ) ;
#2642 = MECHANICAL_DESIGN_GEOMETRIC_PRESENTATION_REPRESENTATION (  '', ( #1782 ), #842 ) ;
#2643 = VECTOR ( 'NONE', #513, 1000.000000000000000 ) ;
#2644 = EDGE_CURVE ( 'NONE', #247, #187, #2722, .T. ) ;
#2645 = EDGE_LOOP ( 'NONE', ( #3388, #3294, #326, #124 ) ) ;
#2646 = DIRECTION ( 'NONE',  ( 0.0000000000000000000, 0.9611638845408936300, 0.2759782365590801000 ) ) ;
#2647 = SURFACE_STYLE_FILL_AREA ( #84 ) ;
#2648 = DIRECTION ( 'NONE',  ( 0.0000000000000000000, 0.0000000000000000000, -1.000000000000000000 ) ) ;
#2649 = ORIENTED_EDGE ( 'NONE', *, *, #3358, .F. ) ;
#2650 = CARTESIAN_POINT ( 'NONE',  ( -0.005000000000000000100, 0.4052604870040784600, -1.089453274747135900 ) ) ;
#2651 = DIRECTION ( 'NONE',  ( 0.0000000000000000000, 0.2732148821745908900, -0.9619530280415590200 ) ) ;
#2652 = VECTOR ( 'NONE', #1297, 1000.000000000000000 ) ;
#2653 = AXIS2_PLACEMENT_3D ( 'NONE', #1758, #1732, #2216 ) ;
#2654 = CARTESIAN_POINT ( 'NONE',  ( 12.50000000000000000, 0.0000000000000000000, 0.0000000000000000000 ) ) ;
#2655 = CARTESIAN_POINT ( 'NONE',  ( 13.61496951332858200, 1.750000000000000400, 0.0000000000000000000 ) ) ;
#2656 = DIRECTION ( 'NONE',  ( 0.0000000000000000000, 0.0000000000000000000, -1.000000000000000000 ) ) ;
#2657 = CARTESIAN_POINT ( 'NONE',  ( -0.005000000000000000100, 0.4052604870040784600, 0.7628848468199775900 ) ) ;
#2658 =( GEOMETRIC_REPRESENTATION_CONTEXT ( 3 ) GLOBAL_UNCERTAINTY_ASSIGNED_CONTEXT ( ( #1716 ) ) GLOBAL_UNIT_ASSIGNED_CONTEXT ( ( #1907, #997, #1295 ) ) REPRESENTATION_CONTEXT ( 'NONE', 'WORKASPACE' ) );
#2659 = SURFACE_STYLE_FILL_AREA ( #2669 ) ;
#2660 =( NAMED_UNIT ( * ) SI_UNIT ( $, .STERADIAN. ) SOLID_ANGLE_UNIT ( ) );
#2661 = CARTESIAN_POINT ( 'NONE',  ( 12.50000000000000000, 1.500000000000000000, -0.2500000000000000000 ) ) ;
#2662 = DIRECTION ( 'NONE',  ( 1.000000000000000000, -0.0000000000000000000, -0.0000000000000000000 ) ) ;
#2663 = VECTOR ( 'NONE', #3319, 1000.000000000000000 ) ;
#2664 = PRESENTATION_LAYER_ASSIGNMENT (  '', '', ( #3518 ) ) ;
#2665 = AXIS2_PLACEMENT_3D ( 'NONE', #2583, #2636, #677 ) ;
#2666 = EDGE_CURVE ( 'NONE', #703, #2326, #2059, .T. ) ;
#2667 = SURFACE_STYLE_FILL_AREA ( #1039 ) ;
#2668 = DIRECTION ( 'NONE',  ( -0.6097107608496940000, 0.7926239891045988600, 0.0000000000000000000 ) ) ;
#2669 = FILL_AREA_STYLE ('',( #659 ) ) ;
#2670 = UNCERTAINTY_MEASURE_WITH_UNIT (LENGTH_MEASURE( 1.000000000000000100E-005 ), #2282, 'distance_accuracy_value', 'NONE');
#2671 = PRESENTATION_STYLE_ASSIGNMENT (( #2558 ) ) ;
#2672 =( NAMED_UNIT ( * ) SI_UNIT ( $, .STERADIAN. ) SOLID_ANGLE_UNIT ( ) );
#2673 = CARTESIAN_POINT ( 'NONE',  ( -0.005000000000000000100, 0.2495304306676689700, 2.012755780601337600 ) ) ;
#2674 = CARTESIAN_POINT ( 'NONE',  ( -0.005000000000000000100, -0.4011999999999996700, -0.1597402611235481400 ) ) ;
#2675 =( LENGTH_UNIT ( ) NAMED_UNIT ( * ) SI_UNIT ( .MILLI., .METRE. ) );
#2676 = ORIENTED_EDGE ( 'NONE', *, *, #1121, .F. ) ;
#2677 = VECTOR ( 'NONE', #2699, 1000.000000000000000 ) ;
#2678 = ORIENTED_EDGE ( 'NONE', *, *, #2528, .T. ) ;
#2679 = UNCERTAINTY_MEASURE_WITH_UNIT (LENGTH_MEASURE( 1.000000000000000100E-005 ), #3390, 'distance_accuracy_value', 'NONE');
#2680 = COLOUR_RGB ( '',0.1019607843137254900, 0.1019607843137254900, 0.1019607843137254900 ) ;
#2681 = SURFACE_STYLE_USAGE ( .BOTH. , #434 ) ;
#2682 = VERTEX_POINT ( 'NONE', #1111 ) ;
#2683 =( GEOMETRIC_REPRESENTATION_CONTEXT ( 3 ) GLOBAL_UNCERTAINTY_ASSIGNED_CONTEXT ( ( #2378 ) ) GLOBAL_UNIT_ASSIGNED_CONTEXT ( ( #2173, #171, #735 ) ) REPRESENTATION_CONTEXT ( 'NONE', 'WORKASPACE' ) );
#2684 = DIRECTION ( 'NONE',  ( 0.0000000000000000000, -4.904393061150106800E-016, -1.000000000000000000 ) ) ;
#2685 = DIRECTION ( 'NONE',  ( 0.0000000000000000000, 0.0000000000000000000, -1.000000000000000000 ) ) ;
#2686 = EDGE_CURVE ( 'NONE', #1718, #1954, #553, .T. ) ;
#2687 = FILL_AREA_STYLE_COLOUR ( '', #139 ) ;
#2688 = VERTEX_POINT ( 'NONE', #2761 ) ;
#2689 = ORIENTED_EDGE ( 'NONE', *, *, #3481, .T. ) ;
#2690 = STYLED_ITEM ( 'NONE', ( #83 ), #3367 ) ;
#2691 = ORIENTED_EDGE ( 'NONE', *, *, #1046, .F. ) ;
#2692 = CYLINDRICAL_SURFACE ( 'NONE', #3580, 3.399999999999999900 ) ;
#2693 = PRESENTATION_LAYER_ASSIGNMENT (  '', '', ( #823 ) ) ;
#2694 = EDGE_CURVE ( 'NONE', #78, #2837, #3321, .T. ) ;
#2695 = DIRECTION ( 'NONE',  ( 0.0000000000000000000, 0.6995643972270415600, 0.7145695586381818300 ) ) ;
#2696 = ORIENTED_EDGE ( 'NONE', *, *, #605, .T. ) ;
#2697 =( NAMED_UNIT ( * ) PLANE_ANGLE_UNIT ( ) SI_UNIT ( $, .RADIAN. ) );
#2698 = CARTESIAN_POINT ( 'NONE',  ( -0.005000000000000000100, -0.04733352850171775000, 1.207396650534388900 ) ) ;
#2699 = DIRECTION ( 'NONE',  ( 0.0000000000000000000, 0.9985542843760947300, 0.05375259206908327600 ) ) ;
#2700 = SURFACE_STYLE_FILL_AREA ( #3303 ) ;
#2701 = VECTOR ( 'NONE', #74, 1000.000000000000000 ) ;
#2702 = AXIS2_PLACEMENT_3D ( 'NONE', #3176, #49, #1791 ) ;
#2703 = LINE ( 'NONE', #1032, #2604 ) ;
#2704 = DIRECTION ( 'NONE',  ( 0.0000000000000000000, -0.9610992334315861000, -0.2762033010252005200 ) ) ;
#2705 = LINE ( 'NONE', #697, #865 ) ;
#2706 = LINE ( 'NONE', #184, #2889 ) ;
#2707 = CARTESIAN_POINT ( 'NONE',  ( -0.005000000000000000100, 0.3167705739222873000, -0.1194959500551799900 ) ) ;
#2708 = LINE ( 'NONE', #2580, #1476 ) ;
#2709 =( LENGTH_UNIT ( ) NAMED_UNIT ( * ) SI_UNIT ( .MILLI., .METRE. ) );
#2710 = EDGE_CURVE ( 'NONE', #971, #1311, #144, .T. ) ;
#2711 = AXIS2_PLACEMENT_3D ( 'NONE', #1927, #3084, #1088 ) ;
#2712 =( NAMED_UNIT ( * ) PLANE_ANGLE_UNIT ( ) SI_UNIT ( $, .RADIAN. ) );
#2713 = CARTESIAN_POINT ( 'NONE',  ( -0.005000000000000000100, 0.4052604870040785700, -0.2861596765811984500 ) ) ;
#2714 = LINE ( 'NONE', #3406, #2193 ) ;
#2715 = SURFACE_SIDE_STYLE ('',( #799 ) ) ;
#2716 = CARTESIAN_POINT ( 'NONE',  ( 0.0000000000000000000, 0.2517548742101135000, -0.7776297161960972200 ) ) ;
#2717 = SURFACE_STYLE_FILL_AREA ( #894 ) ;
#2718 = CARTESIAN_POINT ( 'NONE',  ( -0.005000000000000000100, -0.08425135645044920500, 0.01396868638154540400 ) ) ;
#2719 = AXIS2_PLACEMENT_3D ( 'NONE', #319, #345, #1728 ) ;
#2720 = VECTOR ( 'NONE', #2199, 1000.000000000000100 ) ;
#2721 = EDGE_CURVE ( 'NONE', #1114, #150, #787, .T. ) ;
#2722 = LINE ( 'NONE', #206, #1890 ) ;
#2723 = ORIENTED_EDGE ( 'NONE', *, *, #2371, .F. ) ;
#2724 = CARTESIAN_POINT ( 'NONE',  ( 13.70000000000000100, 1.500000000000000000, 0.2500000000000000000 ) ) ;
#2725 = FILL_AREA_STYLE ('',( #2441 ) ) ;
#2726 = PRESENTATION_STYLE_ASSIGNMENT (( #3344 ) ) ;
#2727 = UNCERTAINTY_MEASURE_WITH_UNIT (LENGTH_MEASURE( 1.000000000000000100E-005 ), #3283, 'distance_accuracy_value', 'NONE');
#2728 = CARTESIAN_POINT ( 'NONE',  ( -0.005000000000000000100, 0.03668615675609743200, -1.705572295298872300 ) ) ;
#2729 = ORIENTED_EDGE ( 'NONE', *, *, #1860, .F. ) ;
#2730 = CARTESIAN_POINT ( 'NONE',  ( -0.005000000000000000100, 0.2506881988911975300, 1.317104819995339500 ) ) ;
#2731 = CARTESIAN_POINT ( 'NONE',  ( -0.005000000000000000100, 0.4052604870040785700, -1.828637200791843900 ) ) ;
#2732 = ORIENTED_EDGE ( 'NONE', *, *, #868, .F. ) ;
#2733 = CARTESIAN_POINT ( 'NONE',  ( -0.005000000000000000100, 0.03668615675609743200, -1.705572295298872300 ) ) ;
#2734 = ORIENTED_EDGE ( 'NONE', *, *, #2393, .F. ) ;
#2735 = DIRECTION ( 'NONE',  ( 0.0000000000000000000, 1.000000000000000000, -3.021165783968248400E-016 ) ) ;
#2736 = CARTESIAN_POINT ( 'NONE',  ( -0.005000000000000000100, 0.2495479597563773100, 1.791954341669122800 ) ) ;
#2737 = AXIS2_PLACEMENT_3D ( 'NONE', #2100, #1798, #2346 ) ;
#2738 = VERTEX_POINT ( 'NONE', #2210 ) ;
#2739 = COLOUR_RGB ( '',0.8980392156862745400, 0.9215686274509803400, 0.9294117647058823800 ) ;
#2740 =( NAMED_UNIT ( * ) PLANE_ANGLE_UNIT ( ) SI_UNIT ( $, .RADIAN. ) );
#2741 = VERTEX_POINT ( 'NONE', #3394 ) ;
#2742 = DIRECTION ( 'NONE',  ( -0.0000000000000000000, -0.9984327301130245800, -0.05596501978068204500 ) ) ;
#2743 = DIRECTION ( 'NONE',  ( 1.000000000000000000, -0.0000000000000000000, -0.0000000000000000000 ) ) ;
#2744 = ORIENTED_EDGE ( 'NONE', *, *, #154, .F. ) ;
#2745 = AXIS2_PLACEMENT_3D ( 'NONE', #2766, #1038, #194 ) ;
#2746 = PRESENTATION_STYLE_ASSIGNMENT (( #2924 ) ) ;
#2747 =( NAMED_UNIT ( * ) SI_UNIT ( $, .STERADIAN. ) SOLID_ANGLE_UNIT ( ) );
#2748 = CARTESIAN_POINT ( 'NONE',  ( 0.0000000000000000000, 0.2495479597583873100, 1.562278302680624400 ) ) ;
#2749 = PRESENTATION_STYLE_ASSIGNMENT (( #135 ) ) ;
#2750 = MECHANICAL_DESIGN_GEOMETRIC_PRESENTATION_REPRESENTATION (  '', ( #2818 ), #3146 ) ;
#2751 = EDGE_CURVE ( 'NONE', #1684, #102, #3407, .T. ) ;
#2752 = COLOUR_RGB ( '',0.1019607843137254900, 0.1019607843137254900, 0.1019607843137254900 ) ;
#2753 = ADVANCED_FACE ( 'NONE', ( #12 ), #1672, .F. ) ;
#2754 = DIRECTION ( 'NONE',  ( 1.000000000000000000, 0.0000000000000000000, 0.0000000000000000000 ) ) ;
#2755 = MECHANICAL_DESIGN_GEOMETRIC_PRESENTATION_REPRESENTATION (  '', ( #3057 ), #3457 ) ;
#2756 = COLOUR_RGB ( '',0.1019607843137254900, 0.1019607843137254900, 0.1019607843137254900 ) ;
#2757 = FILL_AREA_STYLE_COLOUR ( '', #721 ) ;
#2758 = CARTESIAN_POINT ( 'NONE',  ( 10.94211999999999900, 0.0000000000000000000, 0.0000000000000000000 ) ) ;
#2759 = DIRECTION ( 'NONE',  ( 0.0000000000000000000, 0.0000000000000000000, -1.000000000000000000 ) ) ;
#2760 = FILL_AREA_STYLE ('',( #2802 ) ) ;
#2761 = CARTESIAN_POINT ( 'NONE',  ( 0.0000000000000000000, 0.4052604870040784600, 0.7628848468199775900 ) ) ;
#2762 = EDGE_CURVE ( 'NONE', #2741, #788, #2142, .T. ) ;
#2763 = FACE_OUTER_BOUND ( 'NONE', #1403, .T. ) ;
#2764 = STYLED_ITEM ( 'NONE', ( #3289 ), #3169 ) ;
#2765 = LINE ( 'NONE', #568, #321 ) ;
#2766 = CARTESIAN_POINT ( 'NONE',  ( 12.50000000000000000, -1.500000000000000000, 0.0000000000000000000 ) ) ;
#2767 = DIRECTION ( 'NONE',  ( 1.000000000000000000, -4.336808689942019000E-017, 0.0000000000000000000 ) ) ;
#2768 = PRESENTATION_STYLE_ASSIGNMENT (( #3456 ) ) ;
#2769 = FACE_OUTER_BOUND ( 'NONE', #2937, .T. ) ;
#2770 = ADVANCED_FACE ( 'NONE', ( #1128 ), #3624, .F. ) ;
#2771 = VECTOR ( 'NONE', #3628, 1000.000000000000200 ) ;
#2772 = DIRECTION ( 'NONE',  ( 0.0000000000000000000, 0.9612934544747538900, 0.2755265765475163300 ) ) ;
#2773 = PRESENTATION_LAYER_ASSIGNMENT (  '', '', ( #2842 ) ) ;
#2774 = EDGE_CURVE ( 'NONE', #2067, #669, #57, .T. ) ;
#2775 = ORIENTED_EDGE ( 'NONE', *, *, #3434, .F. ) ;
#2776 =( NAMED_UNIT ( * ) PLANE_ANGLE_UNIT ( ) SI_UNIT ( $, .RADIAN. ) );
#2777 = VERTEX_POINT ( 'NONE', #3116 ) ;
#2778 = CARTESIAN_POINT ( 'NONE',  ( -0.005000000000000000100, -0.2477409776229089200, 0.8041443378877790600 ) ) ;
#2779 = ORIENTED_EDGE ( 'NONE', *, *, #1368, .F. ) ;
#2780 = CARTESIAN_POINT ( 'NONE',  ( 0.0000000000000000000, 0.3167705739222873000, -0.1194959500551799900 ) ) ;
#2781 = CARTESIAN_POINT ( 'NONE',  ( 12.50000000000000000, -1.500000000000000000, 0.2500000000000000000 ) ) ;
#2782 = SURFACE_STYLE_FILL_AREA ( #2416 ) ;
#2783 = CARTESIAN_POINT ( 'NONE',  ( 0.0000000000000000000, 0.3167705739222873000, -0.1194959500551799900 ) ) ;
#2784 = STYLED_ITEM ( 'NONE', ( #259 ), #2219 ) ;
#2785 = CLOSED_SHELL ( 'NONE', ( #1158, #3421, #523, #325, #272, #1340, #1958, #237, #2490, #198, #2504, #1139, #1673, #580, #503, #2572, #3450, #1693, #797, #2200, #3353, #2810, #2469, #3389 ) ) ;
#2786 = VERTEX_POINT ( 'NONE', #1367 ) ;
#2787 = EDGE_LOOP ( 'NONE', ( #2519, #2465, #2214, #1009 ) ) ;
#2788 = ORIENTED_EDGE ( 'NONE', *, *, #3653, .T. ) ;
#2789 = ADVANCED_FACE ( 'NONE', ( #2408 ), #1572, .T. ) ;
#2790 = AXIS2_PLACEMENT_3D ( 'NONE', #685, #1312, #201 ) ;
#2791 = DIRECTION ( 'NONE',  ( 0.7926239891046003000, -0.6097107608496920000, 0.0000000000000000000 ) ) ;
#2792 = COLOUR_RGB ( '',0.1019607843137254900, 0.1019607843137254900, 0.1019607843137254900 ) ;
#2793 = ORIENTED_EDGE ( 'NONE', *, *, #3339, .F. ) ;
#2794 = CARTESIAN_POINT ( 'NONE',  ( -0.005000000000000000100, 0.2517548742101135000, -0.7776297161960972200 ) ) ;
#2795 =( GEOMETRIC_REPRESENTATION_CONTEXT ( 3 ) GLOBAL_UNCERTAINTY_ASSIGNED_CONTEXT ( ( #2727 ) ) GLOBAL_UNIT_ASSIGNED_CONTEXT ( ( #3283, #3566, #1863 ) ) REPRESENTATION_CONTEXT ( 'NONE', 'WORKASPACE' ) );
#2796 =( GEOMETRIC_REPRESENTATION_CONTEXT ( 3 ) GLOBAL_UNCERTAINTY_ASSIGNED_CONTEXT ( ( #170 ) ) GLOBAL_UNIT_ASSIGNED_CONTEXT ( ( #3408, #555, #1743 ) ) REPRESENTATION_CONTEXT ( 'NONE', 'WORKASPACE' ) );
#2797 = EDGE_CURVE ( 'NONE', #1646, #1507, #2323, .T. ) ;
#2798 = VECTOR ( 'NONE', #1844, 1000.000000000000000 ) ;
#2799 = PRESENTATION_STYLE_ASSIGNMENT (( #1794 ) ) ;
#2800 = VECTOR ( 'NONE', #1973, 1000.000000000000000 ) ;
#2801 = CARTESIAN_POINT ( 'NONE',  ( 0.0000000000000000000, 0.4052604870040784600, 0.3120185789143117300 ) ) ;
#2802 = FILL_AREA_STYLE_COLOUR ( '', #2436 ) ;
#2803 = PRODUCT_DEFINITION ( 'UNKNOWN', '', #1024, #886 ) ;
#2804 = DIRECTION ( 'NONE',  ( 0.0000000000000000000, 0.9999891854650021500, 0.004650693823678310500 ) ) ;
#2805 = CARTESIAN_POINT ( 'NONE',  ( -0.005000000000000000100, 0.1017533511384345800, -0.8212775797732931900 ) ) ;
#2806 =( NAMED_UNIT ( * ) PLANE_ANGLE_UNIT ( ) SI_UNIT ( $, .RADIAN. ) );
#2807 = CARTESIAN_POINT ( 'NONE',  ( 0.0000000000000000000, -0.04733352850003842700, -0.5177189492375647900 ) ) ;
#2808 = UNCERTAINTY_MEASURE_WITH_UNIT (LENGTH_MEASURE( 1.000000000000000100E-005 ), #471, 'distance_accuracy_value', 'NONE');
#2809 = FILL_AREA_STYLE_COLOUR ( '', #831 ) ;
#2810 = ADVANCED_FACE ( 'NONE', ( #995 ), #3520, .T. ) ;
#2811 = STYLED_ITEM ( 'NONE', ( #2171 ), #2504 ) ;
#2812 = VECTOR ( 'NONE', #1404, 1000.000000000000100 ) ;
#2813 = SURFACE_STYLE_USAGE ( .BOTH. , #2260 ) ;
#2814 = STYLED_ITEM ( 'NONE', ( #1096 ), #198 ) ;
#2815 = LINE ( 'NONE', #472, #3494 ) ;
#2816 = LINE ( 'NONE', #2417, #3453 ) ;
#2817 = ORIENTED_EDGE ( 'NONE', *, *, #948, .T. ) ;
#2818 = STYLED_ITEM ( 'NONE', ( #671 ), #1104 ) ;
#2819 = EDGE_CURVE ( 'NONE', #2741, #389, #3571, .T. ) ;
#2820 = EDGE_LOOP ( 'NONE', ( #1815, #1762, #1891, #156, #2584 ) ) ;
#2821 = LINE ( 'NONE', #465, #1540 ) ;
#2822 = ADVANCED_FACE ( 'NONE', ( #403 ), #481, .F. ) ;
#2823 = STYLED_ITEM ( 'NONE', ( #1010 ), #1158 ) ;
#2824 = VECTOR ( 'NONE', #3658, 1000.000000000000000 ) ;
#2825 = EDGE_LOOP ( 'NONE', ( #2788, #2779, #720, #1268 ) ) ;
#2826 = FILL_AREA_STYLE ('',( #828 ) ) ;
#2827 = ORIENTED_EDGE ( 'NONE', *, *, #1121, .T. ) ;
#2828 = SURFACE_STYLE_FILL_AREA ( #1309 ) ;
#2829 = SURFACE_SIDE_STYLE ('',( #2717 ) ) ;
#2830 = EDGE_LOOP ( 'NONE', ( #1871, #1289, #1720, #2696 ) ) ;
#2831 = CARTESIAN_POINT ( 'NONE',  ( -0.005000000000000000100, -0.4011999999999996100, 0.05525489251534962400 ) ) ;
#2832 = AXIS2_PLACEMENT_3D ( 'NONE', #1883, #2754, #511 ) ;
#2833 = SURFACE_STYLE_USAGE ( .BOTH. , #3400 ) ;
#2834 = CIRCLE ( 'NONE', #3479, 3.399999999999999900 ) ;
#2835 = VECTOR ( 'NONE', #2197, 1000.000000000000000 ) ;
#2836 = SURFACE_STYLE_FILL_AREA ( #593 ) ;
#2837 = VERTEX_POINT ( 'NONE', #2748 ) ;
#2838 = FACE_OUTER_BOUND ( 'NONE', #1103, .T. ) ;
#2839 =( GEOMETRIC_REPRESENTATION_CONTEXT ( 3 ) GLOBAL_UNCERTAINTY_ASSIGNED_CONTEXT ( ( #44 ) ) GLOBAL_UNIT_ASSIGNED_CONTEXT ( ( #965, #2061, #352 ) ) REPRESENTATION_CONTEXT ( 'NONE', 'WORKASPACE' ) );
#2840 = COLOUR_RGB ( '',0.7921568627450980000, 0.8196078431372548800, 0.9333333333333333500 ) ;
#2841 = DIRECTION ( 'NONE',  ( 0.0000000000000000000, 1.000000000000000000, 0.0000000000000000000 ) ) ;
#2842 = STYLED_ITEM ( 'NONE', ( #869 ), #523 ) ;
#2843 = UNCERTAINTY_MEASURE_WITH_UNIT (LENGTH_MEASURE( 1.000000000000000100E-005 ), #776, 'distance_accuracy_value', 'NONE');
#2844 = CARTESIAN_POINT ( 'NONE',  ( -0.005000000000000000100, -0.4011999999999995000, 0.4338633271315163700 ) ) ;
#2845 = EDGE_CURVE ( 'NONE', #3065, #1500, #3213, .T. ) ;
#2846 = ADVANCED_FACE ( 'NONE', ( #2081 ), #1734, .F. ) ;
#2847 = PLANE ( 'NONE',  #3529 ) ;
#2848 = COLOUR_RGB ( '',0.8941176470588234600, 0.9137254901960784000, 0.9294117647058823800 ) ;
#2849 =( GEOMETRIC_REPRESENTATION_CONTEXT ( 3 ) GLOBAL_UNCERTAINTY_ASSIGNED_CONTEXT ( ( #2383 ) ) GLOBAL_UNIT_ASSIGNED_CONTEXT ( ( #1813, #2079, #2582 ) ) REPRESENTATION_CONTEXT ( 'NONE', 'WORKASPACE' ) );
#2850 = FACE_OUTER_BOUND ( 'NONE', #473, .T. ) ;
#2851 = FILL_AREA_STYLE_COLOUR ( '', #1382 ) ;
#2852 = DIRECTION ( 'NONE',  ( 0.0000000000000000000, 1.000000000000000000, 0.0000000000000000000 ) ) ;
#2853 = FILL_AREA_STYLE_COLOUR ( '', #3131 ) ;
#2854 = AXIS2_PLACEMENT_3D ( 'NONE', #2731, #479, #2456 ) ;
#2855 = CARTESIAN_POINT ( 'NONE',  ( -0.005000000000000000100, 0.2506881988911975300, 1.317104819995339500 ) ) ;
#2856 = LINE ( 'NONE', #3504, #507 ) ;
#2857 = EDGE_CURVE ( 'NONE', #2475, #3672, #3210, .T. ) ;
#2858 = MECHANICAL_DESIGN_GEOMETRIC_PRESENTATION_REPRESENTATION (  '', ( #3118 ), #900 ) ;
#2859 = CARTESIAN_POINT ( 'NONE',  ( -0.005000000000000000100, -0.4011999999999996100, -1.284426810713275000 ) ) ;
#2860 = FACE_OUTER_BOUND ( 'NONE', #303, .T. ) ;
#2861 = EDGE_LOOP ( 'NONE', ( #19, #1513, #2984, #756, #1726 ) ) ;
#2862 = UNCERTAINTY_MEASURE_WITH_UNIT (LENGTH_MEASURE( 1.000000000000000100E-005 ), #2009, 'distance_accuracy_value', 'NONE');
#2863 = DIRECTION ( 'NONE',  ( 0.0000000000000000000, 0.0000000000000000000, -1.000000000000000000 ) ) ;
#2864 = PRESENTATION_LAYER_ASSIGNMENT (  '', '', ( #2814 ) ) ;
#2865 = EDGE_CURVE ( 'NONE', #2246, #1507, #2178, .T. ) ;
#2866 = VERTEX_POINT ( 'NONE', #1822 ) ;
#2867 =( NAMED_UNIT ( * ) PLANE_ANGLE_UNIT ( ) SI_UNIT ( $, .RADIAN. ) );
#2868 = DIRECTION ( 'NONE',  ( 0.0000000000000000000, 0.9237839814038687500, -0.3829140317376951200 ) ) ;
#2869 = DIRECTION ( 'NONE',  ( 0.0000000000000000000, -2.897571063347024900E-016, -1.000000000000000000 ) ) ;
#2870 =( NAMED_UNIT ( * ) PLANE_ANGLE_UNIT ( ) SI_UNIT ( $, .RADIAN. ) );
#2871 = ORIENTED_EDGE ( 'NONE', *, *, #2819, .T. ) ;
#2872 = FILL_AREA_STYLE ('',( #2039 ) ) ;
#2873 = ORIENTED_EDGE ( 'NONE', *, *, #3123, .T. ) ;
#2874 = ORIENTED_EDGE ( 'NONE', *, *, #1497, .T. ) ;
#2875 = ORIENTED_EDGE ( 'NONE', *, *, #2225, .F. ) ;
#2876 = ORIENTED_EDGE ( 'NONE', *, *, #1704, .T. ) ;
#2877 = CARTESIAN_POINT ( 'NONE',  ( -0.005000000000000000100, -0.4011999999999996100, -1.831079520097858200 ) ) ;
#2878 =( NAMED_UNIT ( * ) PLANE_ANGLE_UNIT ( ) SI_UNIT ( $, .RADIAN. ) );
#2879 = PLANE ( 'NONE',  #2665 ) ;
#2880 = CIRCLE ( 'NONE', #1602, 0.2500000000000002200 ) ;
#2881 = ORIENTED_EDGE ( 'NONE', *, *, #3238, .F. ) ;
#2882 = ADVANCED_FACE ( 'NONE', ( #540 ), #774, .F. ) ;
#2883 =( GEOMETRIC_REPRESENTATION_CONTEXT ( 3 ) GLOBAL_UNCERTAINTY_ASSIGNED_CONTEXT ( ( #910 ) ) GLOBAL_UNIT_ASSIGNED_CONTEXT ( ( #3356, #566, #2672 ) ) REPRESENTATION_CONTEXT ( 'NONE', 'WORKASPACE' ) );
#2884 = DIRECTION ( 'NONE',  ( 0.0000000000000000000, 0.0000000000000000000, 1.000000000000000000 ) ) ;
#2885 = VECTOR ( 'NONE', #878, 1000.000000000000000 ) ;
#2886 = VECTOR ( 'NONE', #1699, 1000.000000000000000 ) ;
#2887 = EDGE_CURVE ( 'NONE', #979, #1632, #820, .T. ) ;
#2888 = PRESENTATION_LAYER_ASSIGNMENT (  '', '', ( #1300 ) ) ;
#2889 = VECTOR ( 'NONE', #1629, 1000.000000000000000 ) ;
#2890 = SURFACE_STYLE_USAGE ( .BOTH. , #1161 ) ;
#2891 = SURFACE_STYLE_FILL_AREA ( #1245 ) ;
#2892 =( GEOMETRIC_REPRESENTATION_CONTEXT ( 3 ) GLOBAL_UNCERTAINTY_ASSIGNED_CONTEXT ( ( #3690 ) ) GLOBAL_UNIT_ASSIGNED_CONTEXT ( ( #998, #1307, #3293 ) ) REPRESENTATION_CONTEXT ( 'NONE', 'WORKASPACE' ) );
#2893 = AXIS2_PLACEMENT_3D ( 'NONE', #1479, #1768, #661 ) ;
#2894 =( NAMED_UNIT ( * ) SI_UNIT ( $, .STERADIAN. ) SOLID_ANGLE_UNIT ( ) );
#2895 = PLANE ( 'NONE',  #1426 ) ;
#2896 = UNCERTAINTY_MEASURE_WITH_UNIT (LENGTH_MEASURE( 1.000000000000000100E-005 ), #2482, 'distance_accuracy_value', 'NONE');
#2897 = SURFACE_STYLE_FILL_AREA ( #2042 ) ;
#2898 = FILL_AREA_STYLE_COLOUR ( '', #1787 ) ;
#2899 = CARTESIAN_POINT ( 'NONE',  ( -0.005000000000000000100, -0.04733352850003842700, -0.8638121776166222100 ) ) ;
#2900 = MECHANICAL_DESIGN_GEOMETRIC_PRESENTATION_REPRESENTATION (  '', ( #2211 ), #159 ) ;
#2901 = SURFACE_STYLE_FILL_AREA ( #630 ) ;
#2902 = SURFACE_STYLE_USAGE ( .BOTH. , #2328 ) ;
#2903 = CYLINDRICAL_SURFACE ( 'NONE', #2231, 0.2499999999999997800 ) ;
#2904 =( LENGTH_UNIT ( ) NAMED_UNIT ( * ) SI_UNIT ( .MILLI., .METRE. ) );
#2905 = LINE ( 'NONE', #2805, #1888 ) ;
#2906 =( NAMED_UNIT ( * ) SI_UNIT ( $, .STERADIAN. ) SOLID_ANGLE_UNIT ( ) );
#2907 = AXIS2_PLACEMENT_3D ( 'NONE', #3474, #3171, #889 ) ;
#2908 = FILL_AREA_STYLE ('',( #1997 ) ) ;
#2909 = COLOUR_RGB ( '',0.8980392156862745400, 0.9215686274509803400, 0.9294117647058823800 ) ;
#2910 = ORIENTED_EDGE ( 'NONE', *, *, #204, .T. ) ;
#2911 = FILL_AREA_STYLE ('',( #2060 ) ) ;
#2912 = LINE ( 'NONE', #2334, #1759 ) ;
#2913 = SURFACE_STYLE_USAGE ( .BOTH. , #679 ) ;
#2914 = EDGE_CURVE ( 'NONE', #1140, #3642, #1784, .T. ) ;
#2915 = ORIENTED_EDGE ( 'NONE', *, *, #3339, .T. ) ;
#2916 = STYLED_ITEM ( 'NONE', ( #2768 ), #2789 ) ;
#2917 = FACE_OUTER_BOUND ( 'NONE', #604, .T. ) ;
#2918 = ORIENTED_EDGE ( 'NONE', *, *, #3605, .T. ) ;
#2919 =( NAMED_UNIT ( * ) PLANE_ANGLE_UNIT ( ) SI_UNIT ( $, .RADIAN. ) );
#2920 = COLOUR_RGB ( '',0.8941176470588234600, 0.9137254901960784000, 0.9294117647058823800 ) ;
#2921 = EDGE_CURVE ( 'NONE', #1412, #2342, #2266, .T. ) ;
#2922 = SURFACE_STYLE_USAGE ( .BOTH. , #1528 ) ;
#2923 = PRESENTATION_STYLE_ASSIGNMENT (( #1945 ) ) ;
#2924 = SURFACE_STYLE_USAGE ( .BOTH. , #2043 ) ;
#2925 = FILL_AREA_STYLE ('',( #615 ) ) ;
#2926 = ORIENTED_EDGE ( 'NONE', *, *, #904, .T. ) ;
#2927 = CARTESIAN_POINT ( 'NONE',  ( -0.005000000000000000100, -0.1708852466576474800, 0.02626914903049474800 ) ) ;
#2928 = CARTESIAN_POINT ( 'NONE',  ( -0.005000000000000000100, -0.4011999999999999500, -1.194452101232405600 ) ) ;
#2929 = ORIENTED_EDGE ( 'NONE', *, *, #1880, .T. ) ;
#2930 = ORIENTED_EDGE ( 'NONE', *, *, #182, .T. ) ;
#2931 = SURFACE_STYLE_FILL_AREA ( #396 ) ;
#2932 =( NAMED_UNIT ( * ) SI_UNIT ( $, .STERADIAN. ) SOLID_ANGLE_UNIT ( ) );
#2933 = VECTOR ( 'NONE', #80, 1000.000000000000000 ) ;
#2934 = ORIENTED_EDGE ( 'NONE', *, *, #1948, .F. ) ;
#2935 =( BOUNDED_CURVE ( )  B_SPLINE_CURVE ( 3, ( #924, #1207, #1492, #308 ),
 .UNSPECIFIED., .F., .T. ) 
 B_SPLINE_CURVE_WITH_KNOTS ( ( 4, 4 ),
 ( 3.141592653589793100, 6.283185307179586200 ),
 .UNSPECIFIED. ) 
 CURVE ( )  GEOMETRIC_REPRESENTATION_ITEM ( )  RATIONAL_B_SPLINE_CURVE ( ( 1.000000000000000000, 0.3333333333333333700, 0.3333333333333333700, 1.000000000000000000 ) ) 
 REPRESENTATION_ITEM ( '' )  );
#2936 = CARTESIAN_POINT ( 'NONE',  ( 0.0000000000000000000, -0.4011999999999992200, 1.375180999823006200 ) ) ;
#2937 = EDGE_LOOP ( 'NONE', ( #1910, #2379, #2013, #339 ) ) ;
#2938 = COLOUR_RGB ( '',0.1019607843137254900, 0.1019607843137254900, 0.1019607843137254900 ) ;
#2939 = DIRECTION ( 'NONE',  ( 0.0000000000000000000, 0.9601763114327597200, 0.2793947940878283600 ) ) ;
#2940 = CARTESIAN_POINT ( 'NONE',  ( -0.005000000000000000100, 0.4052604870040784600, -1.354851902307815800 ) ) ;
#2941 = DIRECTION ( 'NONE',  ( 0.0000000000000000000, 1.000000000000000000, 0.0000000000000000000 ) ) ;
#2942 = AXIS2_PLACEMENT_3D ( 'NONE', #563, #577, #3655 ) ;
#2943 =( BOUNDED_CURVE ( )  B_SPLINE_CURVE ( 3, ( #1361, #3631, #1322, #3016 ),
 .UNSPECIFIED., .F., .T. ) 
 B_SPLINE_CURVE_WITH_KNOTS ( ( 4, 4 ),
 ( 0.0000000000000000000, 1.570796326794896600 ),
 .UNSPECIFIED. ) 
 CURVE ( )  GEOMETRIC_REPRESENTATION_ITEM ( )  RATIONAL_B_SPLINE_CURVE ( ( 1.000000000000000000, 0.8047378541243649400, 0.8047378541243649400, 1.000000000000000000 ) ) 
 REPRESENTATION_ITEM ( '' )  );
#2944 =( NAMED_UNIT ( * ) SI_UNIT ( $, .STERADIAN. ) SOLID_ANGLE_UNIT ( ) );
#2945 = CARTESIAN_POINT ( 'NONE',  ( -0.005000000000000000100, 0.2517548742101135000, -0.7776297161960972200 ) ) ;
#2946 = AXIS2_PLACEMENT_3D ( 'NONE', #3052, #3361, #1343 ) ;
#2947 =( NAMED_UNIT ( * ) SI_UNIT ( $, .STERADIAN. ) SOLID_ANGLE_UNIT ( ) );
#2948 = FILL_AREA_STYLE ('',( #368 ) ) ;
#2949 = PRESENTATION_LAYER_ASSIGNMENT (  '', '', ( #2254 ) ) ;
#2950 = VECTOR ( 'NONE', #2265, 1000.000000000000100 ) ;
#2951 = EDGE_CURVE ( 'NONE', #3642, #2342, #1875, .T. ) ;
#2952 = DIRECTION ( 'NONE',  ( 0.0000000000000000000, 0.2745159998572677100, -0.9615825319869141200 ) ) ;
#2953 = DIRECTION ( 'NONE',  ( 0.0000000000000000000, 2.391869883976454100E-016, 1.000000000000000000 ) ) ;
#2954 = SURFACE_STYLE_USAGE ( .BOTH. , #683 ) ;
#2955 = STYLED_ITEM ( 'NONE', ( #428 ), #1383 ) ;
#2956 = CARTESIAN_POINT ( 'NONE',  ( 0.0000000000000000000, -0.4011999999999996100, 0.05525489251534962400 ) ) ;
#2957 = ORIENTED_EDGE ( 'NONE', *, *, #1020, .F. ) ;
#2958 = FILL_AREA_STYLE_COLOUR ( '', #3478 ) ;
#2959 = ORIENTED_EDGE ( 'NONE', *, *, #38, .F. ) ;
#2960 = DIRECTION ( 'NONE',  ( 0.0000000000000000000, -5.050979426444720200E-016, -1.000000000000000000 ) ) ;
#2961 = UNCERTAINTY_MEASURE_WITH_UNIT (LENGTH_MEASURE( 1.000000000000000100E-005 ), #3173, 'distance_accuracy_value', 'NONE');
#2962 = AXIS2_PLACEMENT_3D ( 'NONE', #3172, #2579, #905 ) ;
#2963 = FACE_OUTER_BOUND ( 'NONE', #62, .T. ) ;
#2964 = FILL_AREA_STYLE ('',( #1590 ) ) ;
#2965 = ORIENTED_EDGE ( 'NONE', *, *, #1442, .F. ) ;
#2966 = EDGE_CURVE ( 'NONE', #854, #3585, #3687, .T. ) ;
#2967 = CARTESIAN_POINT ( 'NONE',  ( 0.0000000000000000000, 0.03668615675609743200, -1.705572295298872300 ) ) ;
#2968 = MECHANICAL_DESIGN_GEOMETRIC_PRESENTATION_REPRESENTATION (  '', ( #2565 ), #3161 ) ;
#2969 = PLANE ( 'NONE',  #2437 ) ;
#2970 = VERTEX_POINT ( 'NONE', #2945 ) ;
#2971 = CARTESIAN_POINT ( 'NONE',  ( -0.005000000000000000100, -0.2477704031468527200, -0.4738651069806681900 ) ) ;
#2972 = COLOUR_RGB ( '',0.1019607843137254900, 0.1019607843137254900, 0.1019607843137254900 ) ;
#2973 = VERTEX_POINT ( 'NONE', #2152 ) ;
#2974 = AXIS2_PLACEMENT_3D ( 'NONE', #913, #3442, #2015 ) ;
#2975 = EDGE_LOOP ( 'NONE', ( #1543, #279, #2817, #3103 ) ) ;
#2976 = EDGE_CURVE ( 'NONE', #2463, #1376, #81, .T. ) ;
#2977 = VERTEX_POINT ( 'NONE', #446 ) ;
#2978 =( NAMED_UNIT ( * ) PLANE_ANGLE_UNIT ( ) SI_UNIT ( $, .RADIAN. ) );
#2979 = CARTESIAN_POINT ( 'NONE',  ( 0.0000000000000000000, 0.4052604870040785700, -1.599010204346267900 ) ) ;
#2980 =( NAMED_UNIT ( * ) SI_UNIT ( $, .STERADIAN. ) SOLID_ANGLE_UNIT ( ) );
#2981 = ORIENTED_EDGE ( 'NONE', *, *, #2030, .F. ) ;
#2982 = DIRECTION ( 'NONE',  ( 0.0000000000000000000, 0.9610876102172794000, 0.2762437428917419700 ) ) ;
#2983 = LINE ( 'NONE', #3419, #2174 ) ;
#2984 = ORIENTED_EDGE ( 'NONE', *, *, #1989, .F. ) ;
#2985 = VECTOR ( 'NONE', #1469, 1000.000000000000000 ) ;
#2986 = CARTESIAN_POINT ( 'NONE',  ( 11.24131999999999800, 4.098179968020654100E-016, 3.346417898510792200 ) ) ;
#2987 = CARTESIAN_POINT ( 'NONE',  ( 0.0000000000000000000, -0.4011999999999993300, 1.140223078915931600 ) ) ;
#2988 = ORIENTED_EDGE ( 'NONE', *, *, #188, .T. ) ;
#2989 = SURFACE_STYLE_FILL_AREA ( #1851 ) ;
#2990 = DIRECTION ( 'NONE',  ( 0.0000000000000000000, 0.0000000000000000000, -1.000000000000000000 ) ) ;
#2991 = COLOUR_RGB ( '',0.1019607843137254900, 0.1019607843137254900, 0.1019607843137254900 ) ;
#2992 =( GEOMETRIC_REPRESENTATION_CONTEXT ( 3 ) GLOBAL_UNCERTAINTY_ASSIGNED_CONTEXT ( ( #1916 ) ) GLOBAL_UNIT_ASSIGNED_CONTEXT ( ( #3582, #3606, #3617 ) ) REPRESENTATION_CONTEXT ( 'NONE', 'WORKASPACE' ) );
#2993 = SURFACE_STYLE_FILL_AREA ( #1544 ) ;
#2994 =( GEOMETRIC_REPRESENTATION_CONTEXT ( 3 ) GLOBAL_UNCERTAINTY_ASSIGNED_CONTEXT ( ( #1489 ) ) GLOBAL_UNIT_ASSIGNED_CONTEXT ( ( #1583, #2407, #734 ) ) REPRESENTATION_CONTEXT ( 'NONE', 'WORKASPACE' ) );
#2995 = LINE ( 'NONE', #1229, #357 ) ;
#2996 = CARTESIAN_POINT ( 'NONE',  ( 11.24131999999999800, 0.0000000000000000000, -3.346417898510792200 ) ) ;
#2997 = CARTESIAN_POINT ( 'NONE',  ( 0.0000000000000000000, 0.4052604870040784600, -1.089453274747135900 ) ) ;
#2998 = PRESENTATION_LAYER_ASSIGNMENT (  '', '', ( #1782 ) ) ;
#2999 = EDGE_CURVE ( 'NONE', #3412, #1579, #729, .T. ) ;
#3000 = PRESENTATION_STYLE_ASSIGNMENT (( #1606 ) ) ;
#3001 = COLOUR_RGB ( '',0.1019607843137254900, 0.1019607843137254900, 0.1019607843137254900 ) ;
#3002 = SURFACE_SIDE_STYLE ('',( #3162 ) ) ;
#3003 = SURFACE_STYLE_USAGE ( .BOTH. , #690 ) ;
#3004 = COLOUR_RGB ( '',0.1019607843137254900, 0.1019607843137254900, 0.1019607843137254900 ) ;
#3005 = DIRECTION ( 'NONE',  ( 1.000000000000000000, 4.336808689942017700E-017, 0.0000000000000000000 ) ) ;
#3006 = LINE ( 'NONE', #2499, #741 ) ;
#3007 = DIRECTION ( 'NONE',  ( 0.0000000000000000000, 1.000000000000000000, -2.017165790269883900E-016 ) ) ;
#3008 = DIRECTION ( 'NONE',  ( 0.0000000000000000000, -0.9280290862136726400, 0.3725077383644745400 ) ) ;
#3009 = ORIENTED_EDGE ( 'NONE', *, *, #1011, .T. ) ;
#3010 =( LENGTH_UNIT ( ) NAMED_UNIT ( * ) SI_UNIT ( .MILLI., .METRE. ) );
#3011 = VERTEX_POINT ( 'NONE', #2956 ) ;
#3012 = ORIENTED_EDGE ( 'NONE', *, *, #470, .T. ) ;
#3013 = DIRECTION ( 'NONE',  ( 0.0000000000000000000, 0.0000000000000000000, -1.000000000000000000 ) ) ;
#3014 = CARTESIAN_POINT ( 'NONE',  ( 12.50000000000000000, -1.500000000000000000, -0.2500000000000000000 ) ) ;
#3015 = FILL_AREA_STYLE_COLOUR ( '', #2739 ) ;
#3016 = CARTESIAN_POINT ( 'NONE',  ( 13.70000000000000100, -1.500000000000000000, 0.2500000000000000000 ) ) ;
#3017 = ORIENTED_EDGE ( 'NONE', *, *, #1918, .T. ) ;
#3018 = UNCERTAINTY_MEASURE_WITH_UNIT (LENGTH_MEASURE( 1.000000000000000100E-005 ), #3619, 'distance_accuracy_value', 'NONE');
#3019 = ORIENTED_EDGE ( 'NONE', *, *, #2721, .T. ) ;
#3020 = VERTEX_POINT ( 'NONE', #376 ) ;
#3021 = AXIS2_PLACEMENT_3D ( 'NONE', #1567, #3305, #3561 ) ;
#3022 = EDGE_CURVE ( 'NONE', #3423, #3461, #3646, .T. ) ;
#3023 = EDGE_LOOP ( 'NONE', ( #621, #330 ) ) ;
#3024 = CARTESIAN_POINT ( 'NONE',  ( -0.005000000000000000100, 0.06135455606166303300, -1.697590620724096300 ) ) ;
#3025 = SURFACE_STYLE_FILL_AREA ( #2908 ) ;
#3026 = CARTESIAN_POINT ( 'NONE',  ( 0.0000000000000000000, 0.1017533511384345800, -0.8212775797732931900 ) ) ;
#3027 = FILL_AREA_STYLE_COLOUR ( '', #3604 ) ;
#3028 =( LENGTH_UNIT ( ) NAMED_UNIT ( * ) SI_UNIT ( .MILLI., .METRE. ) );
#3029 = CIRCLE ( 'NONE', #1198, 3.399999999999999900 ) ;
#3030 = ORIENTED_EDGE ( 'NONE', *, *, #1725, .F. ) ;
#3031 = PRESENTATION_LAYER_ASSIGNMENT (  '', '', ( #2823 ) ) ;
#3032 = COLOUR_RGB ( '',0.1019607843137254900, 0.1019607843137254900, 0.1019607843137254900 ) ;
#3033 =( NAMED_UNIT ( * ) SI_UNIT ( $, .STERADIAN. ) SOLID_ANGLE_UNIT ( ) );
#3034 = DIRECTION ( 'NONE',  ( -1.000000000000000000, -0.0000000000000000000, -0.0000000000000000000 ) ) ;
#3035 = FILL_AREA_STYLE_COLOUR ( '', #2525 ) ;
#3036 = LINE ( 'NONE', #172, #1523 ) ;
#3037 = STYLED_ITEM ( 'NONE', ( #1974 ), #1693 ) ;
#3038 = UNCERTAINTY_MEASURE_WITH_UNIT (LENGTH_MEASURE( 1.000000000000000100E-005 ), #3548, 'distance_accuracy_value', 'NONE');
#3039 = DIRECTION ( 'NONE',  ( 0.0000000000000000000, 0.9617234872620598100, 0.2740217765954058900 ) ) ;
#3040 = VECTOR ( 'NONE', #2514, 1000.000000000000000 ) ;
#3041 =( NAMED_UNIT ( * ) SI_UNIT ( $, .STERADIAN. ) SOLID_ANGLE_UNIT ( ) );
#3042 = CARTESIAN_POINT ( 'NONE',  ( -0.005000000000000000100, -0.4011999999999995600, 0.5309185204093028700 ) ) ;
#3043 = SURFACE_SIDE_STYLE ('',( #893 ) ) ;
#3044 = SURFACE_SIDE_STYLE ('',( #3351 ) ) ;
#3045 = MECHANICAL_DESIGN_GEOMETRIC_PRESENTATION_REPRESENTATION (  '', ( #1965 ), #3185 ) ;
#3046 = EDGE_CURVE ( 'NONE', #2682, #433, #2226, .T. ) ;
#3047 = ORIENTED_EDGE ( 'NONE', *, *, #298, .T. ) ;
#3048 = SURFACE_SIDE_STYLE ('',( #322 ) ) ;
#3049 = AXIS2_PLACEMENT_3D ( 'NONE', #2758, #779, #2182 ) ;
#3050 = DIRECTION ( 'NONE',  ( 0.0000000000000000000, 0.0000000000000000000, -1.000000000000000000 ) ) ;
#3051 = ORIENTED_EDGE ( 'NONE', *, *, #2385, .F. ) ;
#3052 = CARTESIAN_POINT ( 'NONE',  ( -0.005000000000000000100, 0.4052604870040784600, 0.7628848468199775900 ) ) ;
#3053 = PRESENTATION_STYLE_ASSIGNMENT (( #3230 ) ) ;
#3054 = DIRECTION ( 'NONE',  ( 0.0000000000000000000, -0.3829140317376951700, -0.9237839814038687500 ) ) ;
#3055 = SURFACE_STYLE_USAGE ( .BOTH. , #2715 ) ;
#3056 = VERTEX_POINT ( 'NONE', #126 ) ;
#3057 = STYLED_ITEM ( 'NONE', ( #3675 ), #1340 ) ;
#3058 =( NAMED_UNIT ( * ) PLANE_ANGLE_UNIT ( ) SI_UNIT ( $, .RADIAN. ) );
#3059 = SURFACE_STYLE_USAGE ( .BOTH. , #2464 ) ;
#3060 = ORIENTED_EDGE ( 'NONE', *, *, #435, .T. ) ;
#3061 = STYLED_ITEM ( 'NONE', ( #556 ), #8 ) ;
#3062 = ADVANCED_FACE ( 'NONE', ( #2127 ), #1292, .F. ) ;
#3063 = AXIS2_PLACEMENT_3D ( 'NONE', #452, #1566, #745 ) ;
#3064 = CARTESIAN_POINT ( 'NONE',  ( 11.24131999999999800, 0.0000000000000000000, 0.0000000000000000000 ) ) ;
#3065 = VERTEX_POINT ( 'NONE', #216 ) ;
#3066 =( NAMED_UNIT ( * ) SI_UNIT ( $, .STERADIAN. ) SOLID_ANGLE_UNIT ( ) );
#3067 = ORIENTED_EDGE ( 'NONE', *, *, #974, .F. ) ;
#3068 = EDGE_CURVE ( 'NONE', #3637, #78, #488, .T. ) ;
#3069 = LINE ( 'NONE', #23, #351 ) ;
#3070 = VERTEX_POINT ( 'NONE', #993 ) ;
#3071 =( LENGTH_UNIT ( ) NAMED_UNIT ( * ) SI_UNIT ( .MILLI., .METRE. ) );
#3072 = ORIENTED_EDGE ( 'NONE', *, *, #3497, .T. ) ;
#3073 = PRESENTATION_STYLE_ASSIGNMENT (( #839 ) ) ;
#3074 = FILL_AREA_STYLE ('',( #3662 ) ) ;
#3075 = FILL_AREA_STYLE_COLOUR ( '', #2848 ) ;
#3076 = SURFACE_STYLE_FILL_AREA ( #2249 ) ;
#3077 = COLOUR_RGB ( '',0.8980392156862745400, 0.9215686274509803400, 0.9294117647058823800 ) ;
#3078 = DIRECTION ( 'NONE',  ( 0.0000000000000000000, 0.9615825319869141200, 0.2745159998572676600 ) ) ;
#3079 =( GEOMETRIC_REPRESENTATION_CONTEXT ( 3 ) GLOBAL_UNCERTAINTY_ASSIGNED_CONTEXT ( ( #2862 ) ) GLOBAL_UNIT_ASSIGNED_CONTEXT ( ( #2009, #2870, #1172 ) ) REPRESENTATION_CONTEXT ( 'NONE', 'WORKASPACE' ) );
#3080 = CARTESIAN_POINT ( 'NONE',  ( -0.005000000000000000100, -0.04733352850171775000, 1.207396650534388900 ) ) ;
#3081 =( NAMED_UNIT ( * ) PLANE_ANGLE_UNIT ( ) SI_UNIT ( $, .RADIAN. ) );
#3082 = ADVANCED_FACE ( 'NONE', ( #2559 ), #1620, .F. ) ;
#3083 = STYLED_ITEM ( 'NONE', ( #3073 ), #2239 ) ;
#3084 = DIRECTION ( 'NONE',  ( 0.0000000000000000000, -1.000000000000000000, 2.911655409887174100E-016 ) ) ;
#3085 = UNCERTAINTY_MEASURE_WITH_UNIT (LENGTH_MEASURE( 1.000000000000000100E-005 ), #363, 'distance_accuracy_value', 'NONE');
#3086 = EDGE_CURVE ( 'NONE', #1902, #1684, #1062, .T. ) ;
#3087 = FACE_OUTER_BOUND ( 'NONE', #2063, .T. ) ;
#3088 = CARTESIAN_POINT ( 'NONE',  ( 13.78503048667141900, 1.249999999999999600, 3.061616997868383000E-017 ) ) ;
#3089 = AXIS2_PLACEMENT_3D ( 'NONE', #2298, #2575, #898 ) ;
#3090 = DIRECTION ( 'NONE',  ( 0.0000000000000000000, -0.4443210308329211300, 0.8958676361826954900 ) ) ;
#3091 = FILL_AREA_STYLE ('',( #1982 ) ) ;
#3092 = VECTOR ( 'NONE', #1951, 1000.000000000000000 ) ;
#3093 = SURFACE_STYLE_FILL_AREA ( #1002 ) ;
#3094 = LINE ( 'NONE', #3397, #2812 ) ;
#3095 = DIRECTION ( 'NONE',  ( 1.000000000000000000, 0.0000000000000000000, 0.0000000000000000000 ) ) ;
#3096 =( GEOMETRIC_REPRESENTATION_CONTEXT ( 3 ) GLOBAL_UNCERTAINTY_ASSIGNED_CONTEXT ( ( #3038 ) ) GLOBAL_UNIT_ASSIGNED_CONTEXT ( ( #3548, #2160, #2530 ) ) REPRESENTATION_CONTEXT ( 'NONE', 'WORKASPACE' ) );
#3097 = EDGE_CURVE ( 'NONE', #106, #3424, #1502, .T. ) ;
#3098 = VERTEX_POINT ( 'NONE', #504 ) ;
#3099 = PRESENTATION_STYLE_ASSIGNMENT (( #1578 ) ) ;
#3100 = CARTESIAN_POINT ( 'NONE',  ( -0.005000000000000000100, -0.4011999999999995600, 0.5309185204093028700 ) ) ;
#3101 = SURFACE_SIDE_STYLE ('',( #1095 ) ) ;
#3102 = ADVANCED_FACE ( 'NONE', ( #2165 ), #2168, .F. ) ;
#3103 = ORIENTED_EDGE ( 'NONE', *, *, #2076, .F. ) ;
#3104 = LINE ( 'NONE', #1439, #3581 ) ;
#3105 = CARTESIAN_POINT ( 'NONE',  ( -0.005000000000000000100, 0.2517548742101135000, -0.7776297161960972200 ) ) ;
#3106 = VERTEX_POINT ( 'NONE', #1597 ) ;
#3107 =( LENGTH_UNIT ( ) NAMED_UNIT ( * ) SI_UNIT ( .MILLI., .METRE. ) );
#3108 = CARTESIAN_POINT ( 'NONE',  ( -0.005000000000000000100, 0.4052604870040788000, 2.057509906016654200 ) ) ;
#3109 = SURFACE_STYLE_FILL_AREA ( #2090 ) ;
#3110 = DIRECTION ( 'NONE',  ( 0.0000000000000000000, 1.000000000000000000, -3.558818516450372700E-016 ) ) ;
#3111 = STYLED_ITEM ( 'NONE', ( #836 ), #1924 ) ;
#3112 = FILL_AREA_STYLE ('',( #3035 ) ) ;
#3113 = COLOUR_RGB ( '',0.1019607843137254900, 0.1019607843137254900, 0.1019607843137254900 ) ;
#3114 = EDGE_LOOP ( 'NONE', ( #3505, #2873, #1551, #39 ) ) ;
#3115 = ORIENTED_EDGE ( 'NONE', *, *, #2486, .F. ) ;
#3116 = CARTESIAN_POINT ( 'NONE',  ( 0.0000000000000000000, 0.2495304306676689700, 2.012755780601337600 ) ) ;
#3117 = ORIENTED_EDGE ( 'NONE', *, *, #2385, .T. ) ;
#3118 = STYLED_ITEM ( 'NONE', ( #2626 ), #2753 ) ;
#3119 = COLOUR_RGB ( '',0.8980392156862745400, 0.9215686274509803400, 0.9294117647058823800 ) ;
#3120 = VERTEX_POINT ( 'NONE', #2495 ) ;
#3121 = SURFACE_STYLE_FILL_AREA ( #2366 ) ;
#3122 = DIRECTION ( 'NONE',  ( 1.000000000000000000, 0.0000000000000000000, 0.0000000000000000000 ) ) ;
#3123 = EDGE_CURVE ( 'NONE', #2357, #959, #1719, .T. ) ;
#3124 = COLOUR_RGB ( '',0.1019607843137254900, 0.1019607843137254900, 0.1019607843137254900 ) ;
#3125 = ADVANCED_FACE ( 'NONE', ( #2111 ), #1611, .F. ) ;
#3126 = LINE ( 'NONE', #394, #450 ) ;
#3127 = PRESENTATION_STYLE_ASSIGNMENT (( #2833 ) ) ;
#3128 = PLANE ( 'NONE',  #1007 ) ;
#3129 = FILL_AREA_STYLE_COLOUR ( '', #3032 ) ;
#3130 = DIRECTION ( 'NONE',  ( 1.000000000000000000, 4.336808689942017700E-017, 0.0000000000000000000 ) ) ;
#3131 = COLOUR_RGB ( '',0.1019607843137254900, 0.1019607843137254900, 0.1019607843137254900 ) ;
#3132 = DIRECTION ( 'NONE',  ( 0.0000000000000000000, -7.938847109773800100E-005, 0.9999999968487352000 ) ) ;
#3133 = CARTESIAN_POINT ( 'NONE',  ( 25.00000000000000000, -2.500000000000000900, 0.0000000000000000000 ) ) ;
#3134 = CARTESIAN_POINT ( 'NONE',  ( 25.00000000000000000, 2.750000000000000000, 0.0000000000000000000 ) ) ;
#3135 = MECHANICAL_DESIGN_GEOMETRIC_PRESENTATION_REPRESENTATION (  '', ( #1173 ), #809 ) ;
#3136 = LINE ( 'NONE', #2483, #3225 ) ;
#3137 = ADVANCED_FACE ( 'NONE', ( #1550 ), #1377, .F. ) ;
#3138 = CARTESIAN_POINT ( 'NONE',  ( 11.24131999999999800, 0.0000000000000000000, 0.0000000000000000000 ) ) ;
#3139 = ORIENTED_EDGE ( 'NONE', *, *, #3570, .F. ) ;
#3140 = STYLED_ITEM ( 'NONE', ( #3386 ), #3614 ) ;
#3141 = SURFACE_SIDE_STYLE ('',( #125 ) ) ;
#3142 = TOROIDAL_SURFACE ( 'NONE', #1058, 3.346417898510792200, 0.3039599999999999500 ) ;
#3143 = CARTESIAN_POINT ( 'NONE',  ( -0.005000000000000000100, 0.3202280732264091200, 0.4360996671079245800 ) ) ;
#3144 = ORIENTED_EDGE ( 'NONE', *, *, #3086, .T. ) ;
#3145 = SURFACE_STYLE_USAGE ( .BOTH. , #897 ) ;
#3146 =( GEOMETRIC_REPRESENTATION_CONTEXT ( 3 ) GLOBAL_UNCERTAINTY_ASSIGNED_CONTEXT ( ( #2577 ) ) GLOBAL_UNIT_ASSIGNED_CONTEXT ( ( #3229, #2333, #3499 ) ) REPRESENTATION_CONTEXT ( 'NONE', 'WORKASPACE' ) );
#3147 = EDGE_CURVE ( 'NONE', #1684, #1140, #2386, .T. ) ;
#3148 = ORIENTED_EDGE ( 'NONE', *, *, #1848, .T. ) ;
#3149 = SURFACE_STYLE_FILL_AREA ( #88 ) ;
#3150 = VERTEX_POINT ( 'NONE', #2801 ) ;
#3151 =( NAMED_UNIT ( * ) SI_UNIT ( $, .STERADIAN. ) SOLID_ANGLE_UNIT ( ) );
#3152 = VECTOR ( 'NONE', #3095, 1000.000000000000000 ) ;
#3153 = VERTEX_POINT ( 'NONE', #3454 ) ;
#3154 = DIRECTION ( 'NONE',  ( 0.0000000000000000000, 1.000000000000000000, 0.0000000000000000000 ) ) ;
#3155 =( GEOMETRIC_REPRESENTATION_CONTEXT ( 3 ) GLOBAL_UNCERTAINTY_ASSIGNED_CONTEXT ( ( #952 ) ) GLOBAL_UNIT_ASSIGNED_CONTEXT ( ( #658, #673, #1823 ) ) REPRESENTATION_CONTEXT ( 'NONE', 'WORKASPACE' ) );
#3156 = ORIENTED_EDGE ( 'NONE', *, *, #2865, .T. ) ;
#3157 = SURFACE_STYLE_FILL_AREA ( #2134 ) ;
#3158 = ORIENTED_EDGE ( 'NONE', *, *, #2344, .T. ) ;
#3159 = EDGE_CURVE ( 'NONE', #3291, #3120, #3198, .T. ) ;
#3160 = EDGE_LOOP ( 'NONE', ( #2204, #764, #533, #2538 ) ) ;
#3161 =( GEOMETRIC_REPRESENTATION_CONTEXT ( 3 ) GLOBAL_UNCERTAINTY_ASSIGNED_CONTEXT ( ( #3476 ) ) GLOBAL_UNIT_ASSIGNED_CONTEXT ( ( #1014, #2399, #414 ) ) REPRESENTATION_CONTEXT ( 'NONE', 'WORKASPACE' ) );
#3162 = SURFACE_STYLE_FILL_AREA ( #2426 ) ;
#3163 = CARTESIAN_POINT ( 'NONE',  ( 11.24131999999999800, 3.725936326951824700E-016, 3.042457898510792200 ) ) ;
#3164 = SURFACE_SIDE_STYLE ('',( #2897 ) ) ;
#3165 = MECHANICAL_DESIGN_GEOMETRIC_PRESENTATION_REPRESENTATION (  '', ( #1701 ), #1585 ) ;
#3166 = SURFACE_SIDE_STYLE ('',( #3567 ) ) ;
#3167 = DIRECTION ( 'NONE',  ( 0.0000000000000000000, 0.9615323037684295700, 0.2746918797667243800 ) ) ;
#3168 = UNCERTAINTY_MEASURE_WITH_UNIT (LENGTH_MEASURE( 1.000000000000000100E-005 ), #1067, 'distance_accuracy_value', 'NONE');
#3169 = ADVANCED_FACE ( 'NONE', ( #1106 ), #2244, .F. ) ;
#3170 = VECTOR ( 'NONE', #1691, 1000.000000000000100 ) ;
#3171 = DIRECTION ( 'NONE',  ( -0.0000000000000000000, -1.000000000000000000, -0.0000000000000000000 ) ) ;
#3172 = CARTESIAN_POINT ( 'NONE',  ( 12.50000000000000000, 0.0000000000000000000, 0.0000000000000000000 ) ) ;
#3173 =( LENGTH_UNIT ( ) NAMED_UNIT ( * ) SI_UNIT ( .MILLI., .METRE. ) );
#3174 = MECHANICAL_DESIGN_GEOMETRIC_PRESENTATION_REPRESENTATION (  '', ( #1889 ), #1246 ) ;
#3175 = FACE_OUTER_BOUND ( 'NONE', #1786, .T. ) ;
#3176 = CARTESIAN_POINT ( 'NONE',  ( 0.0000000000000000000, -0.08425135645044920500, 0.01396868638154540400 ) ) ;
#3177 =( NAMED_UNIT ( * ) PLANE_ANGLE_UNIT ( ) SI_UNIT ( $, .RADIAN. ) );
#3178 =( NAMED_UNIT ( * ) PLANE_ANGLE_UNIT ( ) SI_UNIT ( $, .RADIAN. ) );
#3179 = CARTESIAN_POINT ( 'NONE',  ( -0.005000000000000000100, -0.2477704031468527200, -0.4738651069806681900 ) ) ;
#3180 = STYLED_ITEM ( 'NONE', ( #1736 ), #2822 ) ;
#3181 = UNCERTAINTY_MEASURE_WITH_UNIT (LENGTH_MEASURE( 1.000000000000000100E-005 ), #2627, 'distance_accuracy_value', 'NONE');
#3182 = ORIENTED_EDGE ( 'NONE', *, *, #3514, .T. ) ;
#3183 = VECTOR ( 'NONE', #2982, 1000.000000000000100 ) ;
#3184 = DIRECTION ( 'NONE',  ( 1.000000000000000000, -0.0000000000000000000, -0.0000000000000000000 ) ) ;
#3185 =( GEOMETRIC_REPRESENTATION_CONTEXT ( 3 ) GLOBAL_UNCERTAINTY_ASSIGNED_CONTEXT ( ( #589 ) ) GLOBAL_UNIT_ASSIGNED_CONTEXT ( ( #332, #2033, #2595 ) ) REPRESENTATION_CONTEXT ( 'NONE', 'WORKASPACE' ) );
#3186 =( GEOMETRIC_REPRESENTATION_CONTEXT ( 3 ) GLOBAL_UNCERTAINTY_ASSIGNED_CONTEXT ( ( #1192 ) ) GLOBAL_UNIT_ASSIGNED_CONTEXT ( ( #3309, #731, #3262 ) ) REPRESENTATION_CONTEXT ( 'NONE', 'WORKASPACE' ) );
#3187 = EDGE_CURVE ( 'NONE', #2738, #1277, #1321, .T. ) ;
#3188 = VERTEX_POINT ( 'NONE', #2587 ) ;
#3189 = DIRECTION ( 'NONE',  ( 0.0000000000000000000, 0.0000000000000000000, -1.000000000000000000 ) ) ;
#3190 = FILL_AREA_STYLE ('',( #46 ) ) ;
#3191 = LINE ( 'NONE', #2855, #1811 ) ;
#3192 = FILL_AREA_STYLE_COLOUR ( '', #3594 ) ;
#3193 = PLANE ( 'NONE',  #3237 ) ;
#3194 = DIRECTION ( 'NONE',  ( 1.000000000000000000, 0.0000000000000000000, 0.0000000000000000000 ) ) ;
#3195 = EDGE_LOOP ( 'NONE', ( #2472, #1446, #3626, #3686, #1554 ) ) ;
#3196 = PLANE ( 'NONE',  #340 ) ;
#3197 = DIRECTION ( 'NONE',  ( 0.0000000000000000000, 1.000000000000000000, 0.0000000000000000000 ) ) ;
#3198 = LINE ( 'NONE', #3375, #3152 ) ;
#3199 = ORIENTED_EDGE ( 'NONE', *, *, #2233, .T. ) ;
#3200 = VERTEX_POINT ( 'NONE', #2783 ) ;
#3201 = VECTOR ( 'NONE', #818, 1000.000000000000000 ) ;
#3202 = SURFACE_STYLE_FILL_AREA ( #942 ) ;
#3203 = ORIENTED_EDGE ( 'NONE', *, *, #3022, .F. ) ;
#3204 = DIRECTION ( 'NONE',  ( 0.0000000000000000000, 0.9611638845408937400, 0.2759782365590801000 ) ) ;
#3205 = SURFACE_STYLE_USAGE ( .BOTH. , #1471 ) ;
#3206 = ORIENTED_EDGE ( 'NONE', *, *, #2865, .F. ) ;
#3207 = CARTESIAN_POINT ( 'NONE',  ( 0.0000000000000000000, 0.2517548742101135000, -0.4101980772080755000 ) ) ;
#3208 =( LENGTH_UNIT ( ) NAMED_UNIT ( * ) SI_UNIT ( .MILLI., .METRE. ) );
#3209 = CARTESIAN_POINT ( 'NONE',  ( -0.005000000000000000100, 0.4052604870040785700, -1.828637200791843900 ) ) ;
#3210 = LINE ( 'NONE', #3521, #2356 ) ;
#3211 = CIRCLE ( 'NONE', #2907, 0.3039599999999998400 ) ;
#3212 = VECTOR ( 'NONE', #2630, 1000.000000000000000 ) ;
#3213 = LINE ( 'NONE', #1043, #2440 ) ;
#3214 = FILL_AREA_STYLE ('',( #2958 ) ) ;
#3215 = CARTESIAN_POINT ( 'NONE',  ( 13.61496951332857600, 1.749999999999999600, -0.1464466094067262700 ) ) ;
#3216 = CARTESIAN_POINT ( 'NONE',  ( 13.78503048667141900, 1.250000000000000000, 0.1464466094067263000 ) ) ;
#3217 = FACE_OUTER_BOUND ( 'NONE', #301, .T. ) ;
#3218 = MECHANICAL_DESIGN_GEOMETRIC_PRESENTATION_REPRESENTATION (  '', ( #2254 ), #2185 ) ;
#3219 = FILL_AREA_STYLE_COLOUR ( '', #2972 ) ;
#3220 = EDGE_CURVE ( 'NONE', #2326, #2067, #570, .T. ) ;
#3221 = DIRECTION ( 'NONE',  ( 1.000000000000000000, -4.336808689942017700E-017, 0.0000000000000000000 ) ) ;
#3222 =( NAMED_UNIT ( * ) PLANE_ANGLE_UNIT ( ) SI_UNIT ( $, .RADIAN. ) );
#3223 = VECTOR ( 'NONE', #2533, 1000.000000000000100 ) ;
#3224 = SURFACE_SIDE_STYLE ('',( #3253 ) ) ;
#3225 = VECTOR ( 'NONE', #195, 1000.000000000000000 ) ;
#3226 = CARTESIAN_POINT ( 'NONE',  ( 0.0000000000000000000, 0.2517548742101135000, -0.4101980772080755000 ) ) ;
#3227 = VECTOR ( 'NONE', #3078, 1000.000000000000000 ) ;
#3228 =( GEOMETRIC_REPRESENTATION_CONTEXT ( 3 ) GLOBAL_UNCERTAINTY_ASSIGNED_CONTEXT ( ( #2670 ) ) GLOBAL_UNIT_ASSIGNED_CONTEXT ( ( #2282, #624, #1205 ) ) REPRESENTATION_CONTEXT ( 'NONE', 'WORKASPACE' ) );
#3229 =( LENGTH_UNIT ( ) NAMED_UNIT ( * ) SI_UNIT ( .MILLI., .METRE. ) );
#3230 = SURFACE_STYLE_USAGE ( .BOTH. , #2637 ) ;
#3231 =( NAMED_UNIT ( * ) SI_UNIT ( $, .STERADIAN. ) SOLID_ANGLE_UNIT ( ) );
#3232 = ORIENTED_EDGE ( 'NONE', *, *, #101, .T. ) ;
#3233 = PRESENTATION_LAYER_ASSIGNMENT (  '', '', ( #2639 ) ) ;
#3234 = EDGE_LOOP ( 'NONE', ( #3337, #215, #3030, #2553 ) ) ;
#3235 = CARTESIAN_POINT ( 'NONE',  ( 0.0000000000000000000, -0.4011999999999995000, 0.4338633271315163700 ) ) ;
#3236 =( GEOMETRIC_REPRESENTATION_CONTEXT ( 3 ) GLOBAL_UNCERTAINTY_ASSIGNED_CONTEXT ( ( #2961 ) ) GLOBAL_UNIT_ASSIGNED_CONTEXT ( ( #3173, #880, #3460 ) ) REPRESENTATION_CONTEXT ( 'NONE', 'WORKASPACE' ) );
#3237 = AXIS2_PLACEMENT_3D ( 'NONE', #1756, #943, #96 ) ;
#3238 = EDGE_CURVE ( 'NONE', #433, #3098, #877, .T. ) ;
#3239 = DIRECTION ( 'NONE',  ( 0.7926239891046004100, 0.6097107608496922200, 0.0000000000000000000 ) ) ;
#3240 = SURFACE_STYLE_USAGE ( .BOTH. , #2395 ) ;
#3241 =( NAMED_UNIT ( * ) SI_UNIT ( $, .STERADIAN. ) SOLID_ANGLE_UNIT ( ) );
#3242 = ORIENTED_EDGE ( 'NONE', *, *, #2371, .T. ) ;
#3243 =( LENGTH_UNIT ( ) NAMED_UNIT ( * ) SI_UNIT ( .MILLI., .METRE. ) );
#3244 = UNCERTAINTY_MEASURE_WITH_UNIT (LENGTH_MEASURE( 1.000000000000000100E-005 ), #2635, 'distance_accuracy_value', 'NONE');
#3245 = VERTEX_POINT ( 'NONE', #534 ) ;
#3246 = VECTOR ( 'NONE', #1633, 1000.000000000000200 ) ;
#3247 = ORIENTED_EDGE ( 'NONE', *, *, #3290, .T. ) ;
#3248 = ORIENTED_EDGE ( 'NONE', *, *, #3387, .T. ) ;
#3249 = VECTOR ( 'NONE', #445, 1000.000000000000000 ) ;
#3250 = EDGE_LOOP ( 'NONE', ( #2103, #525, #891, #1664 ) ) ;
#3251 = MECHANICAL_DESIGN_GEOMETRIC_PRESENTATION_REPRESENTATION (  '', ( #2955 ), #3079 ) ;
#3252 = DIRECTION ( 'NONE',  ( 1.000000000000000000, 0.0000000000000000000, 0.0000000000000000000 ) ) ;
#3253 = SURFACE_STYLE_FILL_AREA ( #3531 ) ;
#3254 = ORIENTED_EDGE ( 'NONE', *, *, #1537, .F. ) ;
#3255 = CARTESIAN_POINT ( 'NONE',  ( -0.005000000000000000100, 0.03668615675610702900, -1.465933263629674500 ) ) ;
#3256 = CARTESIAN_POINT ( 'NONE',  ( -0.005000000000000000100, 0.2495304306676689700, 2.012755780601337600 ) ) ;
#3257 = SURFACE_STYLE_USAGE ( .BOTH. , #1035 ) ;
#3258 =( LENGTH_UNIT ( ) NAMED_UNIT ( * ) SI_UNIT ( .MILLI., .METRE. ) );
#3259 = PRESENTATION_LAYER_ASSIGNMENT (  '', '', ( #3061 ) ) ;
#3260 = LINE ( 'NONE', #2601, #2397 ) ;
#3261 = STYLED_ITEM ( 'NONE', ( #650 ), #2770 ) ;
#3262 =( NAMED_UNIT ( * ) SI_UNIT ( $, .STERADIAN. ) SOLID_ANGLE_UNIT ( ) );
#3263 = DIRECTION ( 'NONE',  ( 1.000000000000000000, 0.0000000000000000000, 0.0000000000000000000 ) ) ;
#3264 = STYLED_ITEM ( 'NONE', ( #2497 ), #3689 ) ;
#3265 = EDGE_CURVE ( 'NONE', #2777, #192, #27, .T. ) ;
#3266 = FILL_AREA_STYLE_COLOUR ( '', #210 ) ;
#3267 = CARTESIAN_POINT ( 'NONE',  ( 0.0000000000000000000, -0.4011999999999992200, 1.375180999823006200 ) ) ;
#3268 = DIRECTION ( 'NONE',  ( 1.000000000000000000, 0.0000000000000000000, 0.0000000000000000000 ) ) ;
#3269 = LINE ( 'NONE', #1964, #3170 ) ;
#3270 = CARTESIAN_POINT ( 'NONE',  ( 11.54052000000000100, 0.0000000000000000000, 3.399999999999999900 ) ) ;
#3271 =( NAMED_UNIT ( * ) PLANE_ANGLE_UNIT ( ) SI_UNIT ( $, .RADIAN. ) );
#3272 = SURFACE_STYLE_FILL_AREA ( #225 ) ;
#3273 = STYLED_ITEM ( 'NONE', ( #520 ), #1398 ) ;
#3274 = FACE_OUTER_BOUND ( 'NONE', #2830, .T. ) ;
#3275 = ORIENTED_EDGE ( 'NONE', *, *, #770, .F. ) ;
#3276 = DIRECTION ( 'NONE',  ( 0.0000000000000000000, 0.0000000000000000000, -1.000000000000000000 ) ) ;
#3277 = LINE ( 'NONE', #917, #1177 ) ;
#3278 = CARTESIAN_POINT ( 'NONE',  ( -0.005000000000000000100, 0.2495479597583873100, 1.562278302680624400 ) ) ;
#3279 =( BOUNDED_CURVE ( )  B_SPLINE_CURVE ( 3, ( #2526, #1764, #344, #20 ),
 .UNSPECIFIED., .F., .T. ) 
 B_SPLINE_CURVE_WITH_KNOTS ( ( 4, 4 ),
 ( 4.712388980384689700, 6.283185307179586200 ),
 .UNSPECIFIED. ) 
 CURVE ( )  GEOMETRIC_REPRESENTATION_ITEM ( )  RATIONAL_B_SPLINE_CURVE ( ( 1.000000000000000000, 0.8047378541243649400, 0.8047378541243649400, 1.000000000000000000 ) ) 
 REPRESENTATION_ITEM ( '' )  );
#3280 = EDGE_LOOP ( 'NONE', ( #798, #166, #3678, #1323 ) ) ;
#3281 = PLANE ( 'NONE',  #2291 ) ;
#3282 = EDGE_CURVE ( 'NONE', #1277, #187, #177, .T. ) ;
#3283 =( LENGTH_UNIT ( ) NAMED_UNIT ( * ) SI_UNIT ( .MILLI., .METRE. ) );
#3284 = DIRECTION ( 'NONE',  ( 0.0000000000000000000, 0.0000000000000000000, -1.000000000000000000 ) ) ;
#3285 = VERTEX_POINT ( 'NONE', #1399 ) ;
#3286 = COLOUR_RGB ( '',0.8941176470588234600, 0.9137254901960784000, 0.9294117647058823800 ) ;
#3287 = MANIFOLD_SOLID_BREP ( 'Body-Move/Copy1[3]', #2382 ) ;
#3288 = STYLED_ITEM ( 'NONE', ( #1386 ), #797 ) ;
#3289 = PRESENTATION_STYLE_ASSIGNMENT (( #1389 ) ) ;
#3290 = EDGE_CURVE ( 'NONE', #1731, #2543, #2108, .T. ) ;
#3291 = VERTEX_POINT ( 'NONE', #53 ) ;
#3292 =( NAMED_UNIT ( * ) SI_UNIT ( $, .STERADIAN. ) SOLID_ANGLE_UNIT ( ) );
#3293 =( NAMED_UNIT ( * ) SI_UNIT ( $, .STERADIAN. ) SOLID_ANGLE_UNIT ( ) );
#3294 = ORIENTED_EDGE ( 'NONE', *, *, #2571, .F. ) ;
#3295 = CIRCLE ( 'NONE', #2745, 0.2500000000000000000 ) ;
#3296 = CARTESIAN_POINT ( 'NONE',  ( -0.005000000000000000100, -0.04733352850171775000, 1.207396650534388900 ) ) ;
#3297 = ORIENTED_EDGE ( 'NONE', *, *, #2774, .T. ) ;
#3298 = LINE ( 'NONE', #3441, #1592 ) ;
#3299 = DIRECTION ( 'NONE',  ( 0.0000000000000000000, 1.000000000000000000, -1.224646799147353200E-016 ) ) ;
#3300 = SURFACE_SIDE_STYLE ('',( #3093 ) ) ;
#3301 = ORIENTED_EDGE ( 'NONE', *, *, #770, .T. ) ;
#3302 = PRESENTATION_STYLE_ASSIGNMENT (( #370 ) ) ;
#3303 = FILL_AREA_STYLE ('',( #2095 ) ) ;
#3304 = CARTESIAN_POINT ( 'NONE',  ( 0.0000000000000000000, -0.4011999999999995600, 0.5309185204093028700 ) ) ;
#3305 = DIRECTION ( 'NONE',  ( 0.0000000000000000000, 1.000000000000000000, 0.0000000000000000000 ) ) ;
#3306 = CARTESIAN_POINT ( 'NONE',  ( 0.0000000000000000000, -0.4011999999999992200, 1.604910985609601100 ) ) ;
#3307 = AXIS2_PLACEMENT_3D ( 'NONE', #1264, #2377, #2109 ) ;
#3308 = COLOUR_RGB ( '',0.1019607843137254900, 0.1019607843137254900, 0.1019607843137254900 ) ;
#3309 =( LENGTH_UNIT ( ) NAMED_UNIT ( * ) SI_UNIT ( .MILLI., .METRE. ) );
#3310 = DIRECTION ( 'NONE',  ( 1.000000000000000000, 0.0000000000000000000, 0.0000000000000000000 ) ) ;
#3311 = AXIS2_PLACEMENT_3D ( 'NONE', #2192, #2767, #1656 ) ;
#3312 = EDGE_CURVE ( 'NONE', #657, #2159, #128, .T. ) ;
#3313 = CARTESIAN_POINT ( 'NONE',  ( -0.005000000000000000100, -0.4011999999999993300, 1.140223078915931600 ) ) ;
#3314 = SURFACE_STYLE_USAGE ( .BOTH. , #1316 ) ;
#3315 = VECTOR ( 'NONE', #1027, 1000.000000000000200 ) ;
#3316 = SURFACE_SIDE_STYLE ('',( #420 ) ) ;
#3317 = LINE ( 'NONE', #2274, #59 ) ;
#3318 = CARTESIAN_POINT ( 'NONE',  ( 14.91496951332858200, -2.750000000000000900, 0.5000000000000000000 ) ) ;
#3319 = DIRECTION ( 'NONE',  ( 0.0000000000000000000, -2.911655409887173600E-016, -1.000000000000000000 ) ) ;
#3320 = DIRECTION ( 'NONE',  ( 1.000000000000000000, -0.0000000000000000000, -0.0000000000000000000 ) ) ;
#3321 = LINE ( 'NONE', #833, #3622 ) ;
#3322 = SURFACE_STYLE_FILL_AREA ( #1484 ) ;
#3323 = CARTESIAN_POINT ( 'NONE',  ( 0.0000000000000000000, -0.4011999999999996100, -1.831079520097858200 ) ) ;
#3324 = CARTESIAN_POINT ( 'NONE',  ( 14.91496951332858100, 2.749999999999999100, 0.0000000000000000000 ) ) ;
#3325 = ORIENTED_EDGE ( 'NONE', *, *, #824, .F. ) ;
#3326 = VECTOR ( 'NONE', #1141, 1000.000000000000000 ) ;
#3327 = ORIENTED_EDGE ( 'NONE', *, *, #3358, .T. ) ;
#3328 =( GEOMETRIC_REPRESENTATION_CONTEXT ( 3 ) GLOBAL_UNCERTAINTY_ASSIGNED_CONTEXT ( ( #1797 ) ) GLOBAL_UNIT_ASSIGNED_CONTEXT ( ( #2904, #2867, #45 ) ) REPRESENTATION_CONTEXT ( 'NONE', 'WORKASPACE' ) );
#3329 = CARTESIAN_POINT ( 'NONE',  ( -0.005000000000000000100, -0.2477704031468527800, -0.9209222193421442400 ) ) ;
#3330 = CYLINDRICAL_SURFACE ( 'NONE', #2653, 3.399999999999999900 ) ;
#3331 =( NAMED_UNIT ( * ) SI_UNIT ( $, .STERADIAN. ) SOLID_ANGLE_UNIT ( ) );
#3332 = SURFACE_SIDE_STYLE ('',( #2667 ) ) ;
#3333 = ORIENTED_EDGE ( 'NONE', *, *, #496, .F. ) ;
#3334 = CARTESIAN_POINT ( 'NONE',  ( 0.0000000000000000000, 0.4052604870040785700, 0.6657266635534341300 ) ) ;
#3335 = DIRECTION ( 'NONE',  ( 0.0000000000000000000, -2.911655409887173600E-016, -1.000000000000000000 ) ) ;
#3336 = EDGE_LOOP ( 'NONE', ( #3345, #722, #1775, #1857 ) ) ;
#3337 = ORIENTED_EDGE ( 'NONE', *, *, #1424, .T. ) ;
#3338 = STYLED_ITEM ( 'NONE', ( #2307 ), #873 ) ;
#3339 = EDGE_CURVE ( 'NONE', #187, #1277, #1834, .T. ) ;
#3340 = ORIENTED_EDGE ( 'NONE', *, *, #2508, .F. ) ;
#3341 =( NAMED_UNIT ( * ) SI_UNIT ( $, .STERADIAN. ) SOLID_ANGLE_UNIT ( ) );
#3342 = VECTOR ( 'NONE', #164, 1000.000000000000000 ) ;
#3343 = EDGE_LOOP ( 'NONE', ( #1221, #439, #760, #2549 ) ) ;
#3344 = SURFACE_STYLE_USAGE ( .BOTH. , #785 ) ;
#3345 = ORIENTED_EDGE ( 'NONE', *, *, #635, .T. ) ;
#3346 = PRESENTATION_LAYER_ASSIGNMENT (  '', '', ( #2550 ) ) ;
#3347 = SURFACE_STYLE_FILL_AREA ( #641 ) ;
#3348 = PLANE ( 'NONE',  #2029 ) ;
#3349 = DIRECTION ( 'NONE',  ( 0.0000000000000000000, 0.0000000000000000000, 1.000000000000000000 ) ) ;
#3350 =( LENGTH_UNIT ( ) NAMED_UNIT ( * ) SI_UNIT ( .MILLI., .METRE. ) );
#3351 = SURFACE_STYLE_FILL_AREA ( #2169 ) ;
#3352 = COLOUR_RGB ( '',0.1019607843137254900, 0.1019607843137254900, 0.1019607843137254900 ) ;
#3353 = ADVANCED_FACE ( 'NONE', ( #3395 ), #449, .T. ) ;
#3354 = CARTESIAN_POINT ( 'NONE',  ( 13.54757230978757600, -1.698155997276150200, 3.061616997868383000E-017 ) ) ;
#3355 = LINE ( 'NONE', #708, #2566 ) ;
#3356 =( LENGTH_UNIT ( ) NAMED_UNIT ( * ) SI_UNIT ( .MILLI., .METRE. ) );
#3357 = LINE ( 'NONE', #71, #316 ) ;
#3358 = EDGE_CURVE ( 'NONE', #854, #672, #2608, .T. ) ;
#3359 =( GEOMETRIC_REPRESENTATION_CONTEXT ( 3 ) GLOBAL_UNCERTAINTY_ASSIGNED_CONTEXT ( ( #1604 ) ) GLOBAL_UNIT_ASSIGNED_CONTEXT ( ( #179, #1042, #1932 ) ) REPRESENTATION_CONTEXT ( 'NONE', 'WORKASPACE' ) );
#3360 = UNCERTAINTY_MEASURE_WITH_UNIT (LENGTH_MEASURE( 1.000000000000000100E-005 ), #2607, 'distance_accuracy_value', 'NONE');
#3361 = DIRECTION ( 'NONE',  ( 0.0000000000000000000, -0.2764273280489769100, 0.9610348236706635100 ) ) ;
#3362 = SURFACE_STYLE_USAGE ( .BOTH. , #2230 ) ;
#3363 =( NAMED_UNIT ( * ) SI_UNIT ( $, .STERADIAN. ) SOLID_ANGLE_UNIT ( ) );
#3364 = AXIS2_PLACEMENT_3D ( 'NONE', #627, #642, #21 ) ;
#3365 = EDGE_CURVE ( 'NONE', #669, #931, #173, .T. ) ;
#3366 = LINE ( 'NONE', #2535, #10 ) ;
#3367 = ADVANCED_FACE ( 'NONE', ( #2435 ), #1525, .F. ) ;
#3368 = VECTOR ( 'NONE', #1012, 1000.000000000000000 ) ;
#3369 = SURFACE_STYLE_USAGE ( .BOTH. , #3316 ) ;
#3370 = ORIENTED_EDGE ( 'NONE', *, *, #548, .F. ) ;
#3371 = CARTESIAN_POINT ( 'NONE',  ( 14.91496951332858200, -2.750000000000000900, 3.061616997868382400E-017 ) ) ;
#3372 = FILL_AREA_STYLE_COLOUR ( '', #2406 ) ;
#3373 = FILL_AREA_STYLE ('',( #3075 ) ) ;
#3374 = ORIENTED_EDGE ( 'NONE', *, *, #2797, .T. ) ;
#3375 = CARTESIAN_POINT ( 'NONE',  ( -0.005000000000000000100, -0.04733352850003842700, -0.8638121776166222100 ) ) ;
#3376 = STYLED_ITEM ( 'NONE', ( #3563 ), #1958 ) ;
#3377 = PRESENTATION_STYLE_ASSIGNMENT (( #1163 ) ) ;
#3378 = VERTEX_POINT ( 'NONE', #2624 ) ;
#3379 = CARTESIAN_POINT ( 'NONE',  ( 0.0000000000000000000, -0.4011999999999996100, -1.284426810713275000 ) ) ;
#3380 = COLOUR_RGB ( '',0.1019607843137254900, 0.1019607843137254900, 0.1019607843137254900 ) ;
#3381 = DIRECTION ( 'NONE',  ( 0.0000000000000000000, -0.9610348236706635100, -0.2764273280489769100 ) ) ;
#3382 = ORIENTED_EDGE ( 'NONE', *, *, #2008, .F. ) ;
#3383 = DIRECTION ( 'NONE',  ( 0.0000000000000000000, 0.9612861490927326900, 0.2755520632520550000 ) ) ;
#3384 =( GEOMETRIC_REPRESENTATION_CONTEXT ( 3 ) GLOBAL_UNCERTAINTY_ASSIGNED_CONTEXT ( ( #3168 ) ) GLOBAL_UNIT_ASSIGNED_CONTEXT ( ( #1067, #530, #2455 ) ) REPRESENTATION_CONTEXT ( 'NONE', 'WORKASPACE' ) );
#3385 = EDGE_LOOP ( 'NONE', ( #3017, #662, #2303, #3455 ) ) ;
#3386 = PRESENTATION_STYLE_ASSIGNMENT (( #224 ) ) ;
#3387 = EDGE_CURVE ( 'NONE', #16, #2299, #3260, .T. ) ;
#3388 = ORIENTED_EDGE ( 'NONE', *, *, #2255, .T. ) ;
#3389 = ADVANCED_FACE ( 'NONE', ( #307 ), #3196, .T. ) ;
#3390 =( LENGTH_UNIT ( ) NAMED_UNIT ( * ) SI_UNIT ( .MILLI., .METRE. ) );
#3391 = CARTESIAN_POINT ( 'NONE',  ( -0.005000000000000000100, 0.4052604870040784600, -0.9623852376079841100 ) ) ;
#3392 = VECTOR ( 'NONE', #1518, 1000.000000000000000 ) ;
#3393 = EDGE_LOOP ( 'NONE', ( #3429, #2478, #2209, #876 ) ) ;
#3394 = CARTESIAN_POINT ( 'NONE',  ( 14.91496951332858100, 2.749999999999999100, 0.0000000000000000000 ) ) ;
#3395 = FACE_OUTER_BOUND ( 'NONE', #972, .T. ) ;
#3396 = LINE ( 'NONE', #138, #2129 ) ;
#3397 = CARTESIAN_POINT ( 'NONE',  ( 0.0000000000000000000, -0.4011999999999995000, 0.4338633271315163700 ) ) ;
#3398 = CARTESIAN_POINT ( 'NONE',  ( 0.0000000000000000000, -0.4011999999999995600, 0.2289292512596815800 ) ) ;
#3399 = CARTESIAN_POINT ( 'NONE',  ( 0.0000000000000000000, 0.4052604870040785700, -0.2861596765811984500 ) ) ;
#3400 = SURFACE_SIDE_STYLE ('',( #1028 ) ) ;
#3401 = STYLED_ITEM ( 'NONE', ( #581 ), #2271 ) ;
#3402 = ADVANCED_FACE ( 'NONE', ( #2838 ), #1593, .F. ) ;
#3403 = CYLINDRICAL_SURFACE ( 'NONE', #3311, 0.2500000000000002200 ) ;
#3404 = DIRECTION ( 'NONE',  ( 0.0000000000000000000, 0.0000000000000000000, -1.000000000000000000 ) ) ;
#3405 = MECHANICAL_DESIGN_GEOMETRIC_PRESENTATION_REPRESENTATION (  '', ( #2616 ), #2096 ) ;
#3406 = CARTESIAN_POINT ( 'NONE',  ( 15.00000000000000000, 2.249999999999999600, 3.061616997868383000E-017 ) ) ;
#3407 = LINE ( 'NONE', #1101, #1887 ) ;
#3408 =( LENGTH_UNIT ( ) NAMED_UNIT ( * ) SI_UNIT ( .MILLI., .METRE. ) );
#3409 = VECTOR ( 'NONE', #1385, 1000.000000000000100 ) ;
#3410 = PRESENTATION_LAYER_ASSIGNMENT (  '', '', ( #2818 ) ) ;
#3411 = EDGE_CURVE ( 'NONE', #703, #1311, #302, .T. ) ;
#3412 = VERTEX_POINT ( 'NONE', #3551 ) ;
#3413 = ORIENTED_EDGE ( 'NONE', *, *, #2797, .F. ) ;
#3414 = AXIS2_PLACEMENT_3D ( 'NONE', #660, #1826, #116 ) ;
#3415 = DIRECTION ( 'NONE',  ( 0.0000000000000000000, -0.9280290862136727500, 0.3725077383644745400 ) ) ;
#3416 = ORIENTED_EDGE ( 'NONE', *, *, #197, .F. ) ;
#3417 = FILL_AREA_STYLE ('',( #3129 ) ) ;
#3418 = DIRECTION ( 'NONE',  ( 0.0000000000000000000, 0.0000000000000000000, 1.000000000000000000 ) ) ;
#3419 = CARTESIAN_POINT ( 'NONE',  ( 0.0000000000000000000, 0.1017263777382557800, 0.9038919667953577700 ) ) ;
#3420 = DIRECTION ( 'NONE',  ( 0.0000000000000000000, -0.002813301676022725000, 0.9999960426590096500 ) ) ;
#3421 = ADVANCED_FACE ( 'NONE', ( #214 ), #670, .F. ) ;
#3422 = PRESENTATION_STYLE_ASSIGNMENT (( #3003 ) ) ;
#3423 = VERTEX_POINT ( 'NONE', #97 ) ;
#3424 = VERTEX_POINT ( 'NONE', #3537 ) ;
#3425 = LINE ( 'NONE', #2493, #2643 ) ;
#3426 = EDGE_LOOP ( 'NONE', ( #2988, #2257, #963, #1670 ) ) ;
#3427 = MECHANICAL_DESIGN_GEOMETRIC_PRESENTATION_REPRESENTATION (  '', ( #2639 ), #1831 ) ;
#3428 = CARTESIAN_POINT ( 'NONE',  ( -0.005000000000000000100, -0.4011999999999995000, 0.4338633271315163700 ) ) ;
#3429 = ORIENTED_EDGE ( 'NONE', *, *, #3683, .F. ) ;
#3430 = ORIENTED_EDGE ( 'NONE', *, *, #843, .T. ) ;
#3431 = SURFACE_SIDE_STYLE ('',( #3560 ) ) ;
#3432 = SURFACE_SIDE_STYLE ('',( #274 ) ) ;
#3433 =( GEOMETRIC_REPRESENTATION_CONTEXT ( 3 ) GLOBAL_UNCERTAINTY_ASSIGNED_CONTEXT ( ( #769 ) ) GLOBAL_UNIT_ASSIGNED_CONTEXT ( ( #1148, #1418, #3667 ) ) REPRESENTATION_CONTEXT ( 'NONE', 'WORKASPACE' ) );
#3434 = EDGE_CURVE ( 'NONE', #3461, #2357, #387, .T. ) ;
#3435 = VECTOR ( 'NONE', #200, 1000.000000000000200 ) ;
#3436 = PRESENTATION_STYLE_ASSIGNMENT (( #2902 ) ) ;
#3437 = SURFACE_SIDE_STYLE ('',( #22 ) ) ;
#3438 = FACE_OUTER_BOUND ( 'NONE', #3234, .T. ) ;
#3439 = VECTOR ( 'NONE', #252, 1000.000000000000000 ) ;
#3440 = DIRECTION ( 'NONE',  ( 1.000000000000000000, -0.0000000000000000000, -0.0000000000000000000 ) ) ;
#3441 = CARTESIAN_POINT ( 'NONE',  ( 14.40710678118654900, -1.500000000000000000, 0.2500000000000000000 ) ) ;
#3442 = DIRECTION ( 'NONE',  ( 0.0000000000000000000, 0.2746459304916901200, -0.9615454294334479000 ) ) ;
#3443 =( NAMED_UNIT ( * ) SI_UNIT ( $, .STERADIAN. ) SOLID_ANGLE_UNIT ( ) );
#3444 =( NAMED_UNIT ( * ) SI_UNIT ( $, .STERADIAN. ) SOLID_ANGLE_UNIT ( ) );
#3445 =( GEOMETRIC_REPRESENTATION_CONTEXT ( 3 ) GLOBAL_UNCERTAINTY_ASSIGNED_CONTEXT ( ( #193 ) ) GLOBAL_UNIT_ASSIGNED_CONTEXT ( ( #1817, #405, #3231 ) ) REPRESENTATION_CONTEXT ( 'NONE', 'WORKASPACE' ) );
#3446 = PRESENTATION_LAYER_ASSIGNMENT (  '', '', ( #3118 ) ) ;
#3447 = COLOUR_RGB ( '',0.1019607843137254900, 0.1019607843137254900, 0.1019607843137254900 ) ;
#3448 = FILL_AREA_STYLE_COLOUR ( '', #2792 ) ;
#3449 = EDGE_CURVE ( 'NONE', #1853, #389, #3592, .T. ) ;
#3450 = ADVANCED_FACE ( 'NONE', ( #3507 ), #3281, .T. ) ;
#3451 = ORIENTED_EDGE ( 'NONE', *, *, #3546, .F. ) ;
#3452 = CARTESIAN_POINT ( 'NONE',  ( -0.005000000000000000100, 0.4052604870040785700, 0.6657266635534341300 ) ) ;
#3453 = VECTOR ( 'NONE', #1874, 1000.000000000000000 ) ;
#3454 = CARTESIAN_POINT ( 'NONE',  ( 0.0000000000000000000, 0.1017533511384345800, -0.8212775797732931900 ) ) ;
#3455 = ORIENTED_EDGE ( 'NONE', *, *, #89, .T. ) ;
#3456 = SURFACE_STYLE_USAGE ( .BOTH. , #355 ) ;
#3457 =( GEOMETRIC_REPRESENTATION_CONTEXT ( 3 ) GLOBAL_UNCERTAINTY_ASSIGNED_CONTEXT ( ( #2040 ) ) GLOBAL_UNIT_ASSIGNED_CONTEXT ( ( #1998, #3178, #588 ) ) REPRESENTATION_CONTEXT ( 'NONE', 'WORKASPACE' ) );
#3458 = ORIENTED_EDGE ( 'NONE', *, *, #440, .T. ) ;
#3459 = CARTESIAN_POINT ( 'NONE',  ( 0.0000000000000000000, 0.2517279008103603900, 0.9475398303716038300 ) ) ;
#3460 =( NAMED_UNIT ( * ) SI_UNIT ( $, .STERADIAN. ) SOLID_ANGLE_UNIT ( ) );
#3461 = VERTEX_POINT ( 'NONE', #3270 ) ;
#3462 = FILL_AREA_STYLE ('',( #3482 ) ) ;
#3463 = CLOSED_SHELL ( 'NONE', ( #870, #834, #2520, #2219, #1383, #290, #3367, #1072, #1748, #3082, #1171, #3062, #256 ) ) ;
#3464 =( GEOMETRIC_REPRESENTATION_CONTEXT ( 3 ) GLOBAL_UNCERTAINTY_ASSIGNED_CONTEXT ( ( #2053 ) ) GLOBAL_UNIT_ASSIGNED_CONTEXT ( ( #1955, #3679, #1665 ) ) REPRESENTATION_CONTEXT ( 'NONE', 'WORKASPACE' ) );
#3465 =( NAMED_UNIT ( * ) PLANE_ANGLE_UNIT ( ) SI_UNIT ( $, .RADIAN. ) );
#3466 = ORIENTED_EDGE ( 'NONE', *, *, #1948, .T. ) ;
#3467 = VECTOR ( 'NONE', #1320, 1000.000000000000000 ) ;
#3468 = ORIENTED_EDGE ( 'NONE', *, *, #3612, .T. ) ;
#3469 = LINE ( 'NONE', #379, #442 ) ;
#3470 = EDGE_CURVE ( 'NONE', #3423, #959, #1459, .T. ) ;
#3471 = MECHANICAL_DESIGN_GEOMETRIC_PRESENTATION_REPRESENTATION (  '', ( #1089 ), #2250 ) ;
#3472 = ORIENTED_EDGE ( 'NONE', *, *, #38, .T. ) ;
#3473 = MECHANICAL_DESIGN_GEOMETRIC_PRESENTATION_REPRESENTATION (  '', ( #2501 ), #2839 ) ;
#3474 = CARTESIAN_POINT ( 'NONE',  ( 11.24131999999999800, 0.0000000000000000000, -3.346417898510792200 ) ) ;
#3475 = VECTOR ( 'NONE', #795, 1000.000000000000000 ) ;
#3476 = UNCERTAINTY_MEASURE_WITH_UNIT (LENGTH_MEASURE( 1.000000000000000100E-005 ), #1014, 'distance_accuracy_value', 'NONE');
#3477 = CARTESIAN_POINT ( 'NONE',  ( -0.005000000000000000100, -0.04733352850171775000, 1.207396650534388900 ) ) ;
#3478 = COLOUR_RGB ( '',0.8941176470588234600, 0.9137254901960784000, 0.9294117647058823800 ) ;
#3479 = AXIS2_PLACEMENT_3D ( 'NONE', #1336, #1004, #3284 ) ;
#3480 = PLANE ( 'NONE',  #3587 ) ;
#3481 = EDGE_CURVE ( 'NONE', #2786, #3011, #1194, .T. ) ;
#3482 = FILL_AREA_STYLE_COLOUR ( '', #3001 ) ;
#3483 = CARTESIAN_POINT ( 'NONE',  ( -0.005000000000000000100, 0.1017263777382557800, 0.9038919667953577700 ) ) ;
#3484 = DIRECTION ( 'NONE',  ( 0.0000000000000000000, 0.2740217765954058300, -0.9617234872620599200 ) ) ;
#3485 = CARTESIAN_POINT ( 'NONE',  ( 0.0000000000000000000, 0.3202280732264091200, 0.4360996671079245800 ) ) ;
#3486 =( GEOMETRIC_REPRESENTATION_CONTEXT ( 3 ) GLOBAL_UNCERTAINTY_ASSIGNED_CONTEXT ( ( #1610 ) ) GLOBAL_UNIT_ASSIGNED_CONTEXT ( ( #938, #2919, #2074 ) ) REPRESENTATION_CONTEXT ( 'NONE', 'WORKASPACE' ) );
#3487 = PLANE ( 'NONE',  #2702 ) ;
#3488 = CARTESIAN_POINT ( 'NONE',  ( 0.0000000000000000000, -0.4011999999999995600, 0.2289292512596815800 ) ) ;
#3489 = UNCERTAINTY_MEASURE_WITH_UNIT (LENGTH_MEASURE( 1.000000000000000100E-005 ), #3526, 'distance_accuracy_value', 'NONE');
#3490 = DIRECTION ( 'NONE',  ( 0.0000000000000000000, 0.0000000000000000000, -1.000000000000000000 ) ) ;
#3491 = FILL_AREA_STYLE_COLOUR ( '', #1530 ) ;
#3492 = STYLED_ITEM ( 'NONE', ( #276 ), #2810 ) ;
#3493 = FACE_OUTER_BOUND ( 'NONE', #3336, .T. ) ;
#3494 = VECTOR ( 'NONE', #485, 1000.000000000000000 ) ;
#3495 = CARTESIAN_POINT ( 'NONE',  ( 0.0000000000000000000, 0.1017263777382557800, 1.249980290920090600 ) ) ;
#3496 = STYLED_ITEM ( 'NONE', ( #989 ), #558 ) ;
#3497 = EDGE_CURVE ( 'NONE', #1281, #3020, #574, .T. ) ;
#3498 = VERTEX_POINT ( 'NONE', #1876 ) ;
#3499 =( NAMED_UNIT ( * ) SI_UNIT ( $, .STERADIAN. ) SOLID_ANGLE_UNIT ( ) );
#3500 = FILL_AREA_STYLE_COLOUR ( '', #1052 ) ;
#3501 = VECTOR ( 'NONE', #1033, 1000.000000000000000 ) ;
#3502 = ORIENTED_EDGE ( 'NONE', *, *, #2119, .F. ) ;
#3503 =( NAMED_UNIT ( * ) SI_UNIT ( $, .STERADIAN. ) SOLID_ANGLE_UNIT ( ) );
#3504 = CARTESIAN_POINT ( 'NONE',  ( -0.005000000000000000100, -0.4011999999999995000, 0.4338633271315163700 ) ) ;
#3505 = ORIENTED_EDGE ( 'NONE', *, *, #3434, .T. ) ;
#3506 = EDGE_LOOP ( 'NONE', ( #2874, #480, #619, #3248, #383, #1869, #98, #3148, #1328, #2605, #2429, #2827, #3583, #2203, #253, #3199, #3247 ) ) ;
#3507 = FACE_OUTER_BOUND ( 'NONE', #1458, .T. ) ;
#3508 = ORIENTED_EDGE ( 'NONE', *, *, #2921, .T. ) ;
#3509 = FILL_AREA_STYLE_COLOUR ( '', #1941 ) ;
#3510 = DIRECTION ( 'NONE',  ( 0.0000000000000000000, 0.9612934544747538900, 0.2755265765475163300 ) ) ;
#3511 = SURFACE_SIDE_STYLE ('',( #3149 ) ) ;
#3512 = CARTESIAN_POINT ( 'NONE',  ( -0.005000000000000000100, 0.2517279008103603900, 0.9475398303716038300 ) ) ;
#3513 = VECTOR ( 'NONE', #2869, 1000.000000000000000 ) ;
#3514 = EDGE_CURVE ( 'NONE', #1114, #3424, #3568, .T. ) ;
#3515 = MECHANICAL_DESIGN_GEOMETRIC_PRESENTATION_REPRESENTATION (  '', ( #3401 ), #1482 ) ;
#3516 = FILL_AREA_STYLE_COLOUR ( '', #2938 ) ;
#3517 = PRESENTATION_STYLE_ASSIGNMENT (( #1294 ) ) ;
#3518 = STYLED_ITEM ( 'NONE', ( #462 ), #130 ) ;
#3519 = MECHANICAL_DESIGN_GEOMETRIC_PRESENTATION_REPRESENTATION (  '', ( #3264 ), #968 ) ;
#3520 = CYLINDRICAL_SURFACE ( 'NONE', #2790, 0.2500000000000005000 ) ;
#3521 = CARTESIAN_POINT ( 'NONE',  ( -0.005000000000000000100, 0.4052604870040784600, -1.089453274747135900 ) ) ;
#3522 =( LENGTH_UNIT ( ) NAMED_UNIT ( * ) SI_UNIT ( .MILLI., .METRE. ) );
#3523 = CARTESIAN_POINT ( 'NONE',  ( -0.005000000000000000100, -0.4011999999999992200, 1.604910985609601100 ) ) ;
#3524 = AXIS2_PLACEMENT_3D ( 'NONE', #746, #2415, #2684 ) ;
#3525 = EDGE_CURVE ( 'NONE', #2475, #2556, #532, .T. ) ;
#3526 =( LENGTH_UNIT ( ) NAMED_UNIT ( * ) SI_UNIT ( .MILLI., .METRE. ) );
#3527 = DIRECTION ( 'NONE',  ( 1.000000000000000000, 0.0000000000000000000, 0.0000000000000000000 ) ) ;
#3528 = PLANE ( 'NONE',  #1722 ) ;
#3529 = AXIS2_PLACEMENT_3D ( 'NONE', #631, #2941, #691 ) ;
#3530 = PRESENTATION_STYLE_ASSIGNMENT (( #786 ) ) ;
#3531 = FILL_AREA_STYLE ('',( #3448 ) ) ;
#3532 =( NAMED_UNIT ( * ) SI_UNIT ( $, .STERADIAN. ) SOLID_ANGLE_UNIT ( ) );
#3533 =( LENGTH_UNIT ( ) NAMED_UNIT ( * ) SI_UNIT ( .MILLI., .METRE. ) );
#3534 = UNCERTAINTY_MEASURE_WITH_UNIT (LENGTH_MEASURE( 1.000000000000000100E-005 ), #1706, 'distance_accuracy_value', 'NONE');
#3535 = CARTESIAN_POINT ( 'NONE',  ( -0.005000000000000000100, -0.4011999999999996100, -1.529806272080965300 ) ) ;
#3536 = LINE ( 'NONE', #191, #1533 ) ;
#3537 = CARTESIAN_POINT ( 'NONE',  ( 14.91496951332858200, -2.750000000000000900, 3.061616997868382400E-017 ) ) ;
#3538 = EDGE_CURVE ( 'NONE', #3200, #2786, #437, .T. ) ;
#3539 = CARTESIAN_POINT ( 'NONE',  ( 0.0000000000000000000, -0.4011999999999996100, -1.529806272080965300 ) ) ;
#3540 = ORIENTED_EDGE ( 'NONE', *, *, #2621, .T. ) ;
#3541 = AXIS2_PLACEMENT_3D ( 'NONE', #648, #3527, #918 ) ;
#3542 = CARTESIAN_POINT ( 'NONE',  ( 11.54052000000000100, 0.0000000000000000000, 0.0000000000000000000 ) ) ;
#3543 = VERTEX_POINT ( 'NONE', #1616 ) ;
#3544 = SURFACE_STYLE_FILL_AREA ( #1247 ) ;
#3545 = AXIS2_PLACEMENT_3D ( 'NONE', #1824, #398, #2656 ) ;
#3546 = EDGE_CURVE ( 'NONE', #3378, #3245, #3425, .T. ) ;
#3547 = SURFACE_SIDE_STYLE ('',( #2931 ) ) ;
#3548 =( LENGTH_UNIT ( ) NAMED_UNIT ( * ) SI_UNIT ( .MILLI., .METRE. ) );
#3549 = ORIENTED_EDGE ( 'NONE', *, *, #3481, .F. ) ;
#3550 = CARTESIAN_POINT ( 'NONE',  ( 0.0000000000000000000, -0.04733352850171775000, 1.207396650534388900 ) ) ;
#3551 = CARTESIAN_POINT ( 'NONE',  ( -0.005000000000000000100, 0.4052604870040785700, -0.2861596765811984500 ) ) ;
#3552 = PLANE ( 'NONE',  #667 ) ;
#3553 = ORIENTED_EDGE ( 'NONE', *, *, #2344, .F. ) ;
#3554 = ORIENTED_EDGE ( 'NONE', *, *, #2508, .T. ) ;
#3555 = LINE ( 'NONE', #1897, #2343 ) ;
#3556 = ORIENTED_EDGE ( 'NONE', *, *, #1520, .F. ) ;
#3557 = UNCERTAINTY_MEASURE_WITH_UNIT (LENGTH_MEASURE( 1.000000000000000100E-005 ), #2618, 'distance_accuracy_value', 'NONE');
#3558 = PRESENTATION_LAYER_ASSIGNMENT (  '', '', ( #167 ) ) ;
#3559 = ORIENTED_EDGE ( 'NONE', *, *, #2097, .T. ) ;
#3560 = SURFACE_STYLE_FILL_AREA ( #2826 ) ;
#3561 = DIRECTION ( 'NONE',  ( 0.0000000000000000000, 0.0000000000000000000, 1.000000000000000000 ) ) ;
#3562 = CARTESIAN_POINT ( 'NONE',  ( 0.0000000000000000000, -0.1708852466576474800, 0.02626914903049474800 ) ) ;
#3563 = PRESENTATION_STYLE_ASSIGNMENT (( #43 ) ) ;
#3564 = MECHANICAL_DESIGN_GEOMETRIC_PRESENTATION_REPRESENTATION (  '', ( #2338 ), #2994 ) ;
#3565 = DIRECTION ( 'NONE',  ( 0.0000000000000000000, 0.0000000000000000000, -1.000000000000000000 ) ) ;
#3566 =( NAMED_UNIT ( * ) PLANE_ANGLE_UNIT ( ) SI_UNIT ( $, .RADIAN. ) );
#3567 = SURFACE_STYLE_FILL_AREA ( #2872 ) ;
#3568 =( BOUNDED_CURVE ( )  B_SPLINE_CURVE ( 3, ( #1083, #499, #3318, #3371 ),
 .UNSPECIFIED., .F., .F. ) 
 B_SPLINE_CURVE_WITH_KNOTS ( ( 4, 4 ),
 ( 3.141592653589793100, 6.283185307179586200 ),
 .UNSPECIFIED. ) 
 CURVE ( )  GEOMETRIC_REPRESENTATION_ITEM ( )  RATIONAL_B_SPLINE_CURVE ( ( 1.000000000000000000, 0.3333333333333333700, 0.3333333333333333700, 1.000000000000000000 ) ) 
 REPRESENTATION_ITEM ( '' )  );
#3569 = STYLED_ITEM ( 'NONE', ( #1800 ), #325 ) ;
#3570 = EDGE_CURVE ( 'NONE', #2837, #2123, #3555, .T. ) ;
#3571 =( BOUNDED_CURVE ( )  B_SPLINE_CURVE ( 3, ( #3324, #1075, #1056, #3610 ),
 .UNSPECIFIED., .F., .F. ) 
 B_SPLINE_CURVE_WITH_KNOTS ( ( 4, 4 ),
 ( 0.0000000000000000000, 3.141592653589793100 ),
 .UNSPECIFIED. ) 
 CURVE ( )  GEOMETRIC_REPRESENTATION_ITEM ( )  RATIONAL_B_SPLINE_CURVE ( ( 1.000000000000000000, 0.3333333333333333700, 0.3333333333333333700, 1.000000000000000000 ) ) 
 REPRESENTATION_ITEM ( '' )  );
#3572 = DIRECTION ( 'NONE',  ( 0.0000000000000000000, 0.2729786930695568000, -0.9620200793798624500 ) ) ;
#3573 =( LENGTH_UNIT ( ) NAMED_UNIT ( * ) SI_UNIT ( .MILLI., .METRE. ) );
#3574 = DIRECTION ( 'NONE',  ( 1.000000000000000000, 0.0000000000000000000, 0.0000000000000000000 ) ) ;
#3575 = CARTESIAN_POINT ( 'NONE',  ( 25.00000000000000000, 2.499999999999999600, 0.0000000000000000000 ) ) ;
#3576 = DIRECTION ( 'NONE',  ( 0.0000000000000000000, -0.9984327301130245800, -0.05596501978068204500 ) ) ;
#3577 = FACE_OUTER_BOUND ( 'NONE', #3280, .T. ) ;
#3578 =( NAMED_UNIT ( * ) SI_UNIT ( $, .STERADIAN. ) SOLID_ANGLE_UNIT ( ) );
#3579 = SURFACE_STYLE_FILL_AREA ( #1970 ) ;
#3580 = AXIS2_PLACEMENT_3D ( 'NONE', #1521, #1508, #1270 ) ;
#3581 = VECTOR ( 'NONE', #1451, 1000.000000000000000 ) ;
#3582 =( LENGTH_UNIT ( ) NAMED_UNIT ( * ) SI_UNIT ( .MILLI., .METRE. ) );
#3583 = ORIENTED_EDGE ( 'NONE', *, *, #1755, .T. ) ;
#3584 =( LENGTH_UNIT ( ) NAMED_UNIT ( * ) SI_UNIT ( .MILLI., .METRE. ) );
#3585 = VERTEX_POINT ( 'NONE', #1092 ) ;
#3586 = COLOUR_RGB ( '',0.1019607843137254900, 0.1019607843137254900, 0.1019607843137254900 ) ;
#3587 = AXIS2_PLACEMENT_3D ( 'NONE', #334, #1767, #950 ) ;
#3588 = EDGE_CURVE ( 'NONE', #672, #1374, #1285, .T. ) ;
#3589 = ORIENTED_EDGE ( 'NONE', *, *, #3653, .F. ) ;
#3590 = CARTESIAN_POINT ( 'NONE',  ( -0.005000000000000000100, -0.4011999999999995600, 0.2289292512596815800 ) ) ;
#3591 = ORIENTED_EDGE ( 'NONE', *, *, #1467, .T. ) ;
#3592 = LINE ( 'NONE', #738, #620 ) ;
#3593 = CARTESIAN_POINT ( 'NONE',  ( -0.005000000000000000100, 0.1017263777382557800, 0.9038919667953577700 ) ) ;
#3594 = COLOUR_RGB ( '',0.1019607843137254900, 0.1019607843137254900, 0.1019607843137254900 ) ;
#3595 = ORIENTED_EDGE ( 'NONE', *, *, #1280, .T. ) ;
#3596 = FILL_AREA_STYLE ('',( #762 ) ) ;
#3597 = FILL_AREA_STYLE_COLOUR ( '', #2049 ) ;
#3598 = COLOUR_RGB ( '',0.1019607843137254900, 0.1019607843137254900, 0.1019607843137254900 ) ;
#3599 =( BOUNDED_CURVE ( )  B_SPLINE_CURVE ( 3, ( #2057, #359, #727, #999 ),
 .UNSPECIFIED., .F., .T. ) 
 B_SPLINE_CURVE_WITH_KNOTS ( ( 4, 4 ),
 ( 3.141592653589793100, 4.712388980384689700 ),
 .UNSPECIFIED. ) 
 CURVE ( )  GEOMETRIC_REPRESENTATION_ITEM ( )  RATIONAL_B_SPLINE_CURVE ( ( 1.000000000000000000, 0.8047378541243649400, 0.8047378541243649400, 1.000000000000000000 ) ) 
 REPRESENTATION_ITEM ( '' )  );
#3600 = SURFACE_STYLE_USAGE ( .BOTH. , #791 ) ;
#3601 = COLOUR_RGB ( '',0.1019607843137254900, 0.1019607843137254900, 0.1019607843137254900 ) ;
#3602 = MECHANICAL_DESIGN_GEOMETRIC_PRESENTATION_REPRESENTATION (  '', ( #2784 ), #2883 ) ;
#3603 = CARTESIAN_POINT ( 'NONE',  ( -0.005000000000000000100, -0.4011999999999996100, -1.284426810713275000 ) ) ;
#3604 = COLOUR_RGB ( '',0.1019607843137254900, 0.1019607843137254900, 0.1019607843137254900 ) ;
#3605 = EDGE_CURVE ( 'NONE', #1500, #263, #3295, .T. ) ;
#3606 =( NAMED_UNIT ( * ) PLANE_ANGLE_UNIT ( ) SI_UNIT ( $, .RADIAN. ) );
#3607 = AXIS2_PLACEMENT_3D ( 'NONE', #2650, #2384, #1223 ) ;
#3608 = CARTESIAN_POINT ( 'NONE',  ( -0.005000000000000000100, -0.4011999999999996100, 0.05525489251534962400 ) ) ;
#3609 = SURFACE_STYLE_USAGE ( .BOTH. , #1030 ) ;
#3610 = CARTESIAN_POINT ( 'NONE',  ( 15.08503048667141800, 2.249999999999999600, 3.061616997868383000E-017 ) ) ;
#3611 = PRESENTATION_LAYER_ASSIGNMENT (  '', '', ( #1701 ) ) ;
#3612 = EDGE_CURVE ( 'NONE', #150, #1284, #2516, .T. ) ;
#3613 = CARTESIAN_POINT ( 'NONE',  ( -0.005000000000000000100, 0.06135455606166303300, -1.697590620724096300 ) ) ;
#3614 = ADVANCED_FACE ( 'NONE', ( #1375 ), #1066, .F. ) ;
#3615 =( GEOMETRIC_REPRESENTATION_CONTEXT ( 3 ) GLOBAL_UNCERTAINTY_ASSIGNED_CONTEXT ( ( #1081 ) ) GLOBAL_UNIT_ASSIGNED_CONTEXT ( ( #3350, #751, #162 ) ) REPRESENTATION_CONTEXT ( 'NONE', 'WORKASPACE' ) );
#3616 = SURFACE_STYLE_FILL_AREA ( #2135 ) ;
#3617 =( NAMED_UNIT ( * ) SI_UNIT ( $, .STERADIAN. ) SOLID_ANGLE_UNIT ( ) );
#3618 = UNCERTAINTY_MEASURE_WITH_UNIT (LENGTH_MEASURE( 1.000000000000000100E-005 ), #800, 'distance_accuracy_value', 'NONE');
#3619 =( LENGTH_UNIT ( ) NAMED_UNIT ( * ) SI_UNIT ( .MILLI., .METRE. ) );
#3620 =( LENGTH_UNIT ( ) NAMED_UNIT ( * ) SI_UNIT ( .MILLI., .METRE. ) );
#3621 = CARTESIAN_POINT ( 'NONE',  ( 14.91496951332858200, -2.750000000000000900, -0.5000000000000000000 ) ) ;
#3622 = VECTOR ( 'NONE', #539, 1000.000000000000000 ) ;
#3623 = ORIENTED_EDGE ( 'NONE', *, *, #251, .F. ) ;
#3624 = PLANE ( 'NONE',  #2711 ) ;
#3625 = EDGE_CURVE ( 'NONE', #1155, #850, #356, .T. ) ;
#3626 = ORIENTED_EDGE ( 'NONE', *, *, #3514, .F. ) ;
#3627 = CYLINDRICAL_SURFACE ( 'NONE', #3414, 3.399999999999999900 ) ;
#3628 = DIRECTION ( 'NONE',  ( 0.0000000000000000000, 0.9617234872620598100, 0.2740217765954058900 ) ) ;
#3629 = ORIENTED_EDGE ( 'NONE', *, *, #2976, .T. ) ;
#3630 = DIRECTION ( 'NONE',  ( 0.0000000000000000000, 0.0000000000000000000, -1.000000000000000000 ) ) ;
#3631 = CARTESIAN_POINT ( 'NONE',  ( 13.61496951332857600, -1.749999999999999600, 0.1464466094067262700 ) ) ;
#3632 = MECHANICAL_DESIGN_GEOMETRIC_PRESENTATION_REPRESENTATION (  '', ( #3518 ), #516 ) ;
#3633 = EDGE_CURVE ( 'NONE', #3120, #1376, #2706, .T. ) ;
#3634 = CARTESIAN_POINT ( 'NONE',  ( -0.005000000000000000100, -0.4011999999999996100, -1.284426810713275000 ) ) ;
#3635 = ADVANCED_FACE ( 'NONE', ( #544 ), #3348, .F. ) ;
#3636 = SURFACE_STYLE_USAGE ( .BOTH. , #3043 ) ;
#3637 = VERTEX_POINT ( 'NONE', #2730 ) ;
#3638 = ORIENTED_EDGE ( 'NONE', *, *, #3612, .F. ) ;
#3639 = VERTEX_POINT ( 'NONE', #3323 ) ;
#3640 = FACE_OUTER_BOUND ( 'NONE', #1517, .T. ) ;
#3641 = DIRECTION ( 'NONE',  ( 1.000000000000000000, 0.0000000000000000000, 0.0000000000000000000 ) ) ;
#3642 = VERTEX_POINT ( 'NONE', #3634 ) ;
#3643 =( NAMED_UNIT ( * ) SI_UNIT ( $, .STERADIAN. ) SOLID_ANGLE_UNIT ( ) );
#3644 = DIRECTION ( 'NONE',  ( 0.0000000000000000000, 0.9237839814038687500, -0.3829140317376951700 ) ) ;
#3645 = UNCERTAINTY_MEASURE_WITH_UNIT (LENGTH_MEASURE( 1.000000000000000100E-005 ), #1803, 'distance_accuracy_value', 'NONE');
#3646 = CIRCLE ( 'NONE', #2024, 3.399999999999999900 ) ;
#3647 = FACE_OUTER_BOUND ( 'NONE', #377, .T. ) ;
#3648 = LINE ( 'NONE', #1417, #2886 ) ;
#3649 =( NAMED_UNIT ( * ) SI_UNIT ( $, .STERADIAN. ) SOLID_ANGLE_UNIT ( ) );
#3650 = LINE ( 'NONE', #3523, #2273 ) ;
#3651 = FILL_AREA_STYLE ('',( #1662 ) ) ;
#3652 = ADVANCED_FACE ( 'NONE', ( #3577 ), #1957, .F. ) ;
#3653 = EDGE_CURVE ( 'NONE', #2413, #1189, #3366, .T. ) ;
#3654 = AXIS2_PLACEMENT_3D ( 'NONE', #1885, #1347, #2460 ) ;
#3655 = DIRECTION ( 'NONE',  ( 0.0000000000000000000, 0.9985542843760947300, 0.05375259206908327600 ) ) ;
#3656 = CARTESIAN_POINT ( 'NONE',  ( 13.70000000000000100, -1.500000000000000000, 0.0000000000000000000 ) ) ;
#3657 = SURFACE_STYLE_FILL_AREA ( #587 ) ;
#3658 = DIRECTION ( 'NONE',  ( -1.000000000000000000, -0.0000000000000000000, -0.0000000000000000000 ) ) ;
#3659 = MECHANICAL_DESIGN_GEOMETRIC_PRESENTATION_REPRESENTATION (  '', ( #1182 ), #153 ) ;
#3660 = EDGE_CURVE ( 'NONE', #1189, #2837, #2576, .T. ) ;
#3661 = VECTOR ( 'NONE', #455, 1000.000000000000000 ) ;
#3662 = FILL_AREA_STYLE_COLOUR ( '', #2052 ) ;
#3663 = LINE ( 'NONE', #2213, #3409 ) ;
#3664 = UNCERTAINTY_MEASURE_WITH_UNIT (LENGTH_MEASURE( 1.000000000000000100E-005 ), #1548, 'distance_accuracy_value', 'NONE');
#3665 =( NAMED_UNIT ( * ) SI_UNIT ( $, .STERADIAN. ) SOLID_ANGLE_UNIT ( ) );
#3666 = LINE ( 'NONE', #3488, #704 ) ;
#3667 =( NAMED_UNIT ( * ) SI_UNIT ( $, .STERADIAN. ) SOLID_ANGLE_UNIT ( ) );
#3668 = ADVANCED_FACE ( 'NONE', ( #2140 ), #2879, .F. ) ;
#3669 = EDGE_LOOP ( 'NONE', ( #723, #1538, #217, #3301 ) ) ;
#3670 = CARTESIAN_POINT ( 'NONE',  ( -0.005000000000000000100, -0.4011999999999995600, 0.5309185204093028700 ) ) ;
#3671 = AXIS2_PLACEMENT_3D ( 'NONE', #2654, #1490, #1008 ) ;
#3672 = VERTEX_POINT ( 'NONE', #1705 ) ;
#3673 = UNCERTAINTY_MEASURE_WITH_UNIT (LENGTH_MEASURE( 1.000000000000000100E-005 ), #2118, 'distance_accuracy_value', 'NONE');
#3674 = PRODUCT ( 'CAR_KTRF5_6.3X11_D6.8L12.5S5F0.5', 'CAR_KTRF5_6.3X11_D6.8L12.5S5F0.5', '', ( #1220 ) ) ;
#3675 = PRESENTATION_STYLE_ASSIGNMENT (( #9 ) ) ;
#3676 =( GEOMETRIC_REPRESENTATION_CONTEXT ( 3 ) GLOBAL_UNCERTAINTY_ASSIGNED_CONTEXT ( ( #2245 ) ) GLOBAL_UNIT_ASSIGNED_CONTEXT ( ( #1031, #3058, #2153 ) ) REPRESENTATION_CONTEXT ( 'NONE', 'WORKASPACE' ) );
#3677 = CARTESIAN_POINT ( 'NONE',  ( -0.005000000000000000100, 0.4052604870040784600, 0.3120185789143117300 ) ) ;
#3678 = ORIENTED_EDGE ( 'NONE', *, *, #567, .F. ) ;
#3679 =( NAMED_UNIT ( * ) PLANE_ANGLE_UNIT ( ) SI_UNIT ( $, .RADIAN. ) );
#3680 = DIRECTION ( 'NONE',  ( 0.6097107608496940000, 0.7926239891045988600, 0.0000000000000000000 ) ) ;
#3681 = PRESENTATION_LAYER_ASSIGNMENT (  '', '', ( #3496 ) ) ;
#3682 = ORIENTED_EDGE ( 'NONE', *, *, #2546, .F. ) ;
#3683 = EDGE_CURVE ( 'NONE', #1819, #3423, #2765, .T. ) ;
#3684 = ORIENTED_EDGE ( 'NONE', *, *, #101, .F. ) ;
#3685 = FACE_OUTER_BOUND ( 'NONE', #1828, .T. ) ;
#3686 = ORIENTED_EDGE ( 'NONE', *, *, #1923, .F. ) ;
#3687 = LINE ( 'NONE', #1226, #1992 ) ;
#3688 = VECTOR ( 'NONE', #609, 1000.000000000000000 ) ;
#3689 = ADVANCED_FACE ( 'NONE', ( #3274 ), #3193, .F. ) ;
#3690 = UNCERTAINTY_MEASURE_WITH_UNIT (LENGTH_MEASURE( 1.000000000000000100E-005 ), #998, 'distance_accuracy_value', 'NONE');
#3691 = DIRECTION ( 'NONE',  ( 0.0000000000000000000, -2.492622510584343700E-016, -1.000000000000000000 ) ) ;
ENDSEC;
END-ISO-10303-21;
